# Acoustic Mesh Export
v 2.2464 0.6289 12.5332
v 2.2226 0.6789 13.0620
v -2.2226 0.6789 12.3580
v -2.2464 0.6289 12.8868
v -0.5196 -0.0011 10.5459
v -1.6924 -0.0011 11.2646
v -2.2187 -0.0011 12.5354
v -1.8976 -0.0011 13.8729
v -0.1661 -0.0011 14.8201
v 1.6924 -0.0011 14.1554
v 2.0582 -0.0011 12.2159
v 0.8517 -0.0011 10.6538
v -0.0300 0.3589 12.7100
v -0.0300 0.3889 12.7100
v 0.0300 0.3889 12.7100
v 0.0300 0.3589 12.7100
v -0.2104 0.3889 12.8034
v -0.0710 0.3889 12.7290
v -0.0605 0.3889 12.7005
v -0.0605 0.3589 12.7195
v -0.0750 0.3589 12.6970
v 0.2104 0.3889 12.6166
v 0.0710 0.3889 12.6910
v 0.0605 0.3889 12.7195
v 0.0605 0.3589 12.7005
v 0.0750 0.3589 12.7230
v 0.0310 0.3589 12.7100
v 0.0310 0.3889 12.7100
v -0.0310 0.3589 12.7100
v -0.0310 0.3889 12.7100
v -0.2399 0.4589 12.3185
v -0.0690 0.4589 12.4225
v -0.0217 0.2189 12.4348
v -0.5632 0.4437 12.7121
v -0.2229 0.4967 12.3536
v -0.4465 0.4589 12.8172
v -0.4236 0.4245 12.4779
v -0.4078 0.4967 12.8118
v -0.0360 0.4589 13.1677
v -0.0007 0.4055 13.0032
v -0.0469 0.4464 12.9887
v 0.1397 0.4339 12.9617
v 0.0543 0.2189 12.9826
v -0.0292 0.4967 13.1293
v 0.4242 0.4589 12.8857
v 0.5632 0.4438 12.7079
v 0.4236 0.4245 12.9421
v 0.3898 0.4967 12.8673
v 0.2982 0.4589 12.3609
v -0.0017 0.4152 12.1762
v 0.0007 0.4055 12.4168
v 0.1173 0.4339 12.4511
v 0.1792 0.4401 12.2547
v 0.2701 0.4967 12.3879
v -0.0297 0.4589 12.6615
v -0.9038 0.6289 10.9428
v -0.4413 0.4828 10.9204
v 0.0000 0.2189 12.5723
v -1.1577 0.6789 10.8208
v -0.4965 0.7370 10.5707
v -1.2693 0.0588 11.0950
v -1.3710 0.7368 11.0276
v -2.0265 0.6789 11.7762
v -1.7513 0.6289 11.6368
v -1.5081 0.4823 11.6229
v -2.1886 0.7139 13.0566
v -1.9550 0.7357 11.7370
v -2.1098 0.7139 12.7100
v -2.2503 0.6789 12.7100
v -2.0753 0.6789 12.7100
v -2.0550 0.6539 12.5477
v 0.0000 0.4089 12.4346
v -2.0498 0.6789 13.0347
v -1.2530 0.6289 14.1771
v -1.1764 0.2226 14.1602
v -1.7301 0.0114 13.7251
v -2.1657 0.6726 13.2749
v -1.9128 0.6789 13.8822
v -1.4570 0.6789 14.4159
v -0.5173 0.6789 14.8645
v -1.7759 0.7370 14.0936
v -0.1889 0.7370 14.8980
v -1.2481 0.4775 14.1742
v 0.4736 0.6289 14.6826
v -0.1853 0.0143 14.7944
v 0.5237 0.6789 14.8914
v 1.1722 0.6789 14.6228
v 1.3339 0.6289 14.2718
v 1.7059 0.6789 14.1670
v 1.1332 0.7370 14.5912
v -1.7386 0.4089 12.9854
v 1.8374 0.5089 13.0010
v 2.1306 0.6964 13.3126
v 1.9550 0.7357 13.6830
v 1.1470 0.4741 14.2867
v 2.1098 0.7139 12.7100
v 2.2503 0.6789 12.7100
v 2.1886 0.7139 12.3634
v 2.0753 0.6789 12.7100
v 2.0550 0.6539 12.8723
v 2.0498 0.6789 12.3854
v 1.7297 0.6289 11.6500
v 0.8890 0.1109 10.8459
v 1.2769 0.1063 14.2290
v 1.9128 0.6789 11.5378
v 2.1657 0.6726 12.1451
v 2.0893 0.7350 12.0734
v 1.1577 0.6789 10.8208
v 0.7763 0.6289 10.8358
v -0.1760 0.6789 10.4735
v 1.1770 0.7371 10.8044
v -0.1033 0.6800 12.6875
v 1.2481 0.4775 11.2458
v 0.1187 0.3589 12.2156
v 0.4153 0.4276 12.4798
v 0.4883 0.3589 12.5927
v -0.4153 0.4276 12.9402
v -0.4883 0.3589 12.8273
v -0.1150 0.4089 12.2311
v -4.3132 21.4389 14.3264
v -4.1832 22.3411 14.8076
v 3.9832 21.6274 14.4599
v 3.9832 22.3689 14.3127
v -5.9782 0.3089 3.4713
v -6.0307 0.3089 2.9977
v -5.8632 0.3089 3.0919
v -5.7826 0.3089 5.7002
v -5.5132 0.3089 2.9084
v -5.7432 0.3089 3.0719
v 5.4182 0.3089 2.8984
v 5.6232 0.3089 3.0919
v 5.5382 0.3089 3.2904
v 5.5382 0.3089 3.6723
v -4.3132 17.2389 14.3264
v -3.9832 17.4346 14.4992
v -4.1832 18.1411 14.8076
v -4.3132 13.0389 14.3264
v -4.1832 13.9411 14.8076
v -4.3132 9.3389 14.3264
v -3.9832 9.5346 14.4992
v -4.1832 10.2411 14.8076
v -4.3132 5.6389 14.3264
v -4.1832 6.5411 14.8076
v -4.3132 1.9389 14.3264
v -4.1832 2.8411 14.8076
v 3.9832 2.1274 14.4599
v 3.9832 5.8274 14.4599
v 3.9832 9.5274 14.4599
v 3.9832 13.2274 14.4599
v 3.9832 17.4274 14.4599
v -3.8171 23.8236 16.8628
v -2.7943 23.8236 18.6343
v 0.5114 23.8236 19.7244
v -5.2558 36.5232 7.6102
v -5.9137 36.2400 7.7653
v -6.0408 38.4286 6.4645
v -6.0525 36.7577 7.8103
v -5.8116 37.3242 7.5052
v -4.5840 37.7695 6.0681
v -7.1275 37.7695 6.7500
v -6.7104 36.5232 7.6285
v 2.7475 39.0567 11.3896
v 3.6137 37.7232 12.1729
v 0.0154 40.4544 12.3353
v 2.1346 38.9625 12.3341
v 2.6121 37.1503 13.6705
v -6.4314 36.2400 11.3038
v -6.4802 36.2400 10.4818
v -5.6492 36.2400 10.7272
v -5.2376 36.2400 11.1453
v -5.9959 36.2400 10.8837
v -6.4597 36.2400 11.2355
v 6.8674 36.2400 11.1453
v 6.7104 36.5232 7.6285
v 5.6450 36.2400 11.8197
v 5.9959 36.2400 10.8837
v 5.6492 36.2400 10.7272
v 6.4802 36.2400 10.4818
v 6.4314 36.2400 11.3038
v 4.5840 37.7695 6.0681
v 5.2558 36.5232 7.6102
v 5.8116 37.3242 7.5052
v 6.0642 38.4286 6.4645
v 6.0525 36.7577 7.8103
v 7.1275 37.7695 6.7500
v 3.9153 36.2389 15.6400
v -0.0000 36.2389 15.6400
v -3.5981 37.7650 12.1707
v -2.5755 36.2392 15.0668
v -0.1359 36.2389 16.3279
v -2.7901 37.7818 12.8471
v 3.8221 36.2392 11.9543
v 4.2832 23.8236 15.1363
v 7.3444 23.8236 10.7144
v 6.9847 23.8236 11.2950
v 5.8000 23.8236 12.1003
v -6.9847 23.8236 11.2950
v -5.8000 23.8236 12.1003
v -4.2832 23.8236 15.1363
v 3.9153 27.5489 22.1150
v 3.9153 27.4707 24.0712
v -3.9153 26.1172 24.8619
v -3.9153 26.1172 21.6900
v -3.9153 26.9389 23.7200
v -3.9153 26.9389 22.5400
v -3.9153 27.3589 23.7200
v -3.9153 26.9789 23.7200
v -3.9153 27.0539 22.4337
v -3.9153 27.8187 23.9159
v 3.9153 29.3607 24.8619
v 3.9153 28.5389 23.7600
v 3.9153 28.5389 23.7200
v 3.9153 28.9189 23.7200
v 3.9153 29.3607 21.6900
v 3.9153 28.5389 22.5400
v 3.9153 28.5330 23.8218
v 3.9153 28.4989 23.7600
v 3.9153 28.1189 23.7600
v 3.9153 28.3089 23.7200
v 3.9153 28.4989 22.5400
v 3.9153 28.1189 22.5400
v 0.0000 0.0289 15.6400
v 0.0000 0.0289 7.6750
v 2.2782 0.0289 7.5484
v -0.2381 0.0289 16.4451
v 8.1968 2.4789 4.9964
v 8.1968 4.3289 0.0100
v 4.2832 4.3289 12.3450
v 5.0523 4.3289 12.2700
v 5.8000 0.0289 12.1003
v 5.8000 4.3289 12.1003
v 6.4420 8.9539 11.7506
v 6.4420 4.3289 11.7506
v 6.9847 4.3289 11.2950
v 7.3444 4.3289 10.7144
v 7.6500 7.1039 10.1450
v 8.4968 4.3289 10.1450
v 8.1968 4.3289 9.4600
v -0.0000 4.3289 19.7917
v 1.0228 4.3289 19.6571
v 1.9759 8.9539 19.2623
v 3.3057 0.0289 17.7485
v 3.5429 11.5038 17.7965
v 8.1968 13.8289 4.9964
v 8.1968 22.9092 0.0100
v 4.2832 0.0289 15.1357
v 4.2832 14.0396 13.4332
v 5.0523 8.0289 12.2700
v 5.8000 8.0289 12.1003
v 6.4420 8.0289 11.7506
v 6.9847 8.0289 11.2950
v 7.3444 8.0289 10.7144
v 8.4968 8.0289 10.1450
v 8.1968 8.0289 9.4600
v 4.2832 0.6289 15.1363
v -0.0000 8.0289 19.7917
v 1.0228 8.0289 19.6571
v 3.9153 9.8789 15.6400
v 4.3132 6.7189 14.3263
v 4.2832 6.0502 14.9679
v 4.2832 6.1789 14.9881
v 4.2832 6.3077 14.9679
v 4.2832 6.4313 14.9072
v 4.1937 6.6759 14.6110
v 4.1840 5.6844 14.6130
v 4.1832 5.9265 14.9072
v 4.1832 6.2111 14.9729
v 4.3132 5.6389 14.3264
v 4.3132 6.0502 14.9679
v 4.3132 6.3077 14.9679
v 4.1832 6.5411 14.8076
v 4.2832 11.7289 15.1363
v 1.9759 9.8789 19.2623
v 1.0228 11.7289 19.6571
v -0.0000 11.7289 19.7917
v 8.1968 11.7289 9.4600
v 7.3444 11.7289 10.7144
v 6.9847 11.7289 11.2950
v 5.8000 11.7289 12.1003
v 5.0523 11.7289 12.2700
v 4.5632 11.7289 15.6400
v 4.3132 10.4190 14.3263
v 4.3132 9.3389 14.3264
v 4.2832 9.7502 14.9679
v 4.3132 9.7502 14.9679
v 4.2832 9.8789 14.9881
v 4.2832 10.0077 14.9679
v 4.3132 10.0077 14.9679
v 4.2832 10.1313 14.9072
v 4.1937 10.3759 14.6109
v 4.1832 10.2411 14.8076
v 4.1840 9.3844 14.6130
v 4.1832 9.6265 14.9072
v 4.1832 9.9111 14.9729
v 4.2832 15.4289 15.1363
v 4.2832 12.6539 12.3450
v 3.3057 23.8236 17.7485
v 1.9759 15.4289 19.2623
v 1.0228 15.4289 19.6571
v -0.0000 15.4289 19.7917
v 8.1968 15.4289 9.4600
v 7.6500 15.4289 10.1450
v 7.3444 15.4289 10.7144
v 6.9847 15.4289 11.2950
v 6.4420 15.4289 11.7506
v 5.8000 15.4289 12.1003
v 5.0523 15.4289 12.2700
v 4.3132 14.1190 14.3263
v 4.3132 13.0389 14.3264
v 4.2832 13.4502 14.9679
v 4.3132 13.4502 14.9679
v 4.2832 13.5789 14.9881
v 4.2832 13.7077 14.9679
v 4.3132 13.7077 14.9679
v 4.2832 13.8313 14.9072
v 4.1937 14.0759 14.6109
v 4.1832 13.9411 14.8076
v 4.1840 13.0844 14.6131
v 4.1832 13.3265 14.9072
v 4.2832 20.1289 15.1363
v 4.2832 20.1289 12.3450
v 1.0228 20.1289 19.6571
v -0.0000 20.1289 19.7917
v 8.1968 20.1289 9.4600
v 8.4968 14.7539 10.1450
v 7.3444 20.1289 10.7144
v 6.9847 20.1289 11.2950
v 6.4420 14.7539 11.7506
v 5.8000 20.1289 12.1003
v 5.0523 20.1289 12.2700
v 4.5632 17.7789 15.6400
v 4.3132 18.3190 14.3263
v 4.3132 17.2389 14.3264
v 4.2832 17.6502 14.9679
v 4.3132 17.6502 14.9679
v 4.2832 17.7789 14.9881
v 4.2832 17.9077 14.9679
v 4.3132 17.9077 14.9679
v 4.2832 18.0313 14.9072
v 4.1937 18.2759 14.6109
v 4.1832 18.1411 14.8076
v 4.1840 17.2844 14.6131
v 4.1832 17.5265 14.9072
v 5.0523 0.0289 12.2700
v 1.9759 0.6289 19.2623
v 1.0228 0.6289 19.6571
v -0.0000 0.6289 19.7917
v 8.1968 0.6289 9.4600
v 8.1968 0.0289 9.4600
v 7.6500 0.6289 10.1450
v 7.3444 0.6289 10.7144
v 6.9847 0.6289 11.2950
v 6.9847 0.0289 11.2950
v 6.4420 0.6289 11.7506
v 5.8000 0.6289 12.1003
v 5.0523 0.6289 12.2700
v 4.3132 3.0189 14.3263
v 4.3132 1.9389 14.3264
v 4.2832 2.3502 14.9679
v 4.3132 2.3502 14.9679
v 4.2832 2.4789 14.9881
v 4.2832 2.6077 14.9679
v 4.3132 2.6077 14.9679
v 4.2832 2.7313 14.9072
v 4.1937 2.9759 14.6110
v 4.1832 2.8411 14.8076
v 4.1840 1.9844 14.6130
v 4.1832 2.2265 14.9072
v 4.1832 2.5111 14.9729
v -8.1968 0.0289 9.4600
v -8.1968 3.4039 4.9964
v -4.2832 4.3289 15.1363
v -4.2832 4.3289 12.3450
v -4.2832 2.7267 14.4507
v -4.2832 0.0289 15.1357
v -4.2832 0.6289 15.1363
v -3.8171 0.6289 16.8628
v -3.8171 4.3289 16.8628
v -3.4223 0.6289 17.8159
v -3.4223 4.3289 17.8159
v -2.7943 0.6289 18.6343
v -2.7943 4.3289 18.6343
v -1.9759 0.6289 19.2623
v -1.9759 4.3289 19.2623
v -1.0228 0.6289 19.6571
v -1.0228 4.3289 19.6571
v -8.1968 4.3289 9.4600
v -8.1968 0.6289 9.4600
v -8.4968 4.3289 10.1450
v -7.6500 0.6289 10.1450
v -7.3444 0.6289 10.7144
v -7.3444 4.3289 10.7144
v -6.9847 0.6289 11.2950
v -6.9847 4.3289 11.2950
v -6.4420 0.6289 11.7506
v -6.4420 4.3289 11.7506
v -5.8000 0.6289 12.1003
v -5.8000 4.3289 12.1003
v -5.0523 0.6289 12.2700
v -5.0523 4.3289 12.2700
v -4.5632 0.6289 15.6400
v -8.1968 2.9034 3.5654
v -8.2268 1.9539 3.8917
v -8.1868 2.0595 4.2607
v -8.1482 1.9865 4.1792
v -8.2268 2.9938 3.9827
v -8.1559 2.9729 4.1784
v -7.9432 2.1436 4.1037
v -8.1468 2.8409 4.3678
v -7.9432 2.8144 4.1037
v -4.3132 3.0189 14.3263
v -4.1832 2.1168 14.8076
v -4.1840 1.9844 14.6130
v -4.3132 2.3502 14.9679
v -4.2832 2.3502 14.9679
v -4.2832 2.4789 14.9881
v -4.3132 2.6077 14.9679
v -4.2832 2.6077 14.9679
v -4.2832 2.7313 14.9072
v -3.9832 2.8689 14.3127
v -4.1832 2.2265 14.9072
v -8.1968 14.4935 1.4714
v -8.1968 17.7789 4.9964
v -4.2832 20.1289 15.1363
v -4.2832 20.1289 12.3450
v -4.2832 16.0460 13.8565
v -4.2832 15.4289 15.1363
v -3.9153 13.5789 15.6400
v -3.8171 15.4289 16.8628
v -3.8171 20.1289 16.8628
v -3.4223 15.4289 17.8159
v -3.4223 20.1289 17.8159
v -2.7943 15.4289 18.6343
v -2.7943 20.1289 18.6343
v -1.9759 13.5789 19.2623
v -1.0228 23.8236 19.6571
v -1.0228 15.4289 19.6571
v -1.0228 20.1289 19.6571
v -8.1968 20.1289 9.4600
v -8.1968 15.4289 9.4600
v -7.6500 15.4289 10.1450
v -7.3444 23.8236 10.7144
v -7.3444 15.4289 10.7144
v -7.3444 20.1289 10.7144
v -6.9847 15.4289 11.2950
v -6.9847 20.1289 11.2950
v -6.4420 15.4289 11.7506
v -6.4420 20.1289 11.7506
v -5.8000 15.4289 12.1003
v -5.8000 20.1289 12.1003
v -5.0523 15.4289 12.2700
v -5.0523 20.1289 12.2700
v -4.3132 18.3190 14.3263
v -4.1832 17.4168 14.8076
v -4.1840 17.2844 14.6131
v -4.3132 17.6502 14.9679
v -4.2832 17.6502 14.9679
v -4.2832 17.7789 14.9881
v -4.3132 17.9077 14.9679
v -4.2832 17.9077 14.9679
v -4.2832 18.0313 14.9072
v -3.9832 18.1689 14.3127
v -4.1832 17.5265 14.9072
v -8.1968 13.7121 4.3835
v -8.1968 11.7289 4.9964
v -4.2832 11.7289 15.1363
v -3.8171 11.7289 16.8628
v -3.4223 11.7289 17.8159
v -2.7943 11.7289 18.6343
v -1.0228 11.7289 19.6571
v -8.1968 11.7289 9.4600
v -8.4968 16.8539 10.1450
v -7.6500 7.1039 10.1450
v -7.3444 11.7289 10.7144
v -6.9847 11.7289 11.2950
v -6.4420 7.1039 11.7506
v -5.8000 11.7289 12.1003
v -5.0523 11.7289 12.2700
v -4.5632 16.8539 15.6400
v -8.2268 13.0539 3.8917
v -8.1868 13.1595 4.2607
v -8.1482 13.0866 4.1795
v -8.2268 14.0938 3.9827
v -8.1559 14.0729 4.1784
v -7.9432 13.2435 4.1037
v -8.1468 13.9409 4.3678
v -7.9432 13.9143 4.1037
v -4.3132 14.1190 14.3263
v -4.1832 13.2168 14.8076
v -4.1840 13.0844 14.6131
v -4.3132 13.4502 14.9679
v -4.2832 13.4502 14.9679
v -4.2832 13.5789 14.9881
v -4.3132 13.7077 14.9679
v -4.2832 13.7077 14.9679
v -4.2832 13.8313 14.9072
v -4.1937 14.0759 14.6109
v -3.9832 13.9689 14.3127
v -4.1832 13.3265 14.9072
v -4.2832 10.8039 12.3450
v -4.2832 6.8133 12.8753
v -4.2832 8.0289 15.1363
v -3.9153 3.4039 15.6400
v -3.8171 8.0289 16.8628
v -3.4223 8.0289 17.8159
v -2.7943 8.0289 18.6343
v -1.9759 6.1789 19.2623
v -1.9759 13.8289 19.2623
v -1.0228 8.0289 19.6571
v -8.1968 8.0289 9.4600
v -8.4968 8.0289 10.1450
v -7.3444 8.0289 10.7144
v -6.9847 8.0289 11.2950
v -6.4420 12.6539 11.7506
v -5.8000 8.0289 12.1003
v -5.0523 8.0289 12.2700
v -8.1968 7.4687 3.9771
v -8.2268 9.3539 3.8917
v -8.1868 9.4596 4.2607
v -8.1482 9.3865 4.1792
v -8.2268 10.3938 3.9827
v -8.1559 10.3730 4.1784
v -7.9432 9.5435 4.1037
v -8.1468 10.2409 4.3678
v -7.9432 10.2143 4.1037
v -4.3132 10.4190 14.3263
v -4.1832 9.5168 14.8076
v -4.1840 9.3844 14.6130
v -4.3132 9.7502 14.9679
v -4.2832 9.7502 14.9679
v -4.2832 9.8789 14.9881
v -4.3132 10.0077 14.9679
v -4.2832 10.0077 14.9679
v -4.2832 10.1313 14.9072
v -4.1937 10.3759 14.6109
v -3.9832 10.2689 14.3127
v -4.1832 9.6265 14.9072
v -4.1832 9.9111 14.9729
v -4.2832 6.4267 14.4507
v -8.2268 5.6539 3.8917
v -8.1868 5.7596 4.2607
v -8.1482 5.6865 4.1792
v -8.2268 6.6938 3.9827
v -8.1559 6.6729 4.1784
v -7.9432 5.8436 4.1037
v -8.1468 6.5409 4.3678
v -7.9432 6.5144 4.1037
v -4.3132 6.7189 14.3263
v -4.1832 5.8168 14.8076
v -4.1840 5.6844 14.6130
v -4.3132 6.0502 14.9679
v -4.2832 6.0502 14.9679
v -4.2832 6.1789 14.9881
v -4.3132 6.3077 14.9679
v -4.2832 6.3077 14.9679
v -4.2832 6.4313 14.9072
v -3.9832 6.5689 14.3127
v -4.1832 5.9265 14.9072
v -4.1832 6.2111 14.9729
v 5.7432 0.3089 3.6548
v 5.6232 0.3089 4.2376
v 5.5382 0.3089 4.0517
v 5.6632 0.3089 4.1977
v 5.9644 0.3089 5.3777
v 5.6232 0.3089 4.6195
v 5.5382 0.3089 4.4461
v 5.6232 0.3089 5.0014
v 5.5382 0.3089 4.8180
v 5.7632 0.3089 4.7025
v 1.1625 0.4159 4.7995
v 0.2823 0.4159 5.0980
v 1.2071 0.4159 4.5896
v 1.3799 0.4159 4.3953
v 0.0000 0.4519 3.7520
v 0.0000 0.4519 3.4945
v 0.1155 0.4519 1.7288
v 0.0121 0.4159 3.9500
v -0.0242 0.4159 3.9500
v -1.6340 0.4339 3.8510
v -0.6074 0.4159 4.4126
v -1.4619 0.4159 4.1351
v -1.2071 0.4159 4.5896
v -5.9832 0.3089 4.5391
v -5.9957 0.3089 4.8117
v -6.0307 0.3089 4.1912
v -5.4850 0.3089 5.3003
v -5.6232 0.3089 5.0014
v -5.8632 0.3089 5.0014
v -5.7432 0.3089 4.9914
v -5.6232 0.3089 4.6195
v -5.6032 0.3089 4.8105
v -5.8632 0.3089 4.6195
v -5.7432 0.3089 4.6095
v -5.6232 0.3089 4.2376
v -5.5082 0.3089 4.5266
v -5.8632 0.3089 4.2376
v -5.5057 0.3089 4.0166
v -5.7432 0.3089 4.0317
v -5.6032 0.3089 3.6648
v -5.8832 0.3089 3.6648
v -5.7432 0.3089 3.4538
v -3.1018 0.0289 5.3465
v -5.0523 0.0289 12.2700
v -5.8000 0.0289 12.1003
v -6.9847 0.0289 11.2950
v -3.8171 0.0289 16.8628
v 0.0000 0.0289 19.6571
v -2.7943 0.0289 18.6343
v -8.1968 23.8236 9.4600
v 8.1968 23.8236 9.4600
v -4.3132 22.5190 14.3263
v -4.1832 21.6168 14.8076
v -4.1840 21.4844 14.6131
v -4.2832 21.8502 14.9679
v -4.3132 21.8502 14.9679
v -4.2832 21.9789 14.9881
v -4.2832 22.1077 14.9679
v -4.3132 22.1077 14.9679
v -4.2832 22.2313 14.9072
v -3.9832 22.3689 14.3127
v -4.1832 21.7265 14.9072
v -4.1832 22.0111 14.9729
v 4.3132 22.5190 14.3263
v 4.3132 21.4389 14.3264
v 4.2832 21.8502 14.9679
v 4.3132 21.8502 14.9679
v 4.2832 21.9789 14.9881
v 4.2832 22.1077 14.9679
v 4.3132 22.1077 14.9679
v 4.2832 22.2313 14.9072
v 4.1937 22.4759 14.6109
v 4.1832 22.3411 14.8076
v 4.1840 21.4844 14.6131
v 4.1832 21.7265 14.9072
v 1.0849 0.0289 14.3944
v -0.1212 0.0289 11.5860
v -3.9832 21.6346 14.4992
v 4.1832 21.6168 14.8076
v -5.7313 0.3089 5.5690
v -5.8043 0.3089 5.4495
v 5.5806 0.3089 5.5797
v 5.8395 0.3089 5.0467
v -3.9832 2.1346 14.4992
v -3.9832 13.2346 14.4992
v -3.9832 5.8346 14.4992
v 4.1832 2.1168 14.8076
v 3.9832 2.8689 14.3127
v 4.1832 17.4168 14.8076
v 3.9832 18.1689 14.3127
v 4.1832 13.2168 14.8076
v 3.9832 13.9689 14.3127
v 4.1832 9.5168 14.8076
v 3.9832 10.2689 14.3127
v 4.1832 5.8168 14.8076
v 3.9832 6.5689 14.3127
v -5.6232 0.3089 3.0919
v -5.6232 0.3089 3.4738
v -5.6232 0.3089 3.8557
v -5.8632 0.3089 3.4738
v -5.8632 0.3089 3.8557
v -5.5082 0.3089 3.3758
v 5.6232 0.3089 3.4738
v 5.6232 0.3089 3.8557
v 5.9720 0.3089 3.3144
v 5.9137 36.2400 7.7653
v 4.1832 13.6111 14.9729
v 4.1832 17.8111 14.9729
v -4.1937 2.9759 14.6110
v -4.1832 2.5111 14.9729
v -4.1937 18.2759 14.6109
v -4.1832 17.8111 14.9729
v -4.1832 13.6111 14.9729
v -4.1937 6.6759 14.6110
v 1.6340 0.4339 3.8510
v -1.3040 0.4159 4.6567
v -4.1937 22.4759 14.6109
v 4.1832 22.0111 14.9729
v -6.1916 38.3441 0.0136
v -3.8687 36.2393 11.3887
v -3.5051 38.0126 0.0204
v -2.1124 38.9640 12.3341
v 1.1139 40.0128 0.0206
v 5.9134 38.3441 -0.0022
v 0.0000 23.9689 1.1500
v -0.0597 23.3629 1.1500
v 5.4833 23.9978 3.6100
v 7.7000 28.1136 3.6100
v 5.7500 27.7389 3.6100
v 0.4775 24.3439 1.1500
v -1.1681 37.6829 2.5800
v -2.8037 24.3439 1.1500
v 0.4032 39.0807 2.5800
v 2.4653 38.0361 2.5800
v 0.0435 38.3656 2.5800
v 5.0444 28.9889 3.6100
v -1.5425 30.8639 1.5800
v -2.8300 30.2639 1.5800
v -3.5913 30.8889 1.5800
v -2.8875 30.3639 1.5800
v 4.1100 29.0139 3.6600
v 5.7450 25.2639 3.6600
v 5.5263 30.2552 3.6600
v 3.8800 29.0139 3.6600
v -5.7500 22.4464 0.1600
v -7.3532 22.3902 0.1600
v -5.8456 26.1422 0.1600
v 0.1290 11.1961 0.0100
v -5.7500 8.9539 0.1600
v -1.9495 2.3633 0.0100
v 3.4200 8.2602 0.0100
v 5.7500 14.3346 0.1600
v 7.3532 12.6539 0.1600
v -1.3127 13.2300 0.0100
v -7.3532 5.4852 0.1600
v 4.8612 17.5010 0.1600
v -5.7904 1.0914 0.1600
v -4.8821 12.7946 0.1600
v 5.7904 3.9820 0.1600
v -4.2275 21.0627 0.1600
v -4.1303 20.3410 4.1180
v -3.6948 20.3483 4.1168
v -3.7032 20.4516 4.4312
v -4.1785 20.1538 4.1200
v -3.8087 20.3692 4.0500
v -3.9082 20.3889 4.0500
v -4.0077 20.3692 4.0500
v -4.0921 20.3128 4.0500
v -4.1484 20.2284 4.0500
v -4.1682 20.1289 4.0500
v -3.6428 20.0792 4.1450
v -3.6680 20.2284 4.0500
v -3.7243 20.3128 4.0500
v -4.1263 20.3424 0.5863
v -4.1835 20.1289 0.5950
v -3.6948 20.3471 0.5863
v -3.9790 20.3726 0.5088
v -3.6748 20.2209 0.5188
v -3.8087 20.3692 0.6500
v -3.9082 20.3889 0.6500
v -4.0077 20.3692 0.6500
v -4.0921 20.3128 0.6500
v -4.1484 20.2284 0.6500
v -4.1810 20.1165 0.5838
v -3.6482 20.1289 0.6500
v -3.6680 20.2284 0.6500
v -3.7243 20.3128 0.6500
v -3.8958 20.4018 0.5838
v -4.2882 19.7589 4.7300
v -4.0051 23.7121 4.0700
v -4.4073 23.6544 4.0700
v -3.9297 23.8390 4.7405
v -3.3970 24.3420 4.9767
v -3.6053 23.1276 4.9767
v -4.5791 23.6916 4.9534
v -4.3850 23.6375 5.1300
v -3.9000 24.5503 5.0833
v -3.1886 23.8389 5.0833
v -3.7743 24.3324 5.2495
v -4.2457 23.6080 4.0700
v -4.2033 23.6039 0.0100
v -4.1350 23.5356 0.0100
v -4.1310 23.4933 0.0100
v -4.1941 23.5448 4.0700
v -4.1600 23.5289 0.0100
v -4.1850 23.5356 0.0100
v -4.2033 23.5539 0.0100
v -4.2100 23.5789 0.0100
v -4.0633 23.4256 4.0700
v -3.9957 23.3580 0.0100
v -3.9000 23.3389 0.0100
v -4.0768 23.4122 0.0100
v -3.5967 23.6039 0.0100
v -3.5543 23.6080 0.0100
v -3.5543 23.6080 4.0700
v -3.6690 23.4933 0.0100
v -3.6650 23.5356 0.0100
v -3.7367 23.4256 4.0700
v -3.6400 23.5289 0.0100
v -3.6150 23.5356 0.0100
v -3.5967 23.5539 0.0100
v -3.5900 23.5789 0.0100
v -3.6059 23.5448 4.0700
v -3.8043 23.3580 0.0100
v -3.7232 23.4122 0.0100
v -3.4732 23.6622 0.0100
v -3.4190 23.7433 0.0100
v -3.4000 23.8389 0.0100
v -3.4190 23.7433 4.0700
v -4.3165 23.8389 4.0700
v -4.4073 24.0235 4.0700
v -4.2457 23.6080 3.6100
v -4.3268 23.6622 3.6100
v -4.1310 23.4933 3.6100
v -4.1350 23.5356 3.6100
v -4.1850 23.5356 3.6100
v -4.2033 23.5539 3.6100
v -4.2100 23.5789 3.6100
v -3.9957 23.3580 3.6100
v -4.0768 23.4122 3.6100
v -3.5543 23.6080 3.6100
v -3.6690 23.4933 3.6100
v -3.6400 23.5289 3.6100
v -3.6150 23.5356 3.6100
v -3.5967 23.5539 3.6100
v -3.8043 23.3580 3.6100
v -3.7232 23.4122 3.6100
v -3.4732 23.6622 3.6100
v -3.4190 23.7433 3.6100
v -4.2457 23.6080 3.3100
v -4.2862 23.6351 1.4535
v -4.2033 23.6039 3.3100
v -4.1350 23.5356 3.3100
v -4.1310 23.4933 3.3100
v -4.1600 23.5289 3.4600
v -4.1850 23.5356 3.3100
v -4.2033 23.5539 3.3100
v -4.2100 23.5789 3.3100
v -3.9957 23.3580 3.3100
v -3.9000 23.3389 3.3100
v -4.0768 23.4122 3.3100
v -3.5543 23.6080 3.3100
v -3.5967 23.6039 3.3100
v -3.6650 23.5356 3.4600
v -3.6690 23.4933 3.3100
v -3.6400 23.5289 3.3100
v -3.6150 23.5356 3.3100
v -3.5967 23.5539 3.3100
v -3.5900 23.5789 3.4600
v -3.8043 23.3580 3.3100
v -3.7232 23.4122 3.3100
v -3.4732 23.6622 3.3100
v -3.4190 23.7433 3.3100
v -3.4000 23.8389 3.4600
v 4.2457 23.6080 3.3100
v 4.2457 23.6080 0.0100
v 4.3268 23.6622 3.1035
v 4.2457 23.6080 3.6100
v 4.2457 23.6080 4.0700
v 4.2033 23.6039 3.3100
v 4.2033 23.6039 0.0100
v 4.1310 23.4933 3.6100
v 4.1310 23.4933 3.3100
v 4.1350 23.5356 3.3100
v 4.1350 23.5356 3.6100
v 4.1350 23.5356 0.0100
v 4.1310 23.4933 0.0100
v 4.1600 23.5289 3.4600
v 4.1600 23.5289 0.0100
v 4.1850 23.5356 3.3100
v 4.1850 23.5356 3.6100
v 4.1850 23.5356 0.0100
v 4.2033 23.5539 3.3100
v 4.2033 23.5539 3.6100
v 4.2033 23.5539 0.0100
v 4.2100 23.5789 3.3100
v 4.2100 23.5789 3.6100
v 4.2100 23.5789 0.0100
v 3.7367 23.4256 4.0700
v 3.9000 23.3389 3.3100
v 3.9957 23.3580 3.3100
v 3.9957 23.3580 3.6100
v 3.9957 23.3580 0.0100
v 3.9000 23.3389 0.0100
v 4.0768 23.4122 3.3100
v 4.0768 23.4122 3.6100
v 4.0768 23.4122 0.0100
v 3.5543 23.6080 4.0700
v 3.5543 23.6080 3.6100
v 3.5543 23.6080 3.3100
v 3.5967 23.6039 3.3100
v 3.5967 23.6039 0.0100
v 3.5543 23.6080 0.0100
v 3.6690 23.4933 3.6100
v 3.6650 23.5356 3.4600
v 3.6690 23.4933 3.3100
v 3.6690 23.4933 0.0100
v 3.6650 23.5356 0.0100
v 3.6400 23.5289 3.6100
v 3.6400 23.5289 3.3100
v 3.6400 23.5289 0.0100
v 3.6150 23.5356 3.6100
v 3.6150 23.5356 3.3100
v 3.6150 23.5356 0.0100
v 3.5967 23.5539 3.6100
v 3.5967 23.5539 3.3100
v 3.5967 23.5539 0.0100
v 3.5900 23.5789 3.4600
v 3.5900 23.5789 0.0100
v 3.8043 23.3580 3.6100
v 3.8043 23.3580 3.3100
v 3.8043 23.3580 0.0100
v 3.7232 23.4122 3.6100
v 3.7232 23.4122 3.3100
v 3.7232 23.4122 0.0100
v 3.4732 23.6622 3.6100
v 3.4732 23.6622 3.3100
v 3.4732 23.6622 0.0100
v 3.4190 23.7433 3.6100
v 3.4190 23.7433 3.3100
v 3.4190 23.7433 0.0100
v 3.4000 23.8389 3.6100
v 3.4000 23.8389 1.6600
v 4.0633 23.4256 4.0700
v 4.1941 23.5448 4.0700
v 3.6059 23.5448 4.0700
v 3.4190 23.7433 4.0700
v 4.4073 23.6800 4.0700
v 3.7743 24.3324 5.2495
v 4.4073 24.0235 4.0700
v 4.0794 23.6596 4.0700
v 3.9297 23.8390 4.7405
v 4.3850 23.6375 5.1300
v 4.4646 24.0728 14.8600
v 4.1339 24.4036 14.8900
v 4.1339 24.4036 14.8600
v 4.1172 24.3633 14.7400
v 4.4749 23.5874 4.9534
v 3.3970 24.3420 4.9767
v 3.6053 23.1276 4.9767
v 3.9000 24.5503 5.0833
v 3.1886 23.5443 5.0833
v 4.2882 20.4989 4.7300
v 3.7032 20.4516 4.4312
v 4.1736 20.1787 4.1200
v 4.2334 19.9315 4.4313
v 4.1303 20.3410 4.1180
v 4.1682 20.1289 4.0500
v 4.1484 20.2284 4.0500
v 3.6680 20.2284 4.0500
v 3.6428 20.1787 4.1450
v 3.6176 20.1289 0.5950
v 4.1484 20.2284 0.6500
v 4.1835 20.1289 0.5950
v 3.6482 20.1289 0.6500
v 3.6680 20.2284 0.6500
v 3.5182 20.1289 0.3100
v 3.5182 20.1289 0.1600
v 3.6948 20.3483 4.1168
v 3.8087 20.3692 4.0500
v 3.9082 20.3966 4.1125
v 3.9082 20.3889 4.0500
v 4.0077 20.3692 4.0500
v 4.0921 20.3128 4.0500
v 3.7243 20.3128 4.0500
v 4.1263 20.3424 0.5863
v 3.6948 20.3471 0.5863
v 3.8087 20.3692 0.6500
v 3.8958 20.4018 0.5838
v 3.9082 20.3889 0.6500
v 4.0077 20.3692 0.6500
v 4.0921 20.3128 0.6500
v 3.7243 20.3128 0.6500
v 3.6466 20.1787 0.5188
v 3.9790 20.3726 0.5088
v -4.1758 4.3289 4.1125
v -4.1275 4.5411 4.1215
v -3.6958 4.5474 4.1224
v -3.9082 4.6042 4.1325
v -4.2358 4.5139 4.4312
v -4.1209 4.1106 4.1218
v -3.9082 4.0536 4.1325
v -3.6907 4.1152 4.1222
v -3.5656 4.5139 4.4312
v -3.8087 4.5692 4.0500
v -3.9082 4.5889 4.0500
v -4.0077 4.5692 4.0500
v -4.0921 4.5128 4.0500
v -4.1484 4.4284 4.0500
v -4.1682 4.3289 4.0500
v -4.1484 4.2294 4.0500
v -4.0921 4.1451 4.0500
v -4.0077 4.0887 4.0500
v -3.9082 4.0689 4.0500
v -3.8087 4.0887 4.0500
v -3.7243 4.1451 4.0500
v -3.6680 4.2294 4.0500
v -3.6482 4.3289 4.0500
v -3.6680 4.4284 4.0500
v -3.7243 4.5128 4.0500
v -4.1263 4.5424 0.5863
v -4.1216 4.1108 0.5863
v -3.6901 4.1155 0.5863
v -3.6948 4.5471 0.5863
v -3.9790 4.5726 0.5088
v -4.1835 4.3289 0.5450
v -3.9082 4.0384 0.5950
v -3.6176 4.3289 0.5950
v -3.8087 4.5692 0.6500
v -3.9082 4.5889 0.6500
v -4.0077 4.5692 0.6500
v -4.0921 4.5128 0.6500
v -4.1484 4.4284 0.6500
v -4.1682 4.3289 0.6500
v -4.1484 4.2294 0.6500
v -4.0921 4.1451 0.6500
v -4.0077 4.0887 0.6500
v -3.9082 4.0689 0.6500
v -3.8087 4.0887 0.6500
v -3.7243 4.1451 0.6500
v -3.6680 4.2294 0.6500
v -3.6482 4.3289 0.6500
v -3.6680 4.4284 0.6500
v -3.7243 4.5128 0.6500
v -3.8958 4.6017 0.5838
v -4.1810 4.3413 0.5838
v -3.9206 4.0561 0.5838
v -3.7665 4.1169 0.4500
v -3.6962 4.4706 0.4500
v -3.6354 4.3165 0.5838
v -3.9082 4.0613 4.1125
v 3.9082 4.0536 4.1325
v 4.1211 4.1100 4.1213
v 3.7032 4.6516 4.4312
v 3.6965 4.5486 4.1221
v 4.1263 4.5419 4.1218
v 3.6902 4.1160 4.1224
v 3.8087 4.5692 4.0500
v 3.9082 4.5966 4.1125
v 3.9082 4.5889 4.0500
v 4.0077 4.5692 4.0500
v 4.0921 4.5128 4.0500
v 4.1484 4.4284 4.0500
v 4.1682 4.3289 4.0500
v 4.1484 4.2294 4.0500
v 4.0921 4.1451 4.0500
v 4.0077 4.0887 4.0500
v 3.9082 4.0613 4.1125
v 3.9082 4.0689 4.0500
v 3.8087 4.0887 4.0500
v 3.7243 4.1451 4.0500
v 3.6680 4.2294 4.0500
v 3.6482 4.3289 4.0500
v 3.6406 4.3289 4.1125
v 3.6680 4.4284 4.0500
v 3.7243 4.5128 4.0500
v 4.1263 4.5424 0.5863
v 4.1216 4.1108 0.5863
v 3.6901 4.1155 0.5863
v 3.6948 4.5471 0.5863
v 3.8087 4.5692 0.6500
v 3.9082 4.5889 0.6500
v 3.8958 4.6017 0.5838
v 4.0077 4.5692 0.6500
v 4.0921 4.5128 0.6500
v 4.1484 4.4284 0.6500
v 4.1835 4.3289 4.1050
v 4.1810 4.3413 0.5838
v 4.1484 4.2294 0.6500
v 4.0921 4.1451 0.6500
v 4.0077 4.0887 0.6500
v 3.9206 4.0561 0.5838
v 3.9082 4.0689 0.6500
v 3.8087 4.0887 0.6500
v 3.7243 4.1451 0.6500
v 3.6680 4.2294 0.6500
v 3.6354 4.3165 0.5838
v 3.6482 4.3289 0.6500
v 3.6680 4.4284 0.6500
v 3.7243 4.5128 0.6500
v 4.2258 4.5039 0.4275
v 3.9082 4.6195 0.5950
v 3.5914 4.5393 0.4038
v 4.0499 4.5410 0.4500
v 3.9082 4.0384 0.5950
v 3.7665 4.1169 0.4500
v 4.1785 8.0538 4.1325
v 3.7032 8.3516 4.4312
v 4.1242 7.8111 4.1180
v 4.1279 8.2427 4.1164
v 3.6884 7.8154 4.1168
v 3.6922 8.2468 4.1184
v 3.8087 8.2692 4.0500
v 3.9082 8.3042 4.1050
v 3.9082 8.2889 4.0500
v 4.0077 8.2692 4.0500
v 4.0921 8.2128 4.0500
v 4.1484 8.1284 4.0500
v 4.1682 8.0289 4.0500
v 4.1484 7.9294 4.0500
v 4.0921 7.8451 4.0500
v 4.0077 7.7887 4.0500
v 3.9082 7.7613 4.1125
v 3.9082 7.7689 4.0500
v 3.8087 7.7887 4.0500
v 3.7243 7.8451 4.0500
v 3.6680 7.9294 4.0500
v 3.6482 8.0289 4.0500
v 3.6455 8.0538 4.1125
v 3.6680 8.1284 4.0500
v 3.7243 8.2128 4.0500
v 4.1263 8.2424 0.5863
v 4.1216 7.8108 0.5863
v 3.6901 7.8155 0.5863
v 3.6948 8.2471 0.5863
v 3.8087 8.2692 0.6500
v 3.9082 8.2889 0.6500
v 3.8958 8.3017 0.5838
v 4.0077 8.2692 0.6500
v 4.0921 8.2128 0.6500
v 4.1484 8.1284 0.6500
v 4.1810 8.0413 0.5838
v 4.1709 8.0040 4.1125
v 4.1484 7.9294 0.6500
v 4.0921 7.8451 0.6500
v 4.0077 7.7887 0.6500
v 3.9082 7.7689 0.6500
v 3.9206 7.7561 0.5838
v 3.8087 7.7887 0.6500
v 3.7243 7.8451 0.6500
v 3.6680 7.9294 0.6500
v 3.6482 8.0289 0.6500
v 3.6354 8.0165 0.5838
v 3.6680 8.1284 0.6500
v 3.7243 8.2128 0.6500
v 4.2258 8.2039 0.4275
v 3.9082 8.3195 0.5950
v 3.5914 8.2393 0.4038
v 4.0499 8.2410 0.4500
v 3.9082 7.7384 0.5950
v 3.7665 7.8169 0.4500
v -3.9082 8.2965 4.1125
v -3.9082 7.7613 4.1125
v -4.1736 7.9792 4.1450
v -4.1279 8.2427 4.1164
v -4.1242 7.8111 4.1180
v -3.6884 7.8154 4.1168
v -3.6922 8.2468 4.1184
v -3.9082 8.3042 4.1325
v -4.1785 8.0538 4.1325
v -4.0982 7.7063 4.4312
v -3.5680 7.8315 4.4312
v -3.8087 8.2692 4.0500
v -3.9082 8.2889 4.0500
v -4.0077 8.2692 4.0500
v -4.0921 8.2128 4.0500
v -4.1484 8.1284 4.0500
v -4.1682 8.0289 4.0500
v -4.1484 7.9294 4.0500
v -4.0921 7.8451 4.0500
v -4.0077 7.7887 4.0500
v -3.9082 7.7689 4.0500
v -3.8087 7.7887 4.0500
v -3.7243 7.8451 4.0500
v -3.6680 7.9294 4.0500
v -3.6482 8.0289 4.0500
v -3.6680 8.1284 4.0500
v -3.7243 8.2128 4.0500
v -4.1263 8.2424 0.5863
v -4.1216 7.8108 0.5863
v -3.6901 7.8155 0.5863
v -3.6948 8.2471 0.5863
v -3.9082 8.3195 0.5950
v -4.1988 8.0289 0.5950
v -3.8374 7.7853 0.5088
v -3.6645 8.0998 0.4975
v -3.8087 8.2692 0.6500
v -3.9082 8.2889 0.6500
v -4.0077 8.2692 0.6500
v -4.0921 8.2128 0.6500
v -4.1484 8.1284 0.6500
v -4.1682 8.0289 0.6500
v -4.1484 7.9294 0.6500
v -4.0921 7.8451 0.6500
v -4.0077 7.7887 0.6500
v -3.9082 7.7689 0.6500
v -3.8087 7.7887 0.6500
v -3.7243 7.8451 0.6500
v -3.6680 7.9294 0.6500
v -3.6482 8.0289 0.6500
v -3.6680 8.1284 0.6500
v -3.7243 8.2128 0.6500
v -3.8958 8.3017 0.5838
v -4.0499 8.2410 0.4500
v -4.1810 8.0413 0.5838
v -4.1202 7.8873 0.4500
v -3.9206 7.7561 0.5838
v -3.6354 8.0165 0.5838
v 4.1835 11.7289 4.1325
v 4.1209 11.5106 4.1218
v 3.6955 11.9480 4.1218
v 4.1264 11.9418 4.1218
v 3.6902 11.5160 4.1224
v 3.8087 11.9692 4.0500
v 3.9082 11.9889 4.0500
v 3.9082 11.9966 4.1125
v 4.0077 11.9692 4.0500
v 4.0921 11.9128 4.0500
v 4.1484 11.8284 4.0500
v 4.1682 11.7289 4.0500
v 4.1484 11.6294 4.0500
v 4.0921 11.5451 4.0500
v 4.0077 11.4887 4.0500
v 3.9082 11.4613 4.1125
v 3.9082 11.4689 4.0500
v 3.8087 11.4887 4.0500
v 3.7243 11.5451 4.0500
v 3.6680 11.6294 4.0500
v 3.6329 11.7289 4.1050
v 3.6482 11.7289 4.0500
v 3.6680 11.8284 4.0500
v 3.7243 11.9128 4.0500
v 4.1263 11.9424 0.5863
v 4.1216 11.5108 0.5863
v 3.6901 11.5155 0.5863
v 3.6948 11.9471 0.5863
v 3.8087 11.9692 0.6500
v 3.9082 11.9889 0.6500
v 3.8958 12.0018 0.5838
v 4.0077 11.9692 0.6500
v 4.0921 11.9128 0.6500
v 4.1484 11.8284 0.6500
v 4.1810 11.7414 0.5838
v 4.1758 11.7289 4.1125
v 4.1484 11.6294 0.6500
v 4.0921 11.5451 0.6500
v 4.0077 11.4887 0.6500
v 3.9206 11.4561 0.5838
v 3.9082 11.4689 0.6500
v 3.8087 11.4887 0.6500
v 3.7243 11.5451 0.6500
v 3.6680 11.6294 0.6500
v 3.6354 11.7165 0.5838
v 3.6482 11.7289 0.6500
v 3.6680 11.8284 0.6500
v 3.7243 11.9128 0.6500
v 4.2258 11.9039 0.4275
v 3.9082 12.0195 0.5950
v 3.5914 11.9394 0.4038
v 4.0499 11.9410 0.4500
v 3.9082 11.4384 0.5950
v 3.7665 11.5169 0.4500
v -3.9082 11.9966 4.1125
v -4.1758 11.7289 4.1125
v -4.1264 11.9418 4.1218
v -3.6957 11.9474 4.1224
v -3.9082 12.0042 4.1325
v -4.1835 11.7289 4.1325
v -4.1209 11.5106 4.1218
v -3.9082 11.4536 4.1325
v -3.6907 11.5152 4.1222
v -3.6329 11.7289 4.1325
v -3.8087 11.9692 4.0500
v -3.9082 11.9889 4.0500
v -4.0077 11.9692 4.0500
v -4.0921 11.9128 4.0500
v -4.1484 11.8284 4.0500
v -4.1682 11.7289 4.0500
v -4.1484 11.6294 4.0500
v -4.0921 11.5451 4.0500
v -4.0077 11.4887 4.0500
v -3.9082 11.4689 4.0500
v -3.8087 11.4887 4.0500
v -3.7243 11.5451 4.0500
v -3.6680 11.6294 4.0500
v -3.6482 11.7289 4.0500
v -3.6680 11.8284 4.0500
v -3.7243 11.9128 4.0500
v -4.1263 11.9424 0.5863
v -4.1216 11.5108 0.5863
v -3.6901 11.5155 0.5863
v -3.6948 11.9471 0.5863
v -3.9790 11.9726 0.5088
v -4.1835 11.7289 0.5450
v -3.8374 11.4853 0.5088
v -3.6253 11.7289 0.5875
v -3.8087 11.9692 0.6500
v -3.9082 11.9889 0.6500
v -4.0077 11.9692 0.6500
v -4.0921 11.9128 0.6500
v -4.1484 11.8284 0.6500
v -4.1682 11.7289 0.6500
v -4.1484 11.6294 0.6500
v -4.0921 11.5451 0.6500
v -4.0077 11.4887 0.6500
v -3.9082 11.4689 0.6500
v -3.8087 11.4887 0.6500
v -3.7243 11.5451 0.6500
v -3.6680 11.6294 0.6500
v -3.6482 11.7289 0.6500
v -3.6680 11.8284 0.6500
v -3.7243 11.9128 0.6500
v -4.1810 11.7414 0.5838
v -3.9206 11.4561 0.5838
v -3.5182 11.3789 0.3100
v -3.8958 12.0018 0.5838
v -3.6354 11.7165 0.5838
v 4.1785 15.4538 4.1325
v 4.1242 15.2111 4.1180
v 4.1279 15.6426 4.1164
v 3.6884 15.2154 4.1169
v 3.6921 15.6467 4.1184
v 3.8087 15.6692 4.0500
v 3.9082 15.6966 4.1125
v 3.9082 15.6889 4.0500
v 4.0077 15.6692 4.0500
v 4.0921 15.6128 4.0500
v 4.1484 15.5284 4.0500
v 4.1682 15.4289 4.0500
v 4.1484 15.3294 4.0500
v 4.0921 15.2451 4.0500
v 4.0077 15.1887 4.0500
v 3.9082 15.1613 4.1125
v 3.9082 15.1689 4.0500
v 3.8087 15.1887 4.0500
v 3.7243 15.2451 4.0500
v 3.6680 15.3294 4.0500
v 3.6482 15.4289 4.0500
v 3.6455 15.4538 4.1125
v 3.6680 15.5284 4.0500
v 3.7243 15.6128 4.0500
v 4.1263 15.6424 0.5863
v 4.1216 15.2108 0.5863
v 3.6901 15.2155 0.5863
v 3.6948 15.6471 0.5863
v 3.8087 15.6692 0.6500
v 3.9082 15.6889 0.6500
v 3.8958 15.7018 0.5838
v 4.0077 15.6692 0.6500
v 4.0921 15.6128 0.6500
v 4.1484 15.5284 0.6500
v 4.1810 15.4414 0.5838
v 4.1709 15.4041 4.1125
v 4.1484 15.3294 0.6500
v 4.0921 15.2451 0.6500
v 4.0077 15.1887 0.6500
v 3.9206 15.1561 0.5838
v 3.9082 15.1689 0.6500
v 3.8087 15.1887 0.6500
v 3.7243 15.2451 0.6500
v 3.6680 15.3294 0.6500
v 3.6354 15.4165 0.5838
v 3.6482 15.4289 0.6500
v 3.6680 15.5284 0.6500
v 3.7243 15.6128 0.6500
v 4.2258 15.6039 0.4275
v 3.9082 15.7195 0.5950
v 3.5914 15.6394 0.4038
v 4.0499 15.6410 0.4500
v 3.9082 15.1384 0.5950
v 3.7665 15.2169 0.4500
v -3.6455 15.4538 4.1125
v -3.9082 15.1613 4.1125
v -4.1709 15.4041 4.1125
v -3.6892 15.2142 4.1165
v -4.1660 15.4787 4.1525
v -4.1242 15.2111 4.1180
v -3.9082 15.1536 4.1325
v -3.6379 15.4041 4.1200
v -4.1682 15.4289 4.0500
v -4.1484 15.3294 4.0500
v -4.0921 15.2451 4.0500
v -4.0077 15.1887 4.0500
v -3.9082 15.1689 4.0500
v -3.8087 15.1887 4.0500
v -3.7243 15.2451 4.0500
v -3.6680 15.3294 4.0500
v -3.6482 15.4289 4.0500
v -4.1216 15.2108 0.5863
v -3.6901 15.2155 0.5863
v -4.1988 15.4289 0.5950
v -3.9082 15.1384 0.5950
v -3.6176 15.4289 0.5950
v -4.1682 15.4289 0.6500
v -4.1484 15.3294 0.6500
v -4.0921 15.2451 0.6500
v -4.0077 15.1887 0.6500
v -3.9082 15.1689 0.6500
v -3.8087 15.1887 0.6500
v -3.7243 15.2451 0.6500
v -3.6680 15.3294 0.6500
v -3.6482 15.4289 0.6500
v -4.1202 15.2873 0.4500
v -3.9206 15.1561 0.5838
v -3.7665 15.2169 0.4500
v -3.6354 15.4165 0.5838
v 3.5182 19.7789 0.3100
v 4.1279 19.9153 4.1164
v 3.9082 19.8536 4.1325
v 3.6921 19.9112 4.1184
v 3.8087 19.8887 4.0500
v 3.9082 19.8689 4.0500
v 4.0077 19.8887 4.0500
v 4.0921 19.9451 4.0500
v 4.1484 20.0294 4.0500
v 3.6680 20.0294 4.0500
v 3.7243 19.9451 4.0500
v 4.1263 19.9155 0.5863
v 3.6948 19.9108 0.5863
v 3.9790 19.8853 0.5088
v 3.8087 19.8887 0.6500
v 3.9082 19.8689 0.6500
v 4.0077 19.8887 0.6500
v 4.0921 19.9451 0.6500
v 4.1484 20.0294 0.6500
v 3.6680 20.0294 0.6500
v 3.7243 19.9451 0.6500
v 3.8958 19.8561 0.5838
v 4.1810 20.1165 0.5838
v 3.6962 19.9873 0.4500
v -4.1736 20.0792 4.1325
v -3.6921 19.9112 4.1184
v -4.1279 19.9153 4.1164
v -3.8087 19.8887 4.0500
v -3.9082 19.8536 4.1050
v -3.9082 19.8689 4.0500
v -4.0077 19.8887 4.0500
v -4.0921 19.9451 4.0500
v -4.1484 20.0294 4.0500
v -3.6680 20.0294 4.0500
v -3.7243 19.9451 4.0500
v -4.1263 19.9155 0.5863
v -3.6948 19.9108 0.5863
v -3.8087 19.8887 0.6500
v -3.8958 19.8561 0.5838
v -3.9082 19.8689 0.6500
v -4.0077 19.8887 0.6500
v -4.0921 19.9451 0.6500
v -4.1484 20.0294 0.6500
v -3.6680 20.0294 0.6500
v -3.7243 19.9451 0.6500
v -3.9082 19.8384 0.5950
v -3.6607 20.0581 0.5188
v -4.0499 19.9169 0.4500
v -3.9082 15.6966 4.1125
v -4.1279 15.6426 4.1164
v -3.9082 15.7042 4.1325
v -3.6921 15.6467 4.1184
v -3.8087 15.6692 4.0500
v -3.9082 15.6889 4.0500
v -4.0077 15.6692 4.0500
v -4.0921 15.6128 4.0500
v -4.1484 15.5284 4.0500
v -3.6680 15.5284 4.0500
v -3.7243 15.6128 4.0500
v -4.1263 15.6424 0.5863
v -3.6948 15.6471 0.5863
v -3.9082 15.7195 0.5950
v -3.8087 15.6692 0.6500
v -3.9082 15.6889 0.6500
v -4.0077 15.6692 0.6500
v -4.0921 15.6128 0.6500
v -4.1484 15.5284 0.6500
v -3.6680 15.5284 0.6500
v -3.7243 15.6128 0.6500
v -3.8958 15.7018 0.5838
v -4.0499 15.6410 0.4500
v -4.1810 15.4414 0.5838
v -3.6962 15.5706 0.4500
v -4.3582 1.0689 5.0600
v -3.8020 0.8774 5.2515
v -3.4282 1.0689 5.0600
v -4.1217 0.8468 4.1215
v -3.6329 0.6289 4.1325
v -3.6902 0.8419 4.1224
v -4.1835 0.6289 4.1050
v -4.1484 0.7284 4.0500
v -4.0921 0.8128 4.0500
v -4.0077 0.8692 4.0500
v -3.9082 0.8965 4.1125
v -3.9082 0.8889 4.0500
v -3.8087 0.8692 4.0500
v -3.7243 0.8128 4.0500
v -3.6680 0.7284 4.0500
v -3.6482 0.6289 4.0500
v -4.1216 0.8471 0.5863
v -3.6901 0.8424 0.5863
v -4.1682 0.6289 0.6500
v -4.1484 0.7284 0.6500
v -4.0921 0.8128 0.6500
v -4.0077 0.8692 0.6500
v -3.9206 0.9017 0.5838
v -3.9082 0.8889 0.6500
v -3.8087 0.8692 0.6500
v -3.7243 0.8128 0.6500
v -3.6680 0.7284 0.6500
v -3.6354 0.6413 0.5838
v -4.1988 0.6289 0.5950
v -4.1202 0.7706 0.4500
v -3.9082 0.9195 0.5950
v -3.7665 0.8410 0.4500
v -3.4982 0.6289 5.1300
v 4.1988 0.6289 0.5950
v 4.1682 0.6289 0.6500
v 4.1758 0.6289 4.1125
v 4.3582 1.0689 5.0600
v 3.5656 0.8139 4.4313
v 3.6482 0.6289 4.0500
v 3.4982 0.6289 5.1300
v 3.9082 0.9042 4.1050
v 3.4282 1.0689 5.0600
v 3.8020 0.8774 5.2515
v 4.1209 0.8473 4.1218
v 4.0982 0.9515 4.4313
v 3.6907 0.8427 4.1222
v 4.1484 0.7284 4.0500
v 4.0921 0.8128 4.0500
v 4.0077 0.8692 4.0500
v 3.9082 0.8889 4.0500
v 3.8087 0.8692 4.0500
v 3.7243 0.8128 4.0500
v 3.6680 0.7284 4.0500
v 4.1216 0.8471 0.5863
v 3.6901 0.8424 0.5863
v 3.9082 0.9195 0.5950
v 4.1484 0.7284 0.6500
v 4.0921 0.8128 0.6500
v 4.0077 0.8692 0.6500
v 3.9082 0.8889 0.6500
v 3.8087 0.8692 0.6500
v 3.7243 0.8128 0.6500
v 3.6680 0.7284 0.6500
v 4.1202 0.7706 0.4500
v 3.9206 0.9017 0.5838
v 3.7665 0.8410 0.4500
v 3.6354 0.6413 0.5838
v -3.8575 31.3465 6.2691
v -3.5443 32.1097 6.4533
v -4.4030 31.4306 6.4767
v -3.3970 31.1360 6.4767
v -3.8575 36.3404 6.2691
v -4.6114 36.0480 6.4767
v -3.3970 36.5510 6.4767
v -3.9000 35.4012 6.4300
v -4.1350 36.3512 1.6100
v -4.1350 36.3512 5.4200
v -4.1600 36.3579 1.6100
v -4.1600 36.3579 5.4200
v -0.6300 31.5639 3.1200
v -0.6300 32.3789 3.1450
v -3.6500 31.5639 3.1200
v -0.6300 31.5639 3.1700
v -3.6500 31.5639 3.1700
v -1.1087 31.5067 2.9125
v -0.4872 31.9562 2.9125
v -0.4872 32.0416 2.9125
v -1.0232 31.4212 2.9125
v -1.1087 31.4212 2.9125
v -0.5727 31.9562 2.9125
v -0.4895 31.9584 2.9250
v -1.0255 31.4639 2.9250
v -1.0255 31.4234 2.9250
v -1.0660 31.4234 2.9250
v -1.1065 31.4234 2.9250
v -1.1155 31.4931 2.9425
v -0.5300 32.0394 2.9250
v -0.4895 32.0394 2.9250
v -1.1065 31.5044 2.9250
v -0.4895 31.9989 2.9250
v -1.0255 31.5044 2.9250
v -0.5007 31.9494 2.9425
v -1.0368 31.4144 2.9425
v -1.1155 31.4347 2.9425
v -0.4805 32.0281 2.9425
v -0.4895 31.9584 2.9650
v -0.8157 31.5044 3.0188
v -0.8765 31.4538 2.9850
v -0.5795 31.7397 2.9425
v -0.8067 31.4144 2.9425
v -0.8855 31.4347 2.9425
v -0.4805 31.7981 2.9425
v -0.7955 31.4639 2.9250
v -0.7955 31.4234 2.9250
v -0.8360 31.4234 2.9250
v -0.8765 31.4234 2.9250
v -0.5300 31.8094 2.9250
v -0.4895 31.8094 2.9250
v -0.5312 31.7281 2.9176
v -0.5667 31.7323 2.8240
v -0.4872 31.8117 2.9125
v -0.4805 31.7397 2.9425
v -0.8788 31.4212 2.9125
v -0.7932 31.4212 2.9125
v -0.4895 31.5389 2.9650
v -0.5705 31.5591 3.0188
v -0.5300 31.5813 2.9895
v -0.4895 31.5813 3.0076
v -0.6465 31.4538 2.9850
v -0.6555 31.4347 2.9425
v -0.4805 31.5681 2.9425
v -0.6060 31.4234 2.9250
v -0.6465 31.4234 2.9250
v -0.5300 31.5794 2.9250
v -0.4895 31.5794 2.9250
v -0.4872 31.5816 2.9125
v -0.6487 31.4212 2.9125
v -1.2544 31.5055 2.9188
v -0.5007 32.1794 2.9425
v -1.2668 31.4144 2.9425
v -0.4895 32.2289 2.9250
v -1.3365 31.5044 2.9250
v -0.4895 32.1884 2.9250
v -1.2555 31.4639 2.9250
v -1.2555 31.4234 2.9250
v -1.2960 31.4234 2.9250
v -0.5727 32.1861 2.9125
v -0.4872 32.1861 2.9125
v -0.5199 31.8113 2.9995
v -0.8801 31.4639 3.0140
v -0.5300 31.8131 3.0140
v -0.8854 31.4234 3.0264
v -0.5705 31.8184 3.0264
v -0.8907 31.4639 3.0388
v -0.5300 31.8237 3.0388
v -0.8854 31.5044 3.0264
v -0.4895 31.8237 3.0388
v -0.9072 31.4639 3.0593
v -0.5300 31.8402 3.0593
v -0.5705 31.8402 3.0593
v -0.9072 31.4234 3.0593
v -0.4895 31.8609 3.0739
v -0.9280 31.5044 3.0739
v -0.9280 31.4639 3.0739
v -0.5300 31.8609 3.0739
v -0.5705 31.8955 3.0767
v -0.9625 31.4234 3.0767
v -0.9510 31.4639 3.0795
v -0.5300 31.8839 3.0795
v -0.4895 31.9556 3.0174
v -0.5705 31.9277 3.0593
v -0.9948 31.4234 3.0593
v -0.4895 31.8955 3.0767
v -0.9625 31.5044 3.0767
v -0.5300 31.9070 3.0739
v -0.9740 31.4639 3.0739
v -0.5300 31.9413 3.0367
v -0.4895 31.9989 3.1200
v -0.7648 31.4234 3.0593
v -0.5705 31.6977 3.0593
v -0.7919 31.4437 3.0140
v -0.5705 31.6102 3.0593
v -0.6554 31.4234 3.0264
v -0.5705 31.5937 3.0388
v -0.6772 31.4234 3.0593
v -0.5705 31.6654 3.0767
v -0.7325 31.4234 3.0767
v -0.7648 31.5044 3.0593
v -0.7919 31.5044 3.0140
v -0.7813 31.5044 3.0388
v -0.4895 31.6309 3.0739
v -0.6980 31.5044 3.0739
v -0.6554 31.5044 3.0264
v -0.7210 31.4639 3.0795
v -0.5300 31.6539 3.0795
v -0.7440 31.4639 3.0739
v -0.5300 31.6770 3.0739
v -0.4895 31.6654 3.0767
v -0.7325 31.5044 3.0767
v -0.6980 31.4639 3.0739
v -0.5300 31.6309 3.0739
v -0.4895 31.5937 3.0388
v -0.6772 31.4639 3.0593
v -0.6607 31.4639 3.0388
v -0.6501 31.4639 3.0140
v -1.2248 31.4234 3.0593
v -0.5705 32.1577 3.0593
v -0.5300 32.1866 2.9895
v -0.5705 32.2188 3.0138
v -0.5705 32.0484 3.0264
v -0.5705 32.0702 3.0593
v -1.1372 31.4234 3.0593
v -1.1925 31.4234 3.0767
v -0.5705 32.1255 3.0767
v -0.5300 32.1577 3.0593
v -0.4895 32.2289 3.1200
v -1.1580 31.5044 3.0739
v -0.4895 32.0909 3.0739
v -0.4895 32.0537 3.0388
v -0.5199 32.0413 2.9995
v -0.5300 32.1139 3.0795
v -1.1810 31.4639 3.0795
v -0.5300 32.1370 3.0739
v -1.2040 31.4639 3.0739
v -0.4895 32.1255 3.0767
v -1.1925 31.5044 3.0767
v -0.5075 32.1838 3.0235
v -1.1580 31.4639 3.0739
v -0.5300 32.0909 3.0739
v -0.5300 32.0702 3.0593
v -0.5300 32.0537 3.0388
v -0.5300 32.0431 3.0140
v -0.4708 31.4039 3.1200
v -0.4708 31.4039 2.9650
v -0.5860 31.4039 2.5775
v -0.4708 31.4714 2.6163
v -0.5980 32.3015 2.2869
v -0.5980 32.2965 2.9650
v -0.4630 32.2289 2.9650
v -0.5980 32.2965 3.1200
v -0.4630 32.2965 2.6163
v -1.5027 31.4234 3.0180
v -1.4548 31.4234 3.0593
v -1.4836 31.4234 3.0077
v -1.3672 31.4234 3.0593
v -1.4225 31.4234 3.0767
v -1.4548 31.5044 3.0593
v -1.5719 31.5044 3.0234
v -1.5665 31.5044 2.9650
v -1.4713 31.5044 3.0388
v -1.3880 31.5044 3.0739
v -1.4110 31.4639 3.0795
v -1.4340 31.4639 3.0739
v -1.4225 31.5044 3.0767
v -1.4713 31.4234 3.0388
v -1.4855 31.4639 2.9850
v -1.3880 31.4639 3.0739
v -1.4855 31.4234 2.9650
v -1.4844 31.5055 2.9188
v -1.4968 31.4144 2.9425
v -1.5665 31.5044 2.9250
v -1.4855 31.4639 2.9250
v -1.4855 31.4234 2.9250
v -1.5260 31.4234 2.9250
v -1.3455 31.4347 2.9425
v -1.3545 31.5224 2.9600
v -1.3365 31.4234 2.9250
v -1.3365 31.4639 2.9250
v -1.3388 31.5067 2.9125
v -1.3388 31.4212 2.9125
v -1.2532 31.4212 2.9125
v -1.6848 31.4234 3.0593
v -1.7327 31.4234 3.0180
v -1.7136 31.4234 3.0077
v -1.5754 31.4234 3.0264
v -1.5972 31.4234 3.0593
v -1.6525 31.4234 3.0767
v -1.6848 31.5044 3.0593
v -1.7560 31.5044 2.9850
v -1.7155 31.5044 2.9850
v -1.7119 31.5044 3.0140
v -1.7013 31.5044 3.0388
v -1.6180 31.5044 3.0739
v -1.5972 31.5044 3.0593
v -1.6410 31.4639 3.0795
v -1.6640 31.4639 3.0739
v -1.6525 31.5044 3.0767
v -1.7013 31.4234 3.0388
v -1.7155 31.4639 2.9850
v -1.6180 31.4639 3.0739
v -1.7965 31.5044 2.9650
v -1.7155 31.4234 2.9650
v -1.7144 31.5055 2.9188
v -1.7268 31.4144 2.9425
v -1.7965 31.5044 2.9250
v -1.7155 31.4639 2.9250
v -1.7155 31.4234 2.9250
v -1.7560 31.4234 2.9250
v -1.5755 31.4347 2.9425
v -1.5845 31.5224 2.9600
v -1.5665 31.4234 2.9250
v -1.5665 31.4639 2.9250
v -1.5688 31.5067 2.9125
v -1.5688 31.4212 2.9125
v -1.4832 31.4212 2.9125
v -1.9148 31.4234 3.0593
v -1.9436 31.4234 3.0077
v -1.9313 31.4234 3.0388
v -1.8272 31.4234 3.0593
v -1.8825 31.4234 3.0767
v -1.9723 31.5044 3.0660
v -1.9455 31.5044 2.9850
v -1.9419 31.5044 3.0140
v -1.8480 31.5044 3.0739
v -1.8036 31.5044 3.0119
v -1.8710 31.4639 3.0795
v -1.8940 31.4639 3.0739
v -1.8825 31.5044 3.0767
v -1.9455 31.4639 2.9850
v -1.8480 31.4639 3.0739
v -1.9455 31.5044 2.9650
v -1.9455 31.4234 2.9650
v -1.9860 31.4234 2.9650
v -1.9365 31.4931 2.9425
v -1.9567 31.4144 2.9425
v -1.9860 31.5044 2.9250
v -1.9455 31.5044 2.9250
v -1.9455 31.4639 2.9250
v -1.9455 31.4234 2.9250
v -1.9432 31.5067 2.9125
v -1.9432 31.4212 2.9125
v -1.8055 31.4347 2.9425
v -1.8145 31.5224 2.9600
v -1.7965 31.4234 2.9250
v -1.7965 31.4639 2.9250
v -1.7988 31.5067 2.9125
v -1.7988 31.4212 2.9125
v -1.7132 31.4212 2.9125
v -2.0634 31.3969 2.2000
v -1.9860 31.3969 2.9650
v -1.9860 31.3969 2.1900
v -1.9959 31.3969 3.0325
v -2.1010 31.5319 2.5775
v -1.9860 31.5319 2.1900
v -1.9860 31.5319 3.1200
v -1.9860 31.5319 2.9650
v -2.2245 31.4234 3.0767
v -2.1922 31.4234 3.0593
v -2.1658 31.4234 3.0224
v -2.1210 31.4234 3.0525
v -2.3510 31.4234 3.0525
v -2.3105 31.4234 2.9850
v -2.2798 31.4234 3.0593
v -2.2245 31.5044 3.0767
v -2.1210 31.5044 3.0088
v -2.1643 31.5044 3.0173
v -2.1922 31.5044 3.0593
v -2.3068 31.4437 3.0140
v -2.2360 31.4639 3.0795
v -2.2130 31.4639 3.0739
v -2.1660 31.4437 2.9957
v -2.1652 31.4639 3.0140
v -2.2590 31.4639 3.0739
v -2.2590 31.5044 3.0739
v -2.3439 31.5044 3.0019
v -2.3105 31.4639 2.9850
v -2.1615 31.5044 2.9650
v -2.1497 31.4474 2.8170
v -2.1379 31.4346 2.8147
v -2.1287 31.4336 2.8224
v -2.1409 31.4294 2.2075
v -2.3105 31.5044 2.9650
v -2.4545 31.4234 3.0767
v -2.4222 31.4234 3.0593
v -2.3958 31.4234 3.0224
v -2.5810 31.4234 3.0525
v -2.5387 31.4234 2.9995
v -2.5368 31.4639 3.0140
v -2.5098 31.4234 3.0593
v -2.4545 31.5044 3.0767
v -2.3943 31.5044 3.0173
v -2.4660 31.5044 3.1200
v -2.5263 31.5044 3.0388
v -2.5368 31.5044 3.0140
v -2.4660 31.4639 3.0795
v -2.4430 31.4639 3.0739
v -2.3960 31.4437 2.9957
v -2.3952 31.4639 3.0140
v -2.4890 31.4639 3.0739
v -2.4890 31.5044 3.0739
v -2.5405 31.4639 2.9850
v -2.5405 31.4841 2.9650
v -2.5709 31.5044 3.0088
v -2.6845 31.4234 3.0767
v -2.6522 31.4234 3.0593
v -2.6258 31.4234 3.0224
v -2.8110 31.4234 3.0525
v -2.7705 31.4234 2.9850
v -2.7616 31.4234 3.0264
v -2.7398 31.4234 3.0593
v -2.7880 31.4234 3.0360
v -2.6845 31.5044 3.0767
v -2.6243 31.5044 3.0173
v -2.6960 31.5044 3.1200
v -2.7563 31.5044 3.0388
v -2.7668 31.5044 3.0140
v -2.6960 31.4639 3.0795
v -2.6730 31.4639 3.0739
v -2.6260 31.4437 2.9957
v -2.6252 31.4639 3.0140
v -2.7190 31.4639 3.0739
v -2.7190 31.5044 3.0739
v -2.7668 31.4639 3.0140
v -2.6215 31.5044 2.9650
v -2.7705 31.4234 2.9650
v -2.8009 31.5044 3.0088
v -2.9145 31.4234 3.0767
v -2.8822 31.4234 3.0593
v -2.8558 31.4234 3.0224
v -3.0547 31.4234 3.0660
v -3.0005 31.4234 2.9850
v -2.9968 31.4234 3.0140
v -3.0136 31.4234 3.0794
v -2.9698 31.4234 3.0593
v -2.9145 31.5044 3.0767
v -2.8543 31.5044 3.0173
v -2.9260 31.5044 3.1200
v -2.9863 31.5044 3.0388
v -2.9968 31.5044 3.0140
v -2.9260 31.4639 3.0795
v -2.9030 31.4639 3.0739
v -2.8560 31.4437 2.9957
v -2.8552 31.4639 3.0140
v -2.9490 31.4639 3.0739
v -2.9490 31.5044 3.0739
v -2.9968 31.4639 3.0140
v -3.3422 31.4234 3.0593
v -3.3745 31.4234 3.0767
v -3.3257 31.4234 3.0388
v -3.3152 31.4234 3.0140
v -3.3152 31.4841 3.0140
v -3.4592 31.4234 3.0055
v -3.4463 31.4234 3.0388
v -3.4298 31.4234 3.0593
v -3.4691 31.4234 3.0284
v -3.3745 31.5044 3.0767
v -3.3115 31.5044 2.9850
v -3.4298 31.5044 3.0593
v -3.4567 31.5044 3.0195
v -3.3860 31.4639 3.0795
v -3.3630 31.4639 3.0739
v -3.3257 31.4639 3.0388
v -3.3115 31.4639 2.9850
v -3.4090 31.4639 3.0739
v -3.4090 31.5044 3.0739
v -3.4569 31.4639 3.0140
v -3.4605 31.4639 2.9850
v -3.1445 31.4234 3.0767
v -3.1122 31.4234 3.0593
v -3.0852 31.4234 3.0140
v -3.0815 31.4234 2.9850
v -3.2295 31.4234 3.0021
v -3.2391 31.4234 3.0284
v -3.1998 31.4234 3.0593
v -3.1445 31.5044 3.0767
v -3.0911 31.5044 3.0315
v -3.1560 31.4639 3.0795
v -3.1330 31.4639 3.0739
v -3.1122 31.5044 3.0593
v -3.0815 31.4639 2.9850
v -3.0852 31.4437 3.0140
v -3.1790 31.4639 3.0739
v -3.1790 31.5044 3.0739
v -3.2163 31.4234 3.0388
v -2.8515 31.5044 2.9650
v -2.8515 31.5044 2.9250
v -2.8155 31.4988 2.9338
v -2.8537 31.5067 2.9125
v -2.8537 31.4639 2.9125
v -3.4605 31.4234 2.9650
v -3.4605 31.5044 2.9650
v -3.5010 31.5044 2.9650
v -3.4723 31.4805 2.8170
v -3.4841 31.4933 2.8147
v -3.4933 31.4943 2.8224
v -3.4811 31.4984 2.2075
v -3.3115 31.4234 2.9650
v -3.3336 31.4234 3.0669
v -3.2305 31.4234 2.9650
v -3.2305 31.5044 2.9850
v -3.2283 31.4212 2.9125
v -3.2283 31.4639 2.9125
v -3.2344 31.4273 2.8240
v -3.2294 31.5055 2.9188
v -3.0309 31.5044 3.0138
v -3.0815 31.5044 2.9850
v -3.0815 31.4234 2.9650
v -3.0005 31.4234 2.9650
v -3.0005 31.4639 2.9650
v -3.6362 31.4039 2.5775
v -3.6362 31.5389 2.1900
v -3.6362 31.5389 2.9650
v -3.6362 31.5389 3.1200
v -3.5010 31.5389 2.5775
v 4.0762 31.4239 2.5775
v 4.0762 31.5389 2.9650
v 4.0762 31.5389 3.1200
v 3.9410 31.5389 2.8488
v 4.0762 31.5389 2.1900
v 2.6322 31.4234 3.0593
v 2.6645 31.4234 3.0767
v 2.7198 31.4234 3.0593
v 2.7505 31.5044 2.9850
v 2.7430 31.5044 3.0268
v 2.7198 31.5044 3.0593
v 2.6990 31.5044 3.0739
v 2.7910 31.5044 3.1200
v 2.6760 31.4639 3.0795
v 2.6530 31.4639 3.0739
v 2.6645 31.5044 3.0767
v 2.6990 31.4639 3.0739
v 2.7468 31.4639 3.0140
v 2.5903 31.4144 2.9425
v 2.6015 31.4639 2.9250
v 2.6015 31.4234 2.9250
v 2.6037 31.4212 2.9125
v 2.7910 31.5224 2.9600
v 2.7415 31.4347 2.9425
v 2.7498 31.4231 2.9249
v 2.7505 31.5044 2.9250
v 2.7910 31.5044 2.9250
v 2.8338 31.4212 2.9125
v 2.7544 31.4273 2.8240
v 2.8622 31.4234 3.0593
v 2.8945 31.4234 3.0767
v 2.9498 31.4234 3.0593
v 2.9290 31.5044 3.0739
v 2.9060 31.4639 3.0795
v 2.8830 31.4639 3.0739
v 2.8945 31.5044 3.0767
v 2.9290 31.4639 3.0739
v 2.8326 31.5055 2.9188
v 2.8405 31.4347 2.9425
v 2.8315 31.4234 2.9250
v 2.9798 31.4231 2.9249
v 3.0300 31.4841 2.9425
v 3.0607 31.4609 2.8682
v 3.0922 31.4234 3.0593
v 3.1245 31.4234 3.0767
v 3.1798 31.4234 3.0593
v 3.1590 31.5044 3.0739
v 3.1360 31.4639 3.0795
v 3.1130 31.4639 3.0739
v 3.1245 31.5044 3.0767
v 3.1590 31.4639 3.0739
v 3.0611 31.4877 2.9175
v 3.2510 31.5044 2.9250
v 3.4098 31.4234 3.0593
v 3.3222 31.4234 3.0593
v 3.3004 31.4234 3.0264
v 3.3545 31.4234 3.0767
v 3.4372 31.4234 3.0204
v 3.3004 31.5044 3.0264
v 3.4947 31.5044 3.0660
v 3.4367 31.5044 3.0195
v 3.4098 31.5044 3.0593
v 3.3890 31.5044 3.0739
v 3.4810 31.5044 3.0475
v 3.3660 31.4639 3.0795
v 3.3430 31.4639 3.0739
v 3.3222 31.4639 3.0593
v 3.3545 31.5044 3.0767
v 3.3057 31.4639 3.0388
v 3.2952 31.4639 3.0140
v 3.2915 31.4639 2.9850
v 3.3890 31.4639 3.0739
v 3.4369 31.4639 3.0140
v 3.4405 31.5044 2.9650
v 3.8698 31.4234 3.0593
v 3.7822 31.4234 3.0593
v 3.7604 31.4234 3.0264
v 3.9410 31.4234 3.0525
v 3.8145 31.4234 3.0767
v 3.8972 31.4234 3.0204
v 3.7604 31.5044 3.0264
v 3.8967 31.5044 3.0195
v 3.8698 31.5044 3.0593
v 3.8490 31.5044 3.0739
v 3.9410 31.5044 3.0475
v 3.8260 31.4639 3.0795
v 3.8030 31.4639 3.0739
v 3.8145 31.5044 3.0767
v 3.7822 31.4639 3.0593
v 3.7657 31.4639 3.0388
v 3.7551 31.4639 3.0140
v 3.7515 31.4639 2.9850
v 3.8490 31.4639 3.0739
v 3.8969 31.4639 3.0140
v 3.9005 31.5044 2.9650
v 3.5031 31.4234 3.0333
v 3.5522 31.4234 3.0593
v 3.5845 31.4234 3.0767
v 3.6398 31.4234 3.0593
v 3.5252 31.5044 3.0140
v 3.5215 31.5044 2.9850
v 3.6190 31.5044 3.0739
v 3.5960 31.4639 3.0795
v 3.5730 31.4639 3.0739
v 3.5845 31.5044 3.0767
v 3.5215 31.4639 2.9850
v 3.6190 31.4639 3.0739
v 3.2915 31.5044 2.9850
v 3.2915 31.4234 2.9650
v 3.3095 31.5224 2.9600
v 3.2915 31.4234 2.9250
v 3.2915 31.5044 2.9250
v 3.2938 31.5067 2.9125
v 3.9005 31.4234 2.9650
v 3.8915 31.4347 2.9425
v 3.9117 31.5134 2.9425
v 3.9410 31.4234 2.9250
v 3.9005 31.4234 2.9250
v 3.9005 31.4639 2.9250
v 3.9005 31.5044 2.9250
v 3.8982 31.4212 2.9125
v 3.8982 31.5067 2.9125
v 3.7515 31.5044 2.9850
v 3.7515 31.4234 2.9650
v 3.7695 31.5224 2.9600
v 3.7515 31.4234 2.9250
v 3.7110 31.5044 2.9250
v 3.7515 31.5044 2.9250
v 3.7538 31.5067 2.9125
v 3.5215 31.5044 2.9650
v 3.4405 31.4234 2.9650
v 3.5305 31.4931 2.9425
v 3.5103 31.4144 2.9425
v 3.4315 31.4347 2.9425
v 3.4517 31.5134 2.9425
v 3.4810 31.5044 2.9250
v 3.5215 31.5044 2.9250
v 3.5215 31.4639 2.9250
v 3.5220 31.4223 2.9244
v 3.4810 31.4234 2.9250
v 3.4405 31.4234 2.9250
v 3.4405 31.4639 2.9250
v 3.4405 31.5044 2.9250
v 3.5238 31.5067 2.9125
v 3.5177 31.4273 2.8240
v 3.4383 31.5067 2.9125
v 3.4383 31.4212 2.9125
v 2.3225 31.4234 3.0767
v 2.3548 31.4234 3.0593
v 2.3794 31.4234 3.0239
v 2.4260 31.4234 3.0525
v 2.2398 31.4234 3.0204
v 2.2672 31.4234 3.0593
v 2.1960 31.4234 2.9750
v 2.3225 31.5044 3.0767
v 2.3110 31.4639 3.0795
v 2.3340 31.4639 3.0739
v 2.3810 31.4538 3.0057
v 2.2880 31.4639 3.0739
v 2.2880 31.5044 3.0739
v 2.3973 31.4474 2.8170
v 2.4091 31.4346 2.8147
v 2.4183 31.4336 2.8224
v 2.4061 31.4294 2.2075
v 2.2401 31.4639 3.0140
v 2.2365 31.4639 2.9250
v 2.2365 31.5044 2.9250
v 2.2252 31.5134 2.9425
v 2.2388 31.5067 2.9125
v 2.0925 31.4234 3.0767
v 2.1248 31.4234 3.0593
v 2.1494 31.4234 3.0239
v 2.0065 31.4234 2.9850
v 2.0372 31.4234 3.0593
v 2.0925 31.5044 3.0767
v 2.1555 31.5044 2.9850
v 2.0101 31.4437 3.0140
v 2.0810 31.4639 3.0795
v 2.1040 31.4639 3.0739
v 2.0580 31.4639 3.0739
v 2.0580 31.5044 3.0739
v 2.0065 31.4639 2.9850
v 2.0065 31.5044 2.9650
v 1.8625 31.4234 3.0767
v 1.8948 31.4234 3.0593
v 1.9194 31.4234 3.0239
v 1.9660 31.4234 2.9750
v 1.7765 31.4234 2.9850
v 1.8072 31.4234 3.0593
v 1.8625 31.5044 3.0767
v 1.9255 31.5044 2.9850
v 1.8510 31.5044 3.1200
v 1.7907 31.5044 3.0388
v 1.7225 31.5044 3.0367
v 1.7801 31.4437 3.0140
v 1.8510 31.4639 3.0795
v 1.8740 31.4639 3.0739
v 1.8280 31.4639 3.0739
v 1.8280 31.5044 3.0739
v 1.7801 31.4639 3.0140
v 1.7765 31.4639 2.9850
v 1.7765 31.5044 2.9650
v 1.0105 32.1255 3.0767
v 1.0105 32.1577 3.0593
v 1.0105 32.0702 3.0593
v 0.9295 32.1255 3.0767
v 0.9700 32.1139 3.0795
v 0.9700 32.1370 3.0739
v 0.9700 32.0909 3.0739
v 0.9295 32.0909 3.0739
v 1.0105 31.6424 3.0767
v 1.0105 31.6977 3.0593
v 1.0105 31.5389 2.9850
v 1.0105 31.6102 3.0593
v 0.9295 31.6654 3.0767
v 0.9700 31.6102 3.0593
v 0.9295 31.7689 3.0525
v 0.9295 31.5389 3.0525
v 0.9700 31.6539 3.0795
v 0.9700 31.6770 3.0739
v 0.9700 31.6309 3.0739
v 0.9295 31.6309 3.0739
v 0.9669 31.5830 3.0200
v 1.0105 31.8724 3.0767
v 1.0105 31.9277 3.0593
v 1.0105 31.8402 3.0593
v 0.9295 31.8955 3.0767
v 0.9295 31.8184 3.0264
v 0.9295 31.8094 2.9850
v 0.9700 31.8839 3.0795
v 0.9700 31.9070 3.0739
v 0.9700 31.8609 3.0739
v 0.9295 31.8609 3.0739
v 0.9700 31.8094 2.9850
v 0.9866 32.2003 2.8170
v 0.9993 32.2120 2.8147
v 1.0004 32.2213 2.8224
v 1.0045 32.2090 2.2075
v 0.9700 31.5794 2.9650
v 1.0105 31.5794 2.9250
v 0.9295 31.5794 2.9250
v 0.9205 31.5681 2.9425
v 1.0129 31.5821 2.9104
v 0.9670 31.5786 2.8682
v 0.9534 31.5676 2.8170
v 0.9407 31.5559 2.8147
v 0.9396 31.5466 2.8224
v 0.9355 31.5588 2.2075
v 0.9295 31.8094 2.9650
v 1.6325 31.4234 3.0767
v 1.6648 31.4234 3.0593
v 1.6894 31.4234 3.0239
v 1.7360 31.4234 2.9750
v 1.5772 31.4234 3.0593
v 1.6325 31.5044 3.0767
v 1.6955 31.5044 2.9850
v 1.6210 31.4639 3.0795
v 1.6440 31.4639 3.0739
v 1.5980 31.4639 3.0739
v 1.5980 31.5044 3.0739
v 1.1725 31.4234 3.0767
v 1.2048 31.4234 3.0593
v 1.2294 31.4234 3.0239
v 1.1172 31.4234 3.0593
v 1.0460 31.4234 3.1200
v 1.1725 31.5044 3.0767
v 1.2760 31.4437 2.9750
v 1.0901 31.5044 3.0140
v 1.1610 31.4639 3.0795
v 1.1840 31.4639 3.0739
v 1.1380 31.4639 3.0739
v 1.1380 31.5044 3.0739
v 1.0893 31.4234 3.0167
v 1.4025 31.4234 3.0767
v 1.4348 31.4234 3.0593
v 1.3193 31.4234 3.0167
v 1.3472 31.4234 3.0593
v 1.4025 31.5044 3.0767
v 1.3910 31.4639 3.0795
v 1.4140 31.4639 3.0739
v 1.3680 31.4639 3.0739
v 1.3680 31.5044 3.0739
v 1.0865 31.4234 2.9650
v 1.0747 31.4805 2.8170
v 1.0629 31.4933 2.8147
v 1.0537 31.4943 2.8224
v 1.0659 31.4984 2.2075
v 1.5060 31.4234 2.9250
v 1.5465 31.4234 2.9250
v 1.5555 31.4347 2.9425
v 1.5488 31.4212 2.9125
v 1.5488 31.5067 2.9125
v 4.1350 31.9422 1.6100
v 4.1350 31.9422 5.4200
v 3.5443 35.5773 6.4533
v 3.8575 36.3404 6.2691
v 4.4030 36.2563 6.4767
v 3.3970 36.5510 6.4767
v 4.1350 36.3512 5.4200
v 4.1350 36.3512 1.6100
v 4.1600 36.3579 5.4200
v 4.1600 36.3579 1.6100
v 3.8575 31.3465 6.2691
v 4.6114 31.6390 6.4767
v 3.3970 31.1360 6.4767
v 3.9000 32.2857 6.4300
v 4.1600 31.9489 5.4200
v 4.1600 31.9489 1.6100
v -3.7032 19.8063 4.4313
v -4.2882 20.4989 4.7300
v 3.9082 19.8613 4.1125
v 3.9082 15.7042 4.1325
v 4.0982 15.1063 4.4312
v 3.4982 15.0589 4.7300
v -4.2882 15.7989 4.7300
v -3.4982 15.0589 4.7300
v -3.9082 11.4536 4.1050
v -3.6406 11.7289 4.1125
v 4.2882 8.3989 4.7300
v -3.6406 4.3289 4.1125
v -3.9082 20.3966 4.1125
v 4.3165 23.7595 4.0700
v -3.9082 4.5966 4.1125
v 3.6428 7.9792 4.1325
v 3.9082 7.7537 4.1325
v 4.2882 7.6589 4.7300
v -3.6428 8.0786 4.1450
v 3.6379 15.4041 4.1325
v -3.6428 20.1787 4.1450
v 3.6379 20.1041 4.1450
v -3.4982 4.6989 4.7300
v 4.2358 4.1439 4.4312
v -4.0982 0.9515 4.4313
v 3.5656 4.1439 4.4312
v 4.2882 3.9589 4.7300
v -4.2882 12.0989 4.7300
v -4.2882 11.3589 4.7300
v -3.4982 15.7989 4.7300
v 4.0982 11.4063 4.4312
v 4.2882 12.0989 4.7300
v -3.4982 12.0989 4.7300
v -3.4982 11.3589 4.7300
v -4.2882 8.3989 4.7300
v -3.4982 8.3989 4.7300
v 3.4982 7.6589 4.7300
v 3.4982 15.7989 4.7300
v -3.4982 0.9989 4.7300
v 3.5656 11.5439 4.4312
v 3.7032 12.0516 4.4312
v 4.2882 15.7989 4.7300
v 3.4982 19.7589 4.7300
v -4.2882 15.0589 4.7300
v -4.2882 3.9589 4.7300
v -3.6832 20.4189 14.5900
v -3.6832 22.2036 15.2794
v -3.6832 20.5239 15.1400
v -3.6832 20.5059 9.2350
v -5.7432 24.1089 8.2850
v -3.5632 21.9789 8.2850
v -3.4632 21.9789 8.1850
v -5.7432 24.2089 8.1850
v -3.5132 20.4882 8.2350
v -3.5632 21.9789 8.5550
v -5.7432 24.1089 8.5550
v -3.5232 20.4989 8.7450
v -3.5232 21.9789 8.7450
v -5.7432 24.1489 8.7450
v -3.5232 20.4989 8.7850
v -3.5232 21.9789 8.7850
v -7.4986 23.9889 9.7450
v -3.6354 20.4383 9.7950
v -3.5232 21.9789 10.0750
v -5.7432 24.1489 10.0750
v -5.7432 24.0844 9.8450
v -3.5877 21.9789 9.8450
v -3.6832 21.9789 9.7450
v -5.7432 23.9889 9.7450
v -3.6832 23.3428 9.7450
v -5.7432 24.0389 10.1450
v -3.6832 20.5239 15.3900
v -3.6832 21.9789 7.2575
v -4.3999 23.9934 6.1828
v -4.8567 21.0924 6.8580
v -5.7176 21.9789 7.3603
v -6.3673 22.2006 7.1966
v -4.3595 20.3689 5.8950
v -7.0771 20.3689 6.1131
v -6.3182 20.3689 7.0245
v -5.7432 20.3689 7.2575
v -7.3030 20.3689 5.2575
v -3.6332 20.7498 6.9445
v -4.4293 24.0389 6.7599
v -3.5632 21.9789 8.0850
v -5.7432 24.1089 8.0850
v -5.7432 24.0444 7.7750
v -3.6832 21.5399 7.6750
v -3.6277 21.9789 7.7750
v -5.8822 24.0378 7.3126
v -3.6383 22.0791 7.3848
v -5.0855 24.0387 7.0541
v -3.6334 20.8050 6.5802
v -3.6582 20.6434 6.1989
v -3.4832 20.1289 15.1400
v -3.5832 20.1289 14.5900
v -3.5832 19.8364 15.3900
v -3.5832 20.1289 10.1450
v -3.5290 19.8522 8.0578
v -3.4632 19.8077 8.2350
v -3.5832 20.2239 8.8250
v -3.4232 20.1289 10.0750
v -3.4877 20.1289 9.8450
v -3.5832 20.1289 9.7450
v -3.5832 20.3189 14.5900
v -3.4832 20.3189 15.1400
v -3.5354 20.3504 9.7950
v -7.1274 24.0139 6.1383
v -3.8519 23.2188 6.3516
v -4.2525 23.2117 6.4520
v -4.4950 22.4222 7.0838
v -7.4986 23.9889 6.9190
v -7.7000 27.7389 7.6750
v -7.1792 24.0389 6.7208
v -3.6332 22.1745 7.5335
v -5.9388 24.0389 7.5335
v -7.6445 27.7389 7.7750
v -6.9537 24.0387 6.5399
v -3.6346 23.4016 6.1687
v -5.7432 20.1289 7.2575
v -5.4762 20.1289 7.1745
v -5.1682 20.1289 7.0245
v -4.8897 20.1289 6.8205
v -4.6492 20.1289 6.5695
v -4.4547 20.1289 6.3030
v -4.3107 20.1289 5.9570
v -4.2227 20.1289 5.6230
v -4.1832 20.1289 5.2575
v -4.1832 20.1289 5.1300
v -6.0102 20.1289 7.1745
v -6.3182 20.1289 7.0245
v -6.5967 20.1289 6.8205
v -6.8372 20.1289 6.5695
v -7.0317 20.1289 6.3030
v -7.1757 20.1289 5.9570
v -7.2637 20.1289 5.6230
v -7.3032 20.1289 5.2575
v -2.9278 24.2389 17.3304
v -3.5160 24.1885 15.6400
v -3.2859 23.4889 17.2569
v -3.5504 24.2229 15.6400
v -7.4900 24.2239 15.4900
v -7.6500 27.7389 15.3900
v -7.5300 24.4089 15.5900
v -7.5300 27.7389 15.5900
v -7.3300 24.1589 15.6400
v -7.5300 24.4089 15.6400
v -7.5300 27.7389 15.6400
v -3.4310 24.0832 7.6250
v -3.7411 24.3433 7.6250
v -3.7411 24.3433 6.7200
v -3.7611 24.3233 6.7400
v -3.7611 24.3233 7.6050
v -4.0589 24.3433 6.7200
v -4.0389 24.3233 6.7400
v -4.0589 24.3433 7.6250
v -4.0389 24.3233 7.6050
v -4.1089 24.3433 6.6600
v -3.3957 23.6300 14.7400
v -3.3957 24.0478 14.7400
v -3.6911 24.3433 14.7400
v -4.1089 24.3433 14.7400
v -3.3957 23.6800 14.6900
v -3.3957 23.6800 10.1950
v -3.4157 23.7000 10.2150
v -3.4157 23.7000 14.6700
v -3.4057 23.9184 14.6800
v -3.3957 23.9978 10.1950
v -3.4157 23.9778 10.2150
v -3.4057 23.7595 10.2050
v -3.3957 23.9978 14.6900
v -3.4157 23.9778 14.6700
v -3.7411 24.3433 14.6900
v -3.7411 24.3433 10.1950
v -3.7611 24.3233 10.2150
v -3.7611 24.3233 14.6700
v -4.0589 24.3433 10.1950
v -4.0389 24.3233 10.2150
v -4.0589 24.3433 14.6900
v -4.0389 24.3233 14.6700
v -4.3690 24.0832 11.3704
v -3.4310 24.0832 10.1950
v -3.3958 24.0477 10.1450
v -4.4043 24.0478 10.1450
v -4.2874 23.5414 5.6647
v -4.1443 23.3841 6.1407
v -3.8894 23.3782 5.7217
v -3.6557 23.3983 5.4700
v -3.4593 23.5947 6.2900
v -3.4310 24.0832 5.4500
v -3.6911 24.3433 6.3600
v -3.7411 24.3433 6.3100
v -3.7411 24.3433 5.4500
v -3.7611 24.3233 5.4700
v -3.7611 24.3233 6.2900
v -4.0589 24.3433 5.4500
v -4.0389 24.3233 5.4700
v -4.0589 24.3433 6.3100
v -4.0389 24.3233 6.2900
v -4.1443 24.3079 5.4500
v -4.1089 24.3433 5.4000
v -4.1089 24.3433 6.3600
v -3.6704 24.3933 5.1300
v -3.6899 24.3620 5.3508
v -4.4543 24.0686 5.1300
v -4.4268 24.0466 5.3437
v -3.5330 23.4573 5.2650
v -3.5132 22.5817 15.6400
v -7.7000 30.2389 9.7450
v -7.7000 27.7389 9.7450
v -7.4800 27.7389 8.1850
v -7.5800 27.7389 8.2850
v -7.5800 27.7389 8.5550
v -7.5400 27.7389 8.7450
v -7.5400 27.7389 8.7850
v -7.6045 27.7389 9.8450
v -7.5400 27.7389 10.0750
v -7.5000 27.7389 10.0750
v -7.5000 27.7389 10.1250
v -7.5800 27.7389 8.0850
v -6.1522 24.0389 11.7713
v -4.2849 24.1389 11.6611
v -4.3087 24.1280 11.6302
v -4.4342 21.7389 11.2495
v -4.4342 24.0389 11.2495
v -4.3305 24.0922 10.1450
v -7.3791 21.7389 10.1450
v -7.6200 24.1389 10.7105
v -7.4670 24.1388 11.1867
v -6.7652 24.1388 11.9225
v -6.9912 24.1389 11.8714
v -6.5277 24.1389 12.1390
v -5.7896 24.1388 12.2087
v -5.7432 24.1389 12.2775
v -4.4043 24.0389 11.1978
v -4.4043 23.9889 11.1978
v -4.4043 21.7389 11.1978
v -7.5574 24.1389 11.1492
v -3.3632 20.0777 15.6400
v -3.6806 20.1289 15.6400
v -3.2246 20.4189 17.2268
v -3.7500 21.9789 15.6400
v -3.3721 20.2622 15.4741
v -3.6911 24.3433 6.6600
v -3.3958 23.6298 10.1450
v -3.2760 24.0974 8.2850
v -3.2594 24.1139 8.6500
v -3.6911 24.3431 10.1450
v -3.2360 24.1140 8.7850
v -3.6414 24.4630 8.5550
v -3.6911 24.3431 7.6750
v -5.8114 24.1775 10.1375
v -4.1089 24.3432 10.1450
v -4.1089 24.3432 7.6750
v -4.4830 24.0366 9.7950
v -4.4632 23.9888 8.8250
v -4.5294 24.1489 8.7450
v -4.5336 24.1589 8.2350
v -4.4632 23.9888 7.6750
v -3.5232 23.2766 8.7450
v -3.5232 23.2766 8.7850
v -3.5382 23.2828 8.2100
v -3.6277 23.3198 7.7750
v -5.7432 23.9889 7.2575
v -4.3866 23.6124 5.4250
v -4.2049 23.4589 5.9735
v -4.4547 23.5889 6.3030
v -4.3843 23.9778 6.1339
v -4.4043 23.6300 6.1820
v -3.6332 23.4208 6.7587
v -7.7000 24.2379 9.7450
v -7.6006 24.2796 8.3151
v -7.4800 24.3135 8.1850
v -7.5400 24.2929 8.7450
v -7.5400 24.2929 8.7850
v -7.6045 24.2707 9.8450
v -7.4978 24.0888 9.8525
v -7.5000 24.3066 10.0750
v -7.5000 24.3066 10.1250
v -7.5800 24.2791 8.0850
v -7.6445 24.2569 7.7750
v -7.7000 24.2379 7.6750
v -7.7000 24.2379 8.8250
v -7.4191 24.1589 8.2350
v -7.4425 24.1089 8.5550
v -6.2801 24.1489 8.7850
v -7.4308 24.1339 8.2100
v -7.4727 24.0444 7.7750
v -4.4168 24.0228 5.4207
v -4.3866 23.6124 5.7485
v -4.3843 23.9778 5.6230
v -4.3943 23.6900 6.1579
v 4.2993 24.1882 5.2900
v 4.4293 23.9978 5.3250
v 4.3943 23.6900 6.1579
v 5.7432 23.9889 7.6750
v 5.1496 23.9889 7.4762
v 4.7932 24.0139 7.2436
v 7.3532 24.0389 6.4715
v 7.3126 24.0389 5.6230
v 7.7000 24.2379 7.6750
v 4.2581 23.4485 5.2775
v 7.3532 23.6896 2.7984
v 4.3690 23.5947 6.0970
v 4.4043 23.6300 6.1820
v 4.4043 24.0434 6.3600
v 4.4262 24.0437 5.3484
v 7.1343 24.0389 6.2206
v 7.7000 27.7389 7.6750
v 5.7432 23.9889 9.7450
v 7.4978 24.0888 9.8525
v 5.7432 24.1089 8.2850
v 5.7432 24.2089 8.1850
v 5.7432 24.1089 8.5550
v 7.4425 24.1089 8.5550
v 5.7432 24.1489 8.7450
v 7.5400 24.2929 8.7850
v 7.4308 24.1339 8.2100
v 5.7432 24.0844 9.8450
v 5.7432 24.1489 10.0750
v 7.4986 23.9889 9.7450
v 7.5000 24.3066 10.1250
v 5.9625 24.1140 10.1350
v 5.7432 24.0389 10.1450
v 5.7432 24.1089 8.0850
v 7.4191 24.1589 8.2350
v 5.7432 24.0444 7.7750
v 7.7000 24.2379 9.7450
v 7.4800 24.3135 8.1850
v 7.6006 24.2796 8.3151
v 7.5400 24.2929 8.7450
v 7.6045 24.2707 9.8450
v 7.5000 24.3066 10.0750
v 7.5800 24.2791 8.0850
v 7.6445 24.2569 7.7750
v 7.7000 27.7389 9.7450
v 7.5800 27.7389 8.2850
v 7.4800 27.7389 8.1850
v 7.5800 27.7389 8.5550
v 7.5400 27.7389 8.7450
v 7.5400 27.7389 8.7850
v 7.6045 27.7389 9.8450
v 7.5400 27.7389 10.0750
v 7.5000 27.7389 10.0750
v 7.5000 27.7389 10.1250
v 7.5800 27.7389 8.0850
v 7.6445 27.7389 7.7750
v 3.7500 21.9789 15.6400
v 3.5132 22.5817 15.6400
v 3.4332 20.1289 15.3900
v 4.3128 24.1111 11.6942
v 4.3407 24.0832 10.2150
v 4.3185 24.1173 11.4958
v 4.4192 24.0389 11.2236
v 4.4043 23.9889 11.1978
v 4.4043 23.9889 10.1450
v 4.4043 24.0478 10.1450
v 4.1443 24.2796 10.2150
v 4.1443 24.2796 14.6700
v 4.2849 24.1389 11.5209
v 3.5160 24.1885 15.6400
v 3.5000 24.8111 17.3304
v 3.5504 24.2229 15.6400
v 3.3957 23.6300 14.7400
v 3.3957 24.0478 14.7400
v 4.1089 24.3433 14.7400
v 3.3957 23.6800 14.6900
v 3.4057 23.7595 10.2050
v 3.3957 23.9978 10.1950
v 3.4057 23.9184 14.6800
v 3.4310 24.0832 10.1950
v 3.6911 24.3433 14.7400
v 3.7411 24.3433 14.6900
v 3.7611 24.3233 14.6700
v 3.7611 24.3233 10.2150
v 3.7411 24.3433 10.1950
v 4.0389 24.3233 10.2150
v 4.0589 24.3433 10.1950
v 4.0389 24.3233 14.6700
v 4.0589 24.3433 14.6900
v 4.1089 24.3432 10.1450
v 5.8917 21.7389 10.1450
v 7.5574 24.1389 11.1492
v 7.4398 24.1388 11.2246
v 7.6200 24.1389 10.7105
v 4.4043 21.7389 11.1978
v 5.7432 24.1389 12.2775
v 6.7652 24.1388 11.9225
v 6.5277 24.1389 12.1390
v 6.9912 24.1389 11.8714
v 5.6041 24.0500 11.5889
v 5.5497 24.1384 12.2253
v 4.9587 24.1389 12.1390
v 7.3300 24.1589 15.6400
v 7.5300 24.4089 15.6400
v 7.5300 27.7389 15.6400
v 7.4900 24.2239 15.4900
v 7.5300 24.4089 15.5900
v 7.5300 27.7389 15.5900
v 7.6500 27.7389 15.3900
v 4.4632 23.9888 7.6750
v 4.7057 24.0392 6.7218
v 4.4547 23.5889 6.3030
v 3.7957 23.1702 6.4242
v 3.5507 23.4397 5.2900
v 3.8976 23.3821 5.7301
v 4.2049 23.4589 5.9735
v 4.1332 23.3114 6.3030
v 4.1443 23.3700 6.1723
v 3.6332 23.4208 6.5197
v 3.6832 21.5399 7.6750
v 3.6346 23.3990 6.1639
v 6.3673 22.2006 7.1966
v 5.2489 24.0389 7.4885
v 5.6043 24.0378 7.3126
v 4.4228 24.0389 6.3208
v 3.6383 22.0791 7.3848
v 4.6254 24.0389 7.1209
v 4.2341 23.4881 5.8594
v 3.6832 21.9789 7.2575
v 3.4593 23.5947 5.4700
v 3.6911 24.3433 6.6600
v 4.1089 24.3433 6.3600
v 3.6911 24.3431 7.6750
v 3.4310 24.0832 7.6250
v 3.7411 24.3433 7.6250
v 3.7611 24.3233 7.6050
v 3.7611 24.3233 6.7400
v 3.7411 24.3433 6.7200
v 4.0389 24.3233 6.7400
v 4.0589 24.3433 6.7200
v 4.0389 24.3233 7.6050
v 4.0589 24.3433 7.6250
v 4.1089 24.3433 6.6600
v 3.6911 24.3433 6.3600
v 3.7411 24.3433 6.3100
v 3.7611 24.3233 6.2900
v 3.7611 24.3233 5.4700
v 3.7411 24.3433 5.4500
v 4.0389 24.3233 5.4700
v 4.0589 24.3433 5.4500
v 4.0389 24.3233 6.2900
v 4.0589 24.3433 6.3100
v 4.1089 24.3433 5.4000
v 3.4310 24.0832 5.4500
v 3.6899 24.3620 5.3508
v 3.6704 24.3933 5.1300
v 3.5632 21.9789 8.2850
v 3.4632 21.9789 8.1850
v 3.5632 21.9789 8.5550
v 3.5382 23.2828 8.2100
v 3.5232 21.9789 8.7450
v 3.5232 23.2766 8.7450
v 3.5232 21.9789 8.7850
v 3.5232 23.2766 8.7850
v 3.5877 21.9789 9.8450
v 3.5232 21.9789 10.0750
v 3.6832 23.3428 9.7450
v 3.6832 21.9789 9.7450
v 3.5632 21.9789 8.0850
v 3.6277 23.3198 7.7750
v 3.6277 21.9789 7.7750
v 3.3958 23.6298 10.1450
v 3.2360 24.1140 8.7850
v 4.5460 24.1890 10.1250
v 4.1919 24.5432 10.1250
v 4.5460 24.1890 10.0750
v 4.1919 24.5432 10.0750
v 4.4830 24.0366 9.7950
v 4.4632 23.9888 8.8250
v 6.2801 24.1489 8.7850
v 4.5294 24.1489 8.7450
v 4.5336 24.1589 8.2350
v 4.1089 24.3432 7.6750
v 3.6911 24.3431 10.1450
v 3.6414 24.4630 8.5550
v 3.2760 24.0974 8.2850
v 3.3958 24.0477 10.1450
v 3.2594 24.1139 8.6500
v 3.0433 20.4189 17.6772
v 3.5082 20.2960 15.3900
v 3.6806 20.4189 15.6400
v 3.5832 20.4214 15.3900
v 6.6730 24.0389 7.2132
v 6.5319 24.0385 6.9810
v 5.7432 23.9889 7.2575
v 7.3532 21.9789 3.7500
v 3.6082 20.3689 14.7275
v 3.6832 21.5854 14.9476
v 3.6832 20.5239 15.1400
v 7.3030 20.3689 5.2575
v 5.7432 20.3689 7.2575
v 5.7432 20.1289 7.2575
v 5.4762 20.1289 7.1745
v 5.1682 20.3689 7.0245
v 5.1682 20.1289 7.0245
v 4.8897 20.1289 6.8205
v 4.6492 20.1289 6.5695
v 4.4547 20.1289 6.3030
v 4.3107 20.1289 5.9570
v 4.2227 20.1289 5.6230
v 4.1832 20.1289 5.2575
v 4.1832 20.1289 5.1300
v 4.3595 20.3689 5.8950
v 6.0102 20.1289 7.1745
v 6.3182 20.1289 7.0245
v 7.0771 20.3689 6.1131
v 6.5967 20.1289 6.8205
v 6.8372 20.1289 6.5695
v 7.0317 20.1289 6.3030
v 7.1757 20.1289 5.9570
v 7.2637 20.1289 5.6230
v 7.3032 20.1289 5.2575
v 3.5832 20.1289 14.5900
v 3.4832 20.1289 15.1400
v 3.5832 20.1289 10.1450
v 3.5107 20.3593 7.9425
v 3.5832 20.2239 8.8250
v 3.4232 20.1289 10.0750
v 3.5354 20.3504 9.7950
v 3.4877 20.1289 9.8450
v 3.5832 20.1289 9.7450
v 3.5228 20.0104 8.1038
v 7.3532 21.9789 5.2575
v 3.6354 20.4383 9.7950
v 3.6832 20.5059 9.2350
v 3.5132 20.4882 8.2350
v 3.5232 20.4989 8.7450
v 3.5232 20.4989 8.7850
v 3.6582 20.5236 5.8948
v 4.4950 22.4222 7.0838
v 5.7176 21.9789 7.3603
v 4.8567 21.0924 6.8580
v 3.6332 22.1745 7.5335
v 3.6332 20.7498 6.9445
v 3.6334 20.6774 6.4302
v -3.3807 24.2109 16.5459
v -3.3962 24.1885 16.5500
v -3.0311 24.2109 17.3900
v -2.4749 24.2109 18.1149
v -3.0450 24.1885 17.3980
v -0.9059 24.2389 19.0207
v -0.2426 23.4889 19.2942
v -1.8750 23.4889 18.8876
v -0.9059 24.2109 19.0207
v -0.0000 24.2389 19.1400
v -0.0000 24.2109 19.1400
v -3.5504 24.3428 16.5500
v -3.5280 24.3582 16.5459
v -3.5504 24.6940 17.3980
v -3.5280 24.7079 17.3900
v -3.5280 25.2641 18.1149
v -3.5000 24.8111 17.3304
v -3.5504 27.7389 19.1560
v -3.5280 26.8331 19.0207
v -3.5000 26.8331 19.0207
v -3.5280 27.7389 19.1400
v -3.5000 27.7389 19.1400
v -3.8000 27.7389 20.2400
v -3.8000 26.1623 20.2400
v -1.5767 23.9389 20.2400
v -0.0000 23.9389 20.2400
v -3.8000 29.3156 20.2400
v -1.5767 31.5389 20.2400
v -0.0000 31.5389 20.2400
v -3.5000 30.9385 18.1476
v -3.5000 31.2389 17.1193
v -2.3685 31.2389 18.7589
v -3.4194 31.3129 16.5562
v -3.4194 31.3029 16.5562
v -3.5160 31.2893 15.6400
v -3.3962 31.2893 16.5500
v -3.3807 31.2669 16.5459
v -3.0657 31.3129 17.4100
v -3.0657 31.3029 17.4100
v -3.0450 31.2893 17.3980
v -3.0311 31.2669 17.3900
v -2.1266 31.2849 18.4071
v -2.5032 31.3029 18.1432
v -2.4749 31.2669 18.1149
v -1.7700 31.3029 18.7057
v -2.5032 31.3129 18.1432
v -1.7580 31.2893 18.6850
v -2.9278 31.2389 17.3304
v -0.9162 31.3129 19.0594
v -0.9162 31.3029 19.0594
v -0.9100 31.2893 19.0362
v -0.0000 31.2893 19.1560
v -0.9059 31.2669 19.0207
v -0.9059 31.2389 19.0207
v -0.0000 31.3129 19.1800
v -0.0000 31.3029 19.1800
v -0.0000 31.2669 19.1400
v -0.0000 31.2389 19.1400
v -3.5000 31.2389 15.6400
v -3.5504 31.1351 16.5500
v -3.5504 31.2549 15.6400
v -3.5280 31.1197 16.5459
v -3.5000 30.6668 17.3304
v -3.5280 30.7700 17.3900
v -3.5504 30.7839 17.3980
v -3.5280 30.2138 18.1149
v -3.5000 28.6448 19.0207
v -3.5280 28.6448 19.0207
v 1.5767 31.5389 20.2400
v 3.8000 29.3156 20.2400
v 3.8000 27.7389 20.2400
v 3.5504 31.2549 15.6400
v 3.5504 31.1351 16.5500
v 3.5280 31.1197 16.5459
v 3.5504 30.7839 17.3980
v 3.5280 30.7700 17.3900
v 3.5280 30.2138 18.1149
v 3.5000 30.6668 17.3304
v 3.5504 27.7389 19.1560
v 3.5280 28.6448 19.0207
v 3.5000 28.6448 19.0207
v 3.5280 27.7389 19.1400
v 3.5000 27.7389 19.1400
v 3.4194 31.3129 16.5562
v 3.4194 31.3029 16.5562
v 3.3962 31.2893 16.5500
v 3.5160 31.2893 15.6400
v 3.3807 31.2669 16.5459
v 2.9278 31.2389 17.3304
v 3.0657 31.3129 17.4100
v 3.0657 31.3029 17.4100
v 3.0311 31.2669 17.3900
v 2.5032 31.3129 18.1432
v 2.5032 31.3029 18.1432
v 3.0450 31.2893 17.3980
v 2.1266 31.2849 18.4071
v 2.4749 31.2669 18.1149
v 0.9162 31.3029 19.0594
v 1.7700 31.3029 18.7057
v 1.7580 31.2893 18.6850
v 0.9059 31.2389 19.0207
v 0.9162 31.3129 19.0594
v 0.9100 31.2893 19.0362
v 0.9059 31.2669 19.0207
v 3.8000 26.1623 20.2400
v 1.5767 23.9389 20.2400
v 3.5000 24.5394 18.1476
v 3.5000 24.2389 17.1193
v 2.3685 24.2389 18.7589
v 3.3962 24.1885 16.5500
v 3.3807 24.2109 16.5459
v 3.0450 24.1885 17.3980
v 3.0311 24.2109 17.3900
v 2.4749 24.2109 18.1149
v 3.0433 23.4889 17.6772
v 2.9278 24.2389 17.3304
v -0.0000 24.1885 19.1560
v 0.9059 24.2109 19.0207
v 0.9059 24.2389 19.0207
v 3.5000 24.2389 15.6400
v 3.5504 24.3428 16.5500
v 3.5280 24.3582 16.5459
v 3.5280 24.7079 17.3900
v 3.5504 24.6940 17.3980
v 3.5280 25.2641 18.1149
v 3.5000 26.8331 19.0207
v 3.5280 26.8331 19.0207
v 3.7800 26.1706 20.2400
v 1.5684 23.9589 20.2400
v -0.0000 23.9589 20.2400
v -1.5684 23.9589 20.2400
v -3.7800 26.1706 20.2400
v -3.7800 27.7389 20.2400
v -3.7800 29.3073 20.2400
v -1.5684 31.5189 20.2400
v -0.0000 31.5189 20.2400
v 1.5684 31.5189 20.2400
v 3.7800 29.3073 20.2400
v 3.7800 27.7389 20.2400
v 3.7800 26.1706 20.3900
v 1.5684 23.9589 20.3900
v -0.0000 23.9589 20.3900
v -1.5684 23.9589 20.3900
v -3.7800 26.1706 20.3900
v -3.7800 27.7389 20.3900
v -3.7800 29.3073 20.3900
v -1.5684 31.5189 20.3900
v -0.0000 31.5189 20.3900
v 1.5684 31.5189 20.3900
v 3.7800 29.3073 20.3900
v 3.7800 27.7389 20.3900
v 3.7600 26.1789 20.3900
v 1.5601 23.9789 20.3900
v -0.0000 23.9789 20.3900
v -1.5601 23.9789 20.3900
v -3.7600 26.1789 20.3900
v -3.7600 27.7389 20.3900
v -3.7600 29.2990 20.3900
v -1.5601 31.4989 20.3900
v 1.5601 31.4989 20.3900
v -0.0000 31.4989 20.3900
v 3.7600 29.2990 20.3900
v 3.7600 27.7389 20.3900
v 3.7600 26.1789 20.5400
v -3.7600 26.1789 20.5400
v -3.7600 27.7389 20.5400
v -3.7600 29.2990 20.5400
v 3.7600 29.2990 20.5400
v 3.7600 27.7389 20.5400
v 3.6000 26.2451 20.7200
v 1.4971 24.0532 20.6300
v -1.5683 24.0760 20.6300
v -1.4938 24.1389 20.7400
v -3.6000 27.7389 20.7200
v -3.6000 29.2328 20.7200
v -1.4971 31.4246 20.6300
v 1.5683 31.4018 20.6300
v 3.7200 28.1124 20.5100
v 1.4938 31.3389 20.7400
v 3.6000 27.7389 20.7200
v 3.6000 26.2451 20.7400
v 1.4938 24.1389 20.7400
v -3.6000 26.2451 20.7400
v -3.6000 27.7389 20.7400
v -3.6000 29.2328 20.7400
v -1.4938 31.3389 20.7400
v 3.6000 29.2328 20.7400
v 3.6000 27.7389 20.7400
v 1.5767 23.9389 20.7400
v -1.5767 23.9389 20.7400
v -3.8000 29.3156 20.7400
v -1.5767 31.5389 20.7400
v 1.5767 31.5389 20.7400
v 3.8000 26.9506 20.7400
v 3.8000 26.1623 21.1900
v 3.7750 26.1726 21.2300
v 1.5702 23.9735 21.2423
v -1.5586 23.9516 21.2150
v -1.5559 23.9889 21.4400
v -3.8000 27.7389 21.1900
v -3.7750 29.3052 21.2300
v 1.5586 31.5263 21.2150
v 1.5559 31.4889 21.4400
v 3.8000 27.7389 21.1900
v 3.7500 27.7389 21.2700
v 3.7750 29.3052 21.2300
v -1.5702 31.5043 21.2423
v -3.7500 29.2949 21.2700
v -3.7500 27.7389 21.2700
v -3.7750 26.1726 21.2300
v 3.7500 28.5169 21.4400
v -1.5559 31.4889 21.4400
v -3.7500 26.9610 21.4400
v 1.5559 23.9889 21.4400
v 1.5145 24.0889 21.4400
v 3.6500 28.1176 21.4400
v -1.5145 31.3889 21.4400
v -3.6500 27.3603 21.4400
v 3.6500 26.2244 21.5400
v 3.6000 26.2451 21.6000
v 3.6500 27.7389 21.5400
v 3.6500 29.2535 21.5400
v 1.5145 31.3889 21.4400
v 1.4685 31.3494 21.6000
v -1.5145 31.3889 21.5400
v -3.6500 29.2535 21.5400
v -3.6000 29.2328 21.6000
v -3.6500 27.7389 21.5400
v -1.5145 24.0889 21.4400
v -3.6500 26.2244 21.5400
v -1.4685 24.1285 21.6000
v 1.5145 24.0889 21.5400
v 3.5500 27.7389 21.6600
v 3.5500 29.2120 21.6600
v -0.0000 31.2889 21.6600
v -1.4731 31.2889 21.6600
v -3.5500 27.7389 21.6600
v -3.5500 26.2658 21.6600
v -0.0000 24.1889 21.6600
v 1.4731 24.1889 21.6600
v 3.5500 26.2658 21.6900
v 3.5500 27.7389 21.6900
v 3.5500 29.2120 21.6900
v 1.4731 31.2889 21.6900
v -0.0000 31.2889 21.6900
v -1.4731 31.2889 21.6900
v -3.5500 29.2120 21.6900
v -3.5500 27.7389 21.6900
v -3.5500 26.2658 21.6900
v -1.4731 24.1889 21.6900
v -0.0000 24.1889 21.6900
v 1.4731 24.1889 21.6900
v -3.6971 26.0452 24.4400
v -2.5893 24.9375 24.4400
v -3.6011 25.8962 23.7313
v -3.5456 25.8231 23.9771
v -2.3954 24.6905 24.0582
v -1.8475 24.1467 23.9340
v -1.6937 24.0419 24.4400
v -1.9140 24.1208 22.9275
v -3.6005 25.8779 22.4150
v -2.4974 24.7748 22.4150
v -2.4919 24.7890 23.8556
v -1.9292 24.2066 24.0936
v -3.6143 25.7503 23.8931
v -2.5112 24.6472 23.8931
v -2.9995 30.2010 23.7400
v -3.0702 30.2717 23.7400
v -3.5651 29.6353 22.5400
v -3.6359 29.7060 23.7400
v -3.5651 29.6353 23.7400
v -3.5951 29.5700 23.7783
v -1.8610 31.3394 22.4150
v -1.8479 31.3349 23.8556
v -2.9994 30.2010 22.5400
v -3.6359 29.5646 21.6900
v -3.0210 30.1795 23.8931
v -2.9422 30.2583 23.8357
v -1.9566 31.2792 24.0258
v -1.6937 31.4360 24.4400
v 3.6028 29.5835 23.7313
v 1.9292 31.2712 24.0936
v 3.6005 29.6707 23.1400
v 3.5456 29.6548 23.9771
v 2.4974 30.7737 23.1400
v 2.4929 30.6899 23.8557
v 3.6005 29.5292 21.6900
v 3.5736 29.5562 23.9313
v 2.4974 30.6323 21.6900
v 1.9140 31.3571 22.9275
v 1.8473 31.3310 23.9341
v 2.4042 30.7962 24.0582
v 3.6971 29.4327 24.4400
v 1.6937 31.4360 24.4400
v 2.5893 30.5404 24.4400
v 1.8610 24.1384 22.4150
v 2.4621 24.7395 22.5400
v 2.4621 24.7395 23.7400
v 2.5328 24.6688 23.7400
v 2.4555 24.7683 23.9122
v 1.8469 24.1440 23.8556
v 1.9886 24.1246 23.8931
v 2.9994 25.2769 23.7400
v 2.9994 25.2769 22.5400
v 3.0702 25.2062 23.7400
v 3.5651 25.8426 22.5400
v 3.5651 25.8426 23.7400
v 3.6359 25.7719 23.7400
v 3.5951 25.9079 23.7783
v 2.5328 24.8102 21.6900
v 2.5328 24.8102 23.7400
v 3.6359 25.9133 21.6900
v 3.0210 25.2984 23.8931
v 2.9287 25.2062 23.7400
v 2.4974 24.8455 21.6900
v 2.4974 24.8455 23.7400
v 2.5893 24.9375 24.4400
v 1.9454 24.2405 24.0582
v 1.6937 24.0419 24.4400
v 3.8100 26.1581 24.4400
v 1.5808 23.9289 24.4400
v -1.5808 23.9289 24.4400
v -3.8100 26.1581 24.4400
v -3.8100 29.3197 24.4400
v -1.5808 31.5489 24.4400
v 1.5808 31.5489 24.4400
v 3.8100 29.3197 24.4400
v 3.7100 26.1996 24.4400
v 1.5394 24.0289 24.4400
v -1.5394 24.0289 24.4400
v -3.7100 26.1996 24.4400
v -3.7100 29.2783 24.4400
v -1.5394 31.4489 24.4400
v 1.5394 31.4489 24.4400
v 3.7100 29.2783 24.4400
v 1.4565 24.2289 24.7900
v -1.4565 24.2289 24.7900
v -1.4565 24.2289 24.8400
v -1.4565 31.2489 24.7900
v 1.4565 31.2489 24.7900
v 1.4565 31.2489 24.8400
v 3.5100 26.2824 24.8400
v 1.4565 24.2289 24.8400
v -3.5100 29.1955 24.8400
v -1.4565 31.2489 24.8400
v -3.5084 29.3993 25.3056
v -1.6253 31.1627 25.7778
v -3.4238 29.3642 25.7778
v -3.2992 29.3126 26.2561
v 3.5084 26.0786 25.3056
v 1.6253 24.3151 25.7778
v 3.4238 26.1136 25.7778
v 3.2992 26.1653 26.2561
v 3.3671 26.1516 25.7619
v -3.3671 29.3263 25.7619
v 3.6222 21.9789 16.6106
v 3.2476 21.9789 17.5150
v 2.6517 21.9789 18.2917
v 1.8750 21.9789 18.8876
v 0.9706 21.9789 19.2622
v -0.0000 21.9789 19.3900
v -3.6222 21.9789 16.6106
v -3.2476 21.9789 17.5150
v -2.6517 21.9789 18.2917
v -1.8750 21.9789 18.8876
v -3.0433 20.4189 17.6772
v -0.9706 21.9789 19.2622
v -0.2426 20.4189 19.2942
v 1.8400 20.4189 18.8270
v 2.9865 20.4189 17.6392
v -0.2381 20.4189 19.2260
v -1.8400 20.4189 18.8270
v -7.1480 27.7389 17.2738
v 3.5546 20.1289 16.5924
v 3.1870 20.1289 17.4800
v 2.6021 20.1289 18.2422
v 1.8400 20.1289 18.8270
v 0.9525 20.1289 19.1946
v -0.0000 20.1289 19.3200
v -3.5546 20.1289 16.5924
v -3.1870 20.1289 17.4800
v -2.6021 20.1289 18.2422
v -1.8400 20.1289 18.8270
v -0.9525 20.1289 19.1946
v 7.3300 26.7015 18.3965
v 7.3300 31.2389 15.6400
v -7.3300 24.2389 15.6400
v -7.3300 27.9654 18.8757
v 7.1488 27.7389 17.2738
v -3.6082 4.0889 14.7275
v -3.5632 2.4789 8.5550
v -3.5232 3.9589 8.7450
v -3.5232 2.4789 8.7450
v -3.5232 3.9589 8.7850
v -3.5232 2.4789 8.7850
v -3.6832 4.0389 9.7450
v -3.5632 2.4789 8.2850
v -3.4632 2.4789 8.1850
v -3.6832 3.9339 15.3900
v -3.5232 2.4789 10.0750
v -3.5877 2.4789 9.8450
v -3.6832 2.4789 9.7450
v -3.6332 4.0439 5.6234
v -4.4950 2.9222 7.0838
v -3.5216 4.2707 8.0413
v -3.6332 3.9871 6.6454
v -3.6332 4.6991 5.9735
v -3.6332 2.4693 7.4418
v -3.5232 4.5905 7.9550
v -3.5632 2.4789 8.0850
v -3.6277 2.4789 7.7750
v -3.6332 3.9144 6.1088
v -3.6333 3.5212 6.7167
v -3.5832 4.3289 14.5900
v -3.5354 4.1074 9.7950
v -3.4382 3.9965 8.2100
v -3.5832 4.3289 8.8250
v -3.4232 4.3289 10.0750
v -3.4877 4.3289 9.8450
v -3.5832 4.3289 9.7450
v -3.6832 4.6189 10.1450
v -3.5832 4.5189 10.1450
v -3.5832 4.5189 14.5900
v -3.5796 4.5379 14.6421
v -3.5132 4.6882 8.2350
v -3.5232 4.6989 8.7450
v -3.5232 4.6989 8.7850
v -3.5832 4.5189 9.7450
v -3.6832 4.6189 9.7450
v -3.4632 6.1789 8.1850
v -3.5632 6.1789 8.2850
v -3.5632 6.1789 8.5550
v -3.5232 6.1789 8.7450
v -3.5232 6.1789 8.7850
v -3.5877 6.1789 9.8450
v -3.5232 6.1789 10.0750
v -3.6832 6.1789 9.7450
v -3.6832 4.7239 15.1400
v -3.6832 6.1789 7.2575
v -4.8567 5.2924 6.8580
v -5.7176 6.1789 7.3603
v -6.3673 6.4005 7.1966
v -3.6832 6.1789 7.6750
v -3.6332 5.2492 7.2132
v -3.5632 6.1789 8.0850
v -3.6277 6.1789 7.7750
v -3.6343 6.3179 7.3126
v -3.6343 5.2114 6.8641
v 3.6832 4.6189 9.7450
v 3.5632 6.1789 8.2850
v 3.4632 6.1789 8.1850
v 3.5632 6.1789 8.5550
v 3.5232 4.6989 8.7450
v 3.5232 6.1789 8.7450
v 3.5232 4.6989 8.7850
v 3.5232 6.1789 8.7850
v 3.5232 6.1789 10.0750
v 3.5877 6.1789 9.8450
v 3.6832 6.1789 9.7450
v 3.6582 4.6802 5.7902
v 4.4950 6.6222 7.0838
v 5.7176 6.1789 7.3603
v 4.8567 5.2924 6.8580
v 3.6332 5.5815 7.4564
v 3.6332 6.7571 7.4272
v 3.5632 6.1789 8.0850
v 3.6277 6.1789 7.7750
v 3.6337 5.3627 6.9635
v 3.6332 4.7435 6.1088
v 3.6332 4.7429 6.5919
v 3.6222 4.6189 16.6106
v 3.6832 3.9339 15.1400
v 3.4632 2.4789 8.1850
v 3.5632 2.4789 8.2850
v 3.5632 2.4789 8.5550
v 3.5132 3.9697 8.2350
v 3.5232 2.4789 8.7450
v 3.5232 3.9589 8.7450
v 3.5232 3.9589 8.7850
v 3.5232 2.4789 8.7850
v 3.5877 2.4789 9.8450
v 3.5232 2.4789 10.0750
v 3.6832 4.0389 9.7450
v 3.6832 2.4789 9.7450
v 3.6832 0.9189 8.8250
v 3.6832 2.0025 6.9654
v 6.3673 2.7005 7.1966
v 3.5232 4.0673 7.9550
v 3.6832 2.4789 7.6750
v 3.6332 3.0571 7.4272
v 3.5632 2.4789 8.0850
v 3.6277 2.4789 7.7750
v 3.6415 3.1057 7.1856
v 3.7500 4.0389 15.6400
v 3.6222 0.9189 16.6106
v 3.6494 4.5861 14.3227
v 3.5332 4.1389 14.8650
v 3.5354 4.1074 9.7950
v 3.5207 4.3721 8.0405
v 3.4382 4.6613 8.2100
v 3.5832 4.3289 8.8250
v 3.4232 4.3289 10.0750
v 3.4877 4.3289 9.8450
v 3.5832 4.3289 9.7450
v 3.5832 4.5189 10.1450
v 3.6832 6.1789 15.2650
v 3.5832 4.5189 9.7450
v 3.6832 9.5339 12.2637
v 3.6253 8.3075 14.7104
v 3.4632 9.8789 8.1850
v 3.5632 9.8789 8.2850
v 3.5632 9.8789 8.5550
v 3.6832 8.3189 10.1450
v 3.5232 9.8789 8.7450
v 3.5232 8.3989 8.7450
v 3.5232 8.3989 8.7850
v 3.5232 9.8789 8.7850
v 3.5877 9.8789 9.8450
v 3.5232 9.8789 10.0750
v 3.6832 9.8789 9.7450
v 3.6582 8.3802 5.7902
v 4.4950 10.3222 7.0838
v 5.7176 9.8789 7.3603
v 5.2999 8.6306 7.0838
v 3.6332 9.2814 7.4564
v 3.6332 10.4571 7.4272
v 3.5632 9.8789 8.0850
v 3.6277 9.8789 7.7750
v 3.6337 9.0627 6.9635
v 3.6332 8.4435 6.1088
v 3.6332 8.4429 6.5919
v 3.6222 8.3189 16.6106
v 3.6832 7.7389 8.8250
v 3.5132 7.6697 8.2350
v 3.6832 7.7389 10.1450
v 3.5232 7.6589 8.7450
v 3.5232 7.6589 8.7850
v 3.6093 7.7792 9.7700
v 3.6832 5.7025 6.9654
v 6.3673 6.4005 7.1966
v 3.5482 7.7423 7.9550
v 3.6207 4.0363 6.1373
v 3.6415 6.8057 7.1856
v 3.7500 7.7389 15.6400
v 3.5832 7.8389 10.1450
v 3.5832 7.8389 14.5900
v 3.5796 7.8199 14.6421
v 3.5832 8.0289 14.5900
v 3.5832 8.0289 10.1450
v 3.5207 8.0721 8.0405
v 3.4382 8.3613 8.2100
v 3.5832 8.0289 8.8250
v 3.4877 8.0289 9.8450
v 3.4232 8.0289 10.0750
v 3.5832 8.0289 9.7450
v 3.5832 8.2189 14.5900
v 3.5832 8.2189 10.1450
v 3.6093 8.2786 9.7700
v -3.6832 8.3189 8.8250
v -3.5632 9.8789 8.2850
v -3.4632 9.8789 8.1850
v -3.5132 8.3881 8.2350
v -3.5632 9.8789 8.5550
v -3.6832 8.3189 10.1450
v -3.5232 8.3989 8.7450
v -3.5232 9.8789 8.7450
v -3.5232 8.3989 8.7850
v -3.5232 9.8789 8.7850
v -3.6093 8.2786 9.7700
v -3.5232 9.8789 10.0750
v -3.5877 9.8789 9.8450
v -3.6832 9.8789 9.7450
v -3.6832 8.4239 15.1400
v -3.6832 9.8789 7.2575
v -4.8567 8.9924 6.8580
v -5.7176 9.8789 7.3603
v -6.3673 10.1005 7.1966
v -3.6832 9.8789 7.6750
v -3.6332 8.9491 7.2132
v -3.6332 8.3991 5.9735
v -3.5632 9.8789 8.0850
v -3.6277 9.8789 7.7750
v -3.6343 10.0179 7.3126
v -3.6343 8.9114 6.8641
v -3.6832 6.4377 13.3019
v -3.6831 7.6696 14.9592
v -3.6832 7.7389 10.1450
v -3.5232 7.6589 8.7450
v -3.5232 7.6589 8.7850
v -3.6332 7.7439 5.6234
v -4.4950 6.6222 7.0838
v -3.5216 7.9707 8.0413
v -3.6332 7.6871 6.6454
v -3.6332 6.7571 7.4272
v -3.5232 8.2905 7.9550
v -3.6334 7.4805 6.4302
v -3.5832 7.8389 14.5900
v -3.5832 7.8389 10.1450
v -3.4832 7.8389 15.1400
v -3.5832 8.0289 14.5900
v -3.5832 8.0289 10.1450
v -3.6093 7.7792 9.7700
v -3.4382 7.6965 8.2100
v -3.5832 8.0289 8.8250
v -3.4232 8.0289 10.0750
v -3.4877 8.0289 9.8450
v -3.5832 8.0289 9.7450
v -3.5832 8.2189 10.1450
v -3.5832 8.2189 14.5900
v -3.6112 8.2666 14.6157
v -3.5332 7.9777 15.3900
v 3.6832 13.2339 12.2637
v 3.6832 12.0883 14.9592
v 3.4632 13.5789 8.1850
v 3.5632 13.5789 8.2850
v 3.5632 13.5789 8.5550
v 3.6832 12.0189 10.1450
v 3.5232 13.5789 8.7450
v 3.5232 12.0989 8.7450
v 3.5232 12.0989 8.7850
v 3.5232 13.5789 8.7850
v 3.5877 13.5789 9.8450
v 3.5232 13.5789 10.0750
v 3.6832 13.5789 9.7450
v 3.6832 12.0189 8.8250
v 3.6582 12.0802 5.7902
v 4.4950 14.0222 7.0838
v 5.7176 13.5789 7.3603
v 5.2999 12.3307 7.0838
v 3.6332 12.9815 7.4564
v 3.6332 14.1571 7.4272
v 3.5632 13.5789 8.0850
v 3.6277 13.5789 7.7750
v 3.6332 12.1434 6.1086
v 3.6332 12.1429 6.5919
v 3.6222 12.0189 16.6106
v 3.6832 11.3339 15.1400
v 3.5132 11.3697 8.2350
v 3.5232 11.3589 8.7450
v 3.5232 11.3589 8.7850
v 3.6832 11.4389 9.7450
v 3.6832 9.4025 6.9654
v 6.4081 10.0598 6.9709
v 3.5232 11.4673 7.9550
v 3.6395 7.7183 6.2706
v 3.6415 10.5058 7.1856
v 3.7500 11.4389 15.6400
v 3.5832 11.7289 14.5900
v 3.4832 11.9189 15.1400
v 3.5332 11.5389 14.8650
v 3.5354 11.5074 9.7950
v 3.5207 11.7721 8.0405
v 3.4382 12.0613 8.2100
v 3.5832 11.7289 8.8250
v 3.4877 11.7289 9.8450
v 3.4232 11.7289 10.0750
v 3.5832 11.7289 9.7450
v 3.5832 11.9189 14.5900
v 3.5832 11.9189 10.1450
v 3.6832 12.1239 15.3900
v 3.5207 13.5789 15.3900
v 3.6093 11.9786 9.7700
v -3.6832 12.0189 8.8250
v -3.5632 13.5789 8.2850
v -3.4632 13.5789 8.1850
v -3.5132 12.0882 8.2350
v -3.5632 13.5789 8.5550
v -3.6832 12.0189 10.1450
v -3.5232 12.0989 8.7450
v -3.5232 13.5789 8.7450
v -3.5232 12.0989 8.7850
v -3.5232 13.5789 8.7850
v -3.6093 11.9786 9.7700
v -3.5232 13.5789 10.0750
v -3.5877 13.5789 9.8450
v -3.6832 13.5789 9.7450
v -3.6832 12.1239 15.1400
v -3.6832 13.5789 7.2575
v -4.8567 12.6924 6.8580
v -5.7176 13.5789 7.3603
v -6.3673 13.8006 7.1966
v -3.6082 15.4039 6.5186
v -3.6332 12.6492 7.2132
v -3.6332 12.0991 5.9735
v -3.5632 13.5789 8.0850
v -3.6277 13.5789 7.7750
v -3.6343 13.7179 7.3126
v -3.6343 12.6115 6.8642
v -3.6082 11.4889 14.7275
v -3.6832 11.4389 9.7450
v -3.5232 11.3589 8.7450
v -3.5232 11.3589 8.7850
v -3.6832 11.3339 15.3900
v -3.6332 11.4439 5.6234
v -4.4950 10.3222 7.0838
v -3.5216 11.6708 8.0413
v -3.6332 11.3871 6.6454
v -3.6332 10.4571 7.4272
v -3.5232 11.9906 7.9550
v -3.6334 11.1805 6.4302
v -3.5832 11.7289 14.5900
v -3.5354 11.5074 9.7950
v -3.4382 11.3966 8.2100
v -3.5832 11.7289 8.8250
v -3.4232 11.7289 10.0750
v -3.4877 11.7289 9.8450
v -3.5832 11.7289 9.7450
v -3.5832 11.9189 10.1450
v -3.5832 11.9189 14.5900
v -3.5796 11.9380 14.6421
v 7.3532 19.0437 3.8875
v 3.6832 17.6064 12.2637
v 3.6832 15.7883 14.9592
v 3.6832 15.7189 9.7450
v 3.4632 17.7789 8.1850
v 3.5632 17.7789 8.2850
v 3.5632 17.7789 8.5550
v 3.6832 15.7189 10.1450
v 3.5232 17.7789 8.7450
v 3.5232 15.7989 8.7450
v 3.5232 15.7989 8.7850
v 3.5232 17.7789 8.7850
v 3.5877 17.7789 9.8450
v 3.5232 17.7789 10.0750
v 3.5232 15.7839 10.0750
v 3.6832 17.7789 9.7450
v 3.6832 17.7789 9.6450
v 3.4832 17.7789 10.0750
v 3.4832 15.7989 10.0750
v 3.6832 17.7789 15.3900
v 3.6832 15.8239 15.3900
v 5.4311 18.7428 7.1402
v 6.6297 16.6154 6.8580
v 5.7178 17.7789 7.3618
v 5.2999 16.1422 7.0838
v 3.6332 16.9948 7.4564
v 3.5632 17.7789 8.0850
v 3.6277 17.7789 7.7750
v 3.6332 15.6658 5.2575
v 3.6334 16.2330 6.5749
v 3.6334 15.7690 5.8158
v 3.6332 15.7823 6.1075
v 3.6222 15.7189 16.6106
v 3.6832 15.0339 15.1400
v 3.5132 15.0697 8.2350
v 3.5232 15.0589 8.7450
v 3.5232 15.0589 8.7850
v 3.6832 15.1389 9.7450
v 3.6832 13.5789 7.2575
v 6.4081 13.7598 6.9709
v 3.5207 15.4721 8.0405
v 3.5232 15.1673 7.9550
v 3.6082 11.5139 6.1305
v 3.6425 13.3550 7.3952
v 3.6334 14.7529 6.5802
v 3.7500 15.1389 15.6400
v 3.5832 15.4289 14.5900
v 3.4832 15.6189 15.1400
v 3.5332 15.2389 14.8650
v 3.5354 15.2074 9.7950
v 3.4632 15.7502 8.2350
v 3.5832 15.4289 8.8250
v 3.4877 15.4289 9.8450
v 3.4232 15.4289 10.0750
v 3.5832 15.4289 9.7450
v 3.3982 15.5006 10.0750
v 3.5832 15.6189 14.5900
v 3.5832 15.6189 10.1450
v 3.5832 15.6189 9.7450
v -3.6082 15.1889 14.7275
v -3.6832 15.1389 9.7450
v -3.5232 15.0589 8.7450
v -3.5232 15.0589 8.7850
v -3.6832 15.0339 15.3900
v -3.6332 15.1439 5.6234
v -4.4950 14.0222 7.0838
v -3.6332 15.0871 6.6454
v -3.6332 14.1571 7.4272
v -3.6334 14.8805 6.4302
v -3.5832 15.4289 14.5900
v -3.5354 15.2074 9.7950
v -3.5219 15.3632 8.0420
v -3.4382 15.0966 8.2100
v -3.5832 15.4289 8.8250
v -3.4232 15.4289 10.0750
v -3.4877 15.4289 9.8450
v -3.5832 15.4289 9.7450
v -3.5832 15.6189 14.5900
v -3.5796 15.6380 14.6421
v 7.3032 19.8905 5.1300
v 3.6832 19.7339 15.3900
v 4.3885 19.8893 5.9800
v 4.8897 19.8889 6.8205
v 5.7432 19.8889 7.2575
v 6.9704 19.8889 6.3498
v 3.7500 19.8389 15.6400
v 3.4832 19.9389 15.1400
v -7.3032 19.8905 5.1300
v -3.6832 19.7339 15.1400
v -3.6082 19.8889 14.7275
v -5.7432 19.8889 7.2575
v -4.3595 19.8893 5.8950
v -6.5967 19.8889 6.8205
v -7.0771 19.8889 6.1131
v 3.5832 19.9389 14.5900
v -3.6832 15.8239 15.1400
v -3.6832 15.7189 10.1450
v -3.5832 15.6189 10.1450
v 3.5132 19.7697 8.2350
v 3.5232 19.7589 8.7450
v 3.5232 19.7589 8.7850
v 3.6832 19.8389 9.7450
v 3.5232 19.7739 10.0750
v 3.4832 19.7589 10.0750
v 3.6832 17.4663 6.8194
v 3.6082 15.2139 6.1305
v 3.6582 19.8045 5.5215
v 3.6721 18.7372 7.3038
v 3.6332 19.8889 7.6750
v 3.5832 19.9389 9.7450
v 3.4032 19.8424 10.0750
v 3.4132 19.8457 8.2350
v -3.6832 19.8389 9.7450
v -3.5632 17.7789 8.2850
v -3.4632 17.7789 8.1850
v -3.5632 17.7789 8.5550
v -3.5232 19.7589 8.7450
v -3.5232 17.7789 8.7450
v -3.5232 19.7589 8.7850
v -3.5232 17.7789 8.7850
v -3.5232 19.7739 10.0750
v -3.5232 17.7789 10.0750
v -3.5877 17.7789 9.8450
v -3.6832 17.7789 9.7450
v -3.6832 17.7789 9.6450
v -3.4832 19.7589 10.0750
v -3.4832 17.7789 10.0750
v -3.6332 18.5378 7.4272
v -3.5632 17.7789 8.0850
v -3.6277 17.7789 7.7750
v -3.6338 19.6179 6.2958
v -3.6332 19.8229 6.2175
v -3.5107 20.3593 7.9425
v -3.5832 19.9389 9.7450
v -3.4032 19.8424 10.0750
v -3.5132 15.7882 8.2350
v -3.5232 15.7989 8.7450
v -3.5232 15.7989 8.7850
v -3.6832 15.7189 9.7450
v -3.5232 15.7839 10.0750
v -3.4832 15.7989 10.0750
v -3.6707 19.1043 6.2435
v -5.2999 16.1422 7.0838
v -5.7178 17.7789 7.3618
v -5.4311 18.7428 7.1402
v -6.6297 16.6154 6.8580
v -3.6582 18.8339 6.9980
v -3.5482 15.7156 7.9550
v -3.6707 16.1409 6.0974
v -3.6721 16.8207 7.3037
v -3.5832 15.6189 9.7450
v -3.4032 15.7154 10.0750
v -3.6832 0.9189 10.1450
v -3.6064 0.8496 14.5318
v -3.5132 0.9881 8.2350
v -3.5232 0.9989 8.7450
v -3.5232 0.9989 8.7850
v -3.6832 0.9189 8.8250
v -3.6093 0.8786 9.7700
v -4.8567 1.5924 6.8580
v -5.7176 2.4789 7.3603
v -6.3673 2.7005 7.1966
v -3.6332 0.8689 7.6750
v -3.6832 0.9189 6.8950
v -3.5832 0.6289 7.6750
v -3.6707 2.1089 6.6444
v -3.6832 1.0726 6.8193
v -3.6332 0.8689 6.4715
v -3.6832 2.4789 7.6750
v -3.6334 1.3048 6.5800
v -3.6358 2.4789 7.3642
v -3.5082 0.7239 15.1275
v -3.4832 0.6289 15.3900
v -3.5832 0.6289 9.7450
v -1.6510 0.6289 3.7525
v -3.6176 0.6289 4.0800
v -3.6176 0.6289 0.5700
v -3.6176 0.6289 0.6200
v -3.6482 0.6289 0.6500
v -2.9950 0.6289 5.2214
v 0.0000 0.6289 7.6750
v -1.7916 0.6289 8.8250
v 0.0000 0.6289 9.7450
v 0.0000 0.7197 9.8450
v 0.0000 0.8239 10.1250
v 0.0000 0.6797 7.7750
v 0.0000 0.7439 8.0850
v 0.0000 0.8439 8.1850
v 0.0000 0.7439 8.2850
v 0.0000 0.7439 8.5550
v 0.0000 0.7839 8.7450
v 0.0000 0.7839 8.7850
v -3.5277 0.6797 7.7750
v -3.4232 0.7839 8.7850
v -3.4432 0.7639 8.6500
v -3.4632 0.7439 8.2850
v -3.3632 0.8439 8.1850
v -3.4632 0.7439 8.0850
v -3.3832 0.8239 10.1250
v -3.4877 0.7197 9.8450
v -3.4232 0.8239 10.0750
v -3.4032 0.8039 10.0750
v -3.3832 0.8239 10.0750
v 3.5832 0.6289 7.6750
v 3.5277 0.6797 7.7750
v 3.4232 0.7839 8.7850
v 3.4432 0.7639 8.6500
v 3.4632 0.7439 8.2850
v 3.3632 0.8439 8.1850
v 3.4632 0.7439 8.0850
v 3.3832 0.8239 10.1250
v 3.5832 0.6289 9.7450
v 3.4877 0.7197 9.8450
v 3.4232 0.8239 10.0750
v 3.3832 0.8239 10.0750
v 3.6093 0.8786 9.7700
v 3.5082 0.7239 15.1275
v 3.5455 0.9418 8.0050
v 3.6587 0.8902 7.6532
v 3.6832 2.1339 12.2637
v 3.6832 0.9189 10.1450
v 3.5232 0.9989 8.7450
v 3.5232 0.9989 8.7850
v 3.6582 0.9802 5.7902
v 4.4950 2.9222 7.0838
v 5.7176 2.4789 7.3603
v 4.8567 1.5924 6.8580
v 3.5957 0.7364 7.1791
v 3.6337 1.6627 6.9635
v 3.6332 1.0435 6.1088
v 3.6179 0.8769 14.5609
v 1.8750 19.8389 18.8876
v 3.0433 19.8389 17.6772
v -3.2859 19.8389 17.2569
v -1.8750 19.8389 18.8876
v -0.2426 19.8389 19.2942
v 3.6222 17.7789 16.6106
v 3.2476 17.7789 17.5150
v 2.6517 17.7789 18.2917
v 1.8750 17.7789 18.8876
v 0.9706 15.7189 19.2622
v 0.9706 17.7789 19.2622
v -0.0000 17.7789 19.3900
v -3.6222 17.7789 16.6106
v -3.7500 17.7789 15.6400
v -3.2476 17.7789 17.5150
v -2.6517 17.7789 18.2917
v -1.8750 17.7789 18.8876
v -3.0433 15.7189 17.6772
v -0.9706 17.7789 19.2622
v 2.6517 15.7189 18.2917
v -0.9706 15.7189 19.2622
v 1.8750 15.1389 18.8876
v 3.0433 15.1389 17.6772
v -3.2859 15.1389 17.2569
v -1.8750 15.1389 18.8876
v -0.2426 15.1389 19.2942
v 3.6222 13.5789 16.6106
v 3.2476 13.5789 17.5150
v 2.6517 13.5789 18.2917
v 0.9706 12.0189 19.2622
v 1.8750 13.5789 18.8876
v 0.9706 13.5789 19.2622
v -0.0000 13.5789 19.3900
v -3.6222 13.5789 16.6106
v -3.7500 13.5789 15.6400
v -3.2476 13.5789 17.5150
v -2.6517 13.5789 18.2917
v -1.8750 13.5789 18.8876
v -3.0433 12.0189 17.6772
v -0.9706 13.5789 19.2622
v 2.6517 12.0189 18.2917
v -0.9706 12.0189 19.2622
v 3.6222 9.8789 16.6106
v 3.2476 9.8789 17.5150
v 2.6517 9.8789 18.2917
v 2.6517 8.3189 18.2917
v 0.9706 8.3189 19.2622
v 1.8750 9.8789 18.8876
v 0.9706 9.8789 19.2622
v -0.0000 9.8789 19.3900
v -3.7500 9.8789 15.6400
v -3.6222 9.8789 16.6106
v -3.2476 9.8789 17.5150
v -2.6517 9.8789 18.2917
v -3.0433 8.3189 17.6772
v -1.8750 9.8789 18.8876
v -0.9706 8.3189 19.2622
v -0.9706 9.8789 19.2622
v 1.8750 11.4389 18.8876
v 3.0433 11.4389 17.6772
v -3.2859 11.4389 17.2569
v -0.2426 11.4389 19.2942
v -1.8750 11.4389 18.8876
v 3.6222 6.1789 16.6106
v 3.2476 6.1789 17.5150
v 2.6517 6.1789 18.2917
v 2.6517 4.6189 18.2917
v 0.9706 4.6189 19.2622
v 1.8750 6.1789 18.8876
v 0.9706 6.1789 19.2622
v -0.0000 6.1789 19.3900
v -3.7500 6.1789 15.6400
v -3.6222 6.1789 16.6106
v -3.2476 6.1789 17.5150
v -2.6517 6.1789 18.2917
v -1.8750 6.1789 18.8876
v -3.0433 4.6189 17.6772
v -0.9706 4.6189 19.2622
v -0.9706 6.1789 19.2622
v 1.8750 7.7389 18.8876
v 3.0433 7.7389 17.6772
v -3.2859 7.7389 17.2569
v -1.8750 7.7389 18.8876
v -0.2426 7.7389 19.2942
v 3.6222 2.4789 16.6106
v 3.2476 2.4789 17.5150
v 2.6517 2.4789 18.2917
v 2.6517 0.9189 18.2917
v 0.9706 0.9189 19.2622
v 1.8750 2.4789 18.8876
v 0.9706 2.4789 19.2622
v -0.0000 2.4789 19.3900
v -3.7500 2.4789 15.6400
v -3.6222 2.4789 16.6106
v -3.2476 2.4789 17.5150
v -2.6517 2.4789 18.2917
v -3.0433 0.9189 17.6772
v -1.8750 2.4789 18.8876
v -0.9706 0.9189 19.2622
v -0.9706 2.4789 19.2622
v 1.8750 4.0389 18.8876
v 3.0433 4.0389 17.6772
v -3.2859 4.0389 17.2569
v -1.8750 4.0389 18.8876
v -0.2426 4.0389 19.2942
v 3.5546 19.8389 16.5924
v 2.6021 19.8389 18.2422
v 0.9525 19.8389 19.1946
v -3.5546 19.8389 16.5924
v -2.6021 19.8389 18.2422
v -0.9525 19.8389 19.1946
v 5.2023 0.6289 5.6799
v 6.0605 0.3089 5.7732
v 6.1837 0.6289 6.0660
v 5.7945 0.3289 6.2897
v 5.5983 0.6289 6.4718
v 5.5514 0.3189 6.1087
v 6.0682 0.3273 5.8510
v 5.7432 0.3289 6.3032
v 5.4204 0.3278 5.8612
v -5.3921 0.3089 5.5181
v -6.0682 0.3273 5.8510
v -5.7432 0.3289 6.3032
v -5.7432 0.3089 6.3032
v -5.4204 0.3278 5.8612
v -6.1837 0.6289 6.0660
v -5.8722 0.3289 6.2253
v -5.5983 0.6289 6.4718
v -5.2023 0.6289 5.6799
v -3.6832 15.0339 15.1400
v -3.6832 11.3339 15.1400
v -3.6832 5.6562 14.7473
v -3.6832 3.9339 15.1400
v 3.6832 2.0063 14.9663
v 3.6832 3.0017 14.7473
v 3.6832 9.4063 14.9663
v 3.6832 10.4017 14.7473
v 3.6832 14.1017 14.7473
v -3.5132 17.7789 15.6400
v -3.5132 17.7789 15.5900
v -3.5132 19.5923 15.5900
v -3.4332 20.1289 15.3900
v -3.3632 15.3777 15.6400
v -3.5132 15.9656 15.5900
v -3.5132 13.5789 15.6400
v -3.5132 13.5789 15.5900
v -3.5132 14.8923 15.5900
v -3.5832 15.4802 15.3900
v -3.2918 15.4289 15.4729
v -3.3632 11.6777 15.6400
v -3.5132 12.2656 15.5900
v -3.5132 9.8789 15.6400
v -3.5132 11.1923 15.5900
v -3.5132 9.8789 15.5900
v -3.5332 11.7289 15.3900
v -3.2918 11.7289 15.4729
v -3.3632 7.9777 15.6400
v -3.5132 8.5656 15.5900
v -3.5132 6.1789 15.6400
v -3.5132 7.4923 15.5900
v -3.5132 6.1789 15.5900
v -3.5332 8.0290 15.3900
v -3.2918 8.0289 15.4729
v -3.3632 4.2777 15.6400
v -3.5132 4.8656 15.5900
v -3.3132 0.9606 15.6400
v -3.4694 1.1138 15.5738
v -3.5332 4.3290 15.3900
v -3.3204 4.2162 15.4644
v -3.3132 0.7987 15.6400
v -3.3132 0.7987 15.5900
v -3.5332 0.9631 15.3900
v 3.3132 0.7987 15.6400
v 3.3132 0.7987 15.5900
v -0.0000 0.6789 15.3900
v 3.5332 0.9631 15.3900
v 3.4694 1.1138 15.5738
v 3.3132 0.9606 15.6400
v 3.5132 6.1789 15.6400
v 3.5132 6.1789 15.5900
v 3.5132 4.8656 15.5900
v 3.5332 4.3290 15.3900
v 3.3632 4.2777 15.6400
v 3.3204 4.2162 15.4644
v 3.5132 9.8789 15.6400
v 3.5132 9.8789 15.5900
v 3.5132 8.5656 15.5900
v 3.5332 8.0290 15.3900
v 3.2918 8.0289 15.4729
v 3.3632 7.9777 15.6400
v 3.5132 7.4923 15.5900
v 3.5132 13.5789 15.6400
v 3.5132 13.5789 15.5900
v 3.5132 12.2656 15.5900
v 3.5332 11.7289 15.3900
v 3.2918 11.7289 15.4729
v 3.3632 11.6777 15.6400
v 3.5132 11.1923 15.5900
v 3.5132 17.7789 15.6400
v 3.5132 17.7789 15.5900
v 3.5132 15.9656 15.5900
v 3.6332 17.7789 15.3900
v 3.5832 15.4802 15.3900
v 3.2918 15.4289 15.4729
v 3.3632 15.3777 15.6400
v 3.5132 14.8923 15.5900
v 3.3632 20.0777 15.6400
v 3.5132 19.5923 15.5900
v 3.3721 20.2622 15.4741
v -0.0000 0.7989 15.6400
v -0.0000 0.7989 15.5900
v -3.7500 35.5389 15.3900
v -3.5000 35.7389 15.3900
v -0.0000 35.7389 15.3900
v -7.6500 31.4389 15.3900
v -3.4500 35.6889 15.3900
v -0.0000 35.6889 15.3900
v -3.2500 35.4889 15.5900
v -3.7000 35.4889 15.3900
v -0.0000 35.4889 15.5900
v -7.5300 31.1189 15.6400
v -3.2500 35.4889 15.6400
v -0.0000 35.4889 15.6400
v -3.7500 35.5389 10.7100
v -3.7200 35.5089 10.2250
v -3.6850 35.4739 10.3700
v -3.6550 35.4439 10.3800
v -3.6250 35.4139 10.5100
v -3.5950 35.3839 10.5200
v -3.5700 35.3589 10.6350
v -3.5300 35.3189 10.6450
v -3.3000 35.5389 10.6400
v -3.4050 35.6439 10.3800
v -7.7000 30.2389 7.6750
v -7.5400 30.3989 8.7850
v -7.5000 30.4389 10.0750
v -7.5000 30.4389 10.1250
v -7.5300 30.4089 8.2350
v -7.8821 31.3890 10.8527
v -4.3815 31.4071 10.7350
v -7.9128 31.3889 10.9584
v -7.2883 31.3889 11.7555
v -7.1031 31.3892 11.8315
v -6.5824 31.3889 12.1227
v -5.5483 35.4894 7.5568
v -6.3113 35.4889 7.6409
v -4.3550 31.3815 11.6673
v -4.6047 31.3889 11.5928
v -6.1105 35.8389 11.2506
v -6.1236 35.5389 11.3498
v -5.6538 35.7514 11.0353
v -5.5127 35.5389 10.7389
v -5.9945 35.8389 10.3694
v -5.9814 35.5389 10.2702
v -6.5739 35.5389 10.7414
v -6.1577 35.5389 10.7664
v -6.0545 35.7410 11.2677
v -5.5561 35.7735 10.8137
v -6.0505 35.7410 10.3523
v -6.4416 35.8389 10.7027
v -6.5489 35.7735 10.8063
v -5.8824 35.7889 11.2206
v -5.6381 35.8389 10.6689
v -6.2226 35.7889 10.3994
v -6.3231 35.7889 11.1626
v -8.0000 31.3889 10.1450
v -8.0000 35.5889 9.8150
v -8.0000 31.4549 9.9650
v -8.0000 33.4889 9.8150
v -7.9000 31.9889 10.0650
v -7.9000 31.9889 10.1150
v -3.3957 31.7978 14.6900
v -3.4057 31.7184 10.7700
v -3.3957 31.4800 10.7600
v -3.4057 31.5594 14.6800
v -3.4310 31.3947 10.7600
v -3.6911 31.1346 14.7400
v -3.7411 31.1346 14.6900
v -3.7411 31.1346 10.7600
v -3.7611 31.1546 10.7800
v -3.7611 31.1546 14.6700
v -4.0589 31.1346 10.7600
v -4.0389 31.1546 10.7800
v -4.0589 31.1346 14.6900
v -4.0389 31.1546 14.6700
v -4.1092 31.1347 10.7100
v -4.1443 31.1983 10.7800
v -4.3378 31.3918 12.9556
v -3.3960 31.8479 10.7100
v -3.3957 31.8478 14.7400
v -3.3960 31.4301 10.7100
v -3.3957 31.4300 14.7400
v -3.6914 31.1347 10.7100
v -4.1089 31.1346 14.7400
v -4.4043 31.4300 14.7400
v -4.4047 31.4889 11.3321
v -4.2008 30.9100 15.5900
v -3.5997 30.9095 15.5900
v -3.6478 31.0295 15.3900
v -3.5997 30.9095 15.6400
v -7.9000 33.4889 9.8150
v -7.9003 33.4889 9.7452
v -7.9001 34.6460 9.3516
v -7.9000 34.6013 9.4291
v -7.9001 35.2901 8.5480
v -7.9000 35.4864 7.6750
v -7.9000 35.3644 8.5443
v -7.9250 31.8691 8.2184
v -7.9001 31.7359 8.5850
v -7.9000 31.6435 8.5343
v -7.9500 32.7121 9.6430
v -7.9000 32.0411 9.2153
v -7.9001 32.3126 9.3398
v -7.9500 33.8129 9.1825
v -7.9000 32.7121 9.6430
v -8.0000 32.9590 9.7452
v -5.8620 36.8389 7.1222
v -7.7238 35.4891 6.6399
v -7.7628 35.4889 6.6392
v -7.6946 35.9889 6.1150
v -7.0935 36.8389 6.7160
v -7.0525 35.4889 7.4071
v -6.8264 35.4890 7.4254
v -5.4661 35.5389 7.0906
v -6.6830 36.2089 7.2071
v -6.0525 36.3905 7.3638
v -6.9025 37.1910 6.5250
v -7.6061 36.6346 6.2437
v -6.0599 37.7312 6.2670
v -7.9204 35.1014 7.5550
v -7.8300 35.5097 7.6400
v -7.8757 35.4159 7.5420
v -5.2092 35.5889 9.3969
v -4.1525 35.4889 5.4100
v -4.1525 35.4889 3.6100
v -4.0525 35.4889 3.6100
v -4.3205 35.4889 6.6750
v -4.0866 35.4889 5.9338
v -4.9009 37.1910 5.9030
v -4.8454 35.4889 7.2481
v -4.3421 35.4892 6.5875
v -4.5047 36.6480 6.2434
v -5.0115 36.8389 6.7160
v -5.5320 36.2089 7.2216
v -5.5349 35.4889 7.6069
v -7.6055 35.5139 6.3572
v -7.9000 35.4889 6.3963
v -4.4043 31.4300 11.3317
v -4.3690 31.3947 11.2856
v 0.4073 39.1153 10.7100
v 1.1134 37.2317 13.4922
v 0.7605 37.0946 13.8776
v -1.1964 36.9796 13.5863
v -2.0022 38.1438 12.1647
v -1.0031 37.0240 13.8172
v 0.1228 39.1178 11.6414
v -1.1656 38.7923 12.1325
v -3.1129 36.4134 11.8115
v -2.2908 37.7262 12.3743
v -3.4936 35.6639 12.2888
v -3.6250 35.6389 11.6250
v -3.3306 35.6577 12.0257
v -2.8970 37.2383 12.1392
v -2.6153 37.9350 10.9980
v -1.5890 38.7875 10.0200
v -3.3750 35.6139 10.5100
v 0.0000 39.2689 6.6300
v -1.5890 38.7875 6.6300
v -2.0572 38.5005 6.6300
v -3.1185 37.2579 6.6300
v -3.3287 36.7505 6.6300
v 0.0000 39.1689 6.6300
v 0.5475 39.1259 6.6300
v 0.2698 39.0977 6.1300
v -1.0914 38.9137 6.3962
v -1.5890 38.7875 6.1300
v -0.5475 39.1259 6.6300
v -2.0896 38.3221 6.3500
v -1.5890 38.7875 2.9300
v -1.3000 38.8074 6.1300
v -2.4749 38.1438 6.6300
v -2.6532 37.7585 6.3500
v -3.2271 36.7622 6.3762
v -3.1776 36.9852 6.1300
v -3.4569 36.2165 6.6300
v -3.3644 35.8038 6.2550
v -0.6500 39.1012 6.6300
v -1.0816 38.9976 9.8300
v 0.0000 39.2689 9.8300
v 0.0000 39.2689 8.8100
v -0.6500 39.2012 7.6600
v 0.0000 39.2689 7.6600
v 0.0000 39.2689 9.4100
v -0.6500 39.2012 9.4100
v -0.6500 39.2012 8.5100
v -0.6500 39.2012 7.9600
v 0.0000 39.2689 8.5100
v 0.0000 39.2689 7.9600
v -0.5999 39.2066 8.7900
v -0.0995 39.2586 8.7900
v -0.0995 39.2586 8.5300
v -0.5999 39.2066 8.5300
v -0.5999 39.2066 7.6800
v -0.5999 39.2066 7.9400
v -0.0995 39.2586 7.9400
v -0.0995 39.2586 7.6800
v -0.0995 39.2586 7.9800
v -0.5999 39.2066 8.4900
v -0.0995 39.2586 8.4900
v -0.1324 39.2853 7.0600
v -0.1266 39.2575 6.7496
v -0.0000 39.2583 7.1068
v -0.5999 39.2066 7.6400
v -0.0995 39.2586 7.6400
v -0.0995 39.2586 9.4300
v -0.5999 39.2066 9.3900
v -0.0995 39.2586 9.3900
v -0.0995 39.2586 8.8300
v -0.5999 39.2066 8.8300
v -0.1324 39.2853 8.6600
v -0.1324 39.2853 7.8100
v -0.5999 39.2066 7.9800
v -0.1324 39.2853 8.2350
v -0.5999 39.2066 7.1300
v -0.1324 39.2853 7.3850
v -0.1324 39.2853 9.4600
v -0.1324 39.2853 9.1100
v -0.1704 39.2813 6.7600
v -2.8316 37.7262 9.8300
v -1.7271 38.8326 9.5875
v -2.1855 38.5259 9.5467
v -2.1160 38.5814 9.4100
v -1.6350 38.8946 6.9100
v -2.1916 38.5210 6.8948
v -2.1160 38.5814 7.1100
v -1.5940 38.8836 8.5300
v -1.6350 38.8945 8.6600
v -1.5940 38.8836 8.7900
v -2.0295 38.6315 8.7900
v -2.0295 38.6315 8.5300
v -2.0295 38.6315 7.6800
v -1.5940 38.8836 7.6800
v -1.6350 38.8946 7.8100
v -1.5940 38.8836 7.9400
v -2.0295 38.6315 7.9400
v -1.6350 38.8946 8.2350
v -2.0295 38.6315 7.9800
v -1.5940 38.8836 7.9800
v -1.5940 38.8836 8.4900
v -1.5940 38.8836 6.7300
v -1.5940 38.8836 7.0900
v -1.6350 38.8946 7.3850
v -2.0295 38.6315 7.1300
v -1.5940 38.8836 7.1300
v -1.5940 38.8836 7.6400
v -1.6317 38.8936 9.5393
v -1.5940 38.8836 8.8300
v -1.5940 38.8836 9.3900
v -1.6350 38.8945 9.1100
v -2.0295 38.6315 8.8300
v -1.5504 38.9087 8.5100
v -1.5504 38.9087 8.8100
v -2.1160 38.5814 8.8100
v -2.1160 38.5814 8.5100
v -2.1160 38.5814 7.6600
v -1.5504 38.9087 7.6600
v -1.5504 38.9087 7.9600
v -2.1160 38.5814 7.9600
v -1.8332 38.7451 6.6300
v -1.5504 38.9087 6.6300
v -1.5504 38.9087 7.1100
v -1.5504 38.9087 9.8300
v -1.5504 38.9087 9.4100
v -2.2017 38.5045 9.5800
v -2.2303 38.4990 6.8000
v -2.1904 38.5146 7.0900
v -2.5433 38.0637 9.8300
v -2.1904 38.5146 8.2294
v -2.8316 37.7262 6.6300
v -3.3832 36.8728 9.4300
v -3.3801 36.8935 9.7196
v -3.4238 36.7814 9.4100
v -3.4511 36.6541 9.7300
v -3.1791 37.3327 9.7300
v -3.3738 36.8982 6.7496
v -3.3907 36.9299 6.9100
v -3.3925 36.8646 7.0849
v -3.4020 36.6034 6.6300
v -3.4238 36.7814 7.1100
v -3.1791 37.3327 8.5300
v -3.1791 37.3327 8.7900
v -3.3832 36.8728 8.7900
v -3.3985 36.9124 8.6600
v -3.3832 36.8728 8.5300
v -3.3832 36.8728 7.6800
v -3.3985 36.9124 7.8100
v -3.1791 37.3327 7.6800
v -3.1791 37.3327 7.9400
v -3.3832 36.8728 7.9400
v -3.3832 36.8728 8.4900
v -3.3985 36.9124 8.2350
v -3.3832 36.8728 7.9800
v -3.1791 37.3327 7.9800
v -3.1791 37.3327 8.4900
v -3.1791 37.3327 7.0900
v -3.3832 36.8728 7.6400
v -3.3985 36.9124 7.3850
v -3.3832 36.8728 7.1300
v -3.1791 37.3327 7.1300
v -3.1791 37.3327 7.6400
v -3.3985 36.9124 9.4600
v -3.1791 37.3327 8.8300
v -3.1791 37.3327 9.3900
v -3.3832 36.8728 9.3900
v -3.3985 36.9124 9.1100
v -3.3832 36.8728 8.8300
v -3.1586 37.3787 8.5100
v -3.4238 36.7814 8.8100
v -3.4238 36.7814 8.5100
v -3.4238 36.7814 7.6600
v -3.1586 37.3787 7.6600
v -3.1586 37.3787 7.9600
v -3.4238 36.7814 7.9600
v -3.1791 37.3327 6.7300
v -3.1586 37.3787 7.1100
v -3.1586 37.3787 9.4100
v -3.4447 36.6836 9.4300
v -3.5730 36.2272 9.5800
v -3.4554 36.6345 6.7300
v -3.5730 36.2272 6.9100
v -3.5499 36.1916 8.5300
v -3.5499 36.1916 8.7900
v -3.4447 36.6836 8.7900
v -3.4447 36.6836 8.5300
v -3.5730 36.2272 8.6600
v -3.4447 36.6836 7.6800
v -3.5499 36.1916 7.6800
v -3.5730 36.2272 7.8100
v -3.5499 36.1916 7.9400
v -3.4447 36.6836 7.9400
v -3.4447 36.6836 7.9800
v -3.5730 36.2272 8.2350
v -3.5499 36.1916 7.9800
v -3.5499 36.1916 8.4900
v -3.5499 36.1916 6.7300
v -3.5499 36.1916 7.0900
v -3.4447 36.6836 7.1300
v -3.5730 36.2272 7.3850
v -3.5499 36.1916 7.1300
v -3.5499 36.1916 7.6400
v -3.5499 36.1916 9.7300
v -3.5499 36.1916 9.4300
v -3.5499 36.1916 8.8300
v -3.5499 36.1916 9.3900
v -3.4447 36.6836 8.8300
v -3.5730 36.2272 9.1100
v -3.5603 36.1423 8.5100
v -3.5603 36.1423 7.6600
v -3.5603 36.1423 7.9600
v -3.5603 36.1423 6.6300
v -3.5603 36.1423 7.1100
v -3.5603 36.1423 9.8300
v -3.5603 36.1423 9.4100
v -1.1550 38.9002 9.8600
v -1.2463 38.9546 9.8600
v -1.2123 38.8500 10.2100
v -1.2123 38.8500 10.1600
v -2.6507 37.8049 10.2100
v -2.6507 37.8049 6.6300
v -2.6507 37.8049 6.6800
v -2.6926 37.7983 6.8800
v -2.7162 37.9020 6.8800
v -2.6986 37.9262 10.1600
v -2.6507 37.8049 10.1600
v -2.7161 37.7659 9.8600
v -0.0052 39.1687 5.3513
v -3.2149 37.1408 5.2413
v -3.2086 37.1449 5.1083
v -3.2676 37.0326 5.3122
v -3.1928 37.0785 5.3216
v -2.2937 38.4669 5.0985
v -2.2775 38.3531 4.2675
v -2.2355 38.4074 5.3867
v -2.3900 38.3162 5.2432
v -2.3888 38.2173 5.1665
v -3.6874 35.5889 11.9081
v -3.6873 35.5889 11.3654
v -3.6065 35.6537 11.2812
v -3.5960 35.6620 10.7100
v -3.7500 35.5389 10.2100
v -4.1296 32.1933 6.6300
v -4.2993 31.2897 6.7900
v -3.6704 31.0846 6.6300
v -3.6911 31.1346 7.8600
v -3.6925 32.1658 10.2213
v -4.1089 31.1346 7.2250
v -4.1092 31.1347 10.2100
v -4.4043 31.8478 7.2250
v -3.9000 32.1285 7.2190
v -3.7781 31.1885 7.2213
v -4.3764 31.4416 7.1927
v -3.9000 32.1933 7.8600
v -3.3795 31.8670 6.9062
v -3.5507 31.2397 7.4050
v -3.4310 31.3947 10.1600
v -3.6914 31.1347 10.2100
v -3.7411 31.1346 7.9100
v -4.0589 31.1346 7.9100
v -4.0589 31.1346 10.1600
v -3.7411 31.1346 10.1600
v -4.4543 31.4093 7.8600
v -4.1089 31.1346 7.8600
v -3.7611 31.1546 7.9300
v -4.0389 31.1546 7.9300
v -4.0389 31.1546 10.1400
v -3.7611 31.1546 10.1400
v -3.6750 32.2083 10.3700
v -3.6561 32.2383 10.3800
v -3.6250 32.2543 10.5100
v -3.5955 32.2668 10.5200
v -3.5705 32.2773 10.6350
v -3.5305 32.2938 10.6450
v -3.3013 31.8875 10.3800
v -3.2413 31.9125 10.5200
v -3.1763 31.9396 10.6450
v -3.7500 33.8434 10.2100
v -3.7200 33.8434 10.2250
v -3.6857 33.8434 10.3700
v -3.6557 33.8434 10.3800
v -3.6250 33.8434 10.5100
v -3.5957 33.8434 10.5200
v -3.5707 33.8434 10.6350
v -3.5307 33.8434 10.6450
v -4.2050 34.1152 9.9242
v -4.2049 34.1535 9.8506
v -3.6500 34.1152 9.9242
v -3.6501 34.0592 9.8630
v -4.2050 35.1760 9.4269
v -3.6500 34.8934 9.6787
v -3.6500 35.4736 9.1556
v -4.2049 35.1075 9.4289
v -3.6501 35.0320 9.4868
v -3.6500 32.2162 9.1594
v -3.6500 32.4292 9.2742
v -4.2050 32.7934 9.6787
v -4.1800 32.4644 9.0286
v -4.2055 32.8772 9.6633
v -4.2050 33.2999 9.8884
v -3.6500 33.0466 9.7835
v -3.6501 33.0286 9.7025
v -3.6750 32.4644 9.0286
v -4.1800 35.0210 9.1120
v -3.5600 35.0389 2.3200
v -3.2743 35.5350 2.5800
v 3.0813 35.8727 2.5800
v -2.9626 36.5046 2.4125
v -2.1800 37.8851 2.5800
v 3.3290 35.7866 2.3416
v -2.1800 37.8851 2.5300
v -2.5097 37.4937 2.5550
v -3.2902 35.4750 2.4952
v -2.1800 37.9551 2.4800
v -2.1800 37.4970 2.4500
v 3.2652 35.4779 2.5360
v 3.6530 35.0029 2.5800
v 4.3406 31.3904 11.0479
v 3.3750 35.6139 10.5100
v 3.3200 35.5589 10.6350
v 3.6874 35.5889 11.9081
v 3.6870 35.5889 11.9680
v 3.6562 35.6139 11.4952
v 3.5364 35.6539 11.5671
v 3.6065 35.6537 11.2812
v 3.5960 35.6620 10.7100
v 3.5000 35.7389 15.3900
v 1.5890 38.7875 2.9300
v 1.8264 38.9673 4.4138
v 1.9756 38.5795 5.4397
v 2.6986 37.9262 10.1600
v 2.6507 37.8049 6.6800
v 2.6507 37.8049 6.6300
v 2.6926 37.7983 6.8800
v 2.7162 37.9020 6.8800
v 2.6507 37.8049 10.1600
v 2.7161 37.7659 9.8600
v 2.6507 37.8049 10.2100
v 1.2123 38.8500 10.1600
v 1.2123 38.8500 10.2100
v 1.1550 38.9002 9.8600
v 1.2463 38.9546 9.8600
v 2.8316 37.7262 10.2100
v 2.8316 37.7262 9.8300
v 3.0635 37.3478 10.0200
v 3.3832 36.8728 9.4300
v 3.3985 36.9124 9.4600
v 3.3801 36.8935 9.7196
v 3.4238 36.7814 9.4100
v 3.3738 36.8982 6.7496
v 3.3925 36.8646 7.0849
v 3.4238 36.7814 6.6300
v 3.4238 36.7814 7.1100
v 3.3907 36.9299 6.9100
v 3.1791 37.3327 8.5300
v 3.3985 36.9124 8.6600
v 3.1791 37.3327 8.7900
v 3.3832 36.8728 8.7900
v 3.3832 36.8728 8.5300
v 3.3832 36.8728 7.6800
v 3.1791 37.3327 7.6800
v 3.3985 36.9124 7.8100
v 3.1791 37.3327 7.9400
v 3.3832 36.8728 7.9400
v 3.3832 36.8728 8.4900
v 3.3832 36.8728 7.9800
v 3.1791 37.3327 7.9800
v 3.3985 36.9124 8.2350
v 3.1791 37.3327 8.4900
v 3.1791 37.3327 6.7300
v 3.1791 37.3327 7.0900
v 3.3832 36.8728 7.6400
v 3.3832 36.8728 7.1300
v 3.1791 37.3327 7.1300
v 3.3985 36.9124 7.3850
v 3.1791 37.3327 7.6400
v 3.1791 37.3327 8.8300
v 3.3985 36.9124 9.1100
v 3.1791 37.3327 9.3900
v 3.3832 36.8728 9.3900
v 3.3832 36.8728 8.8300
v 3.1586 37.3787 8.5100
v 3.4238 36.7814 8.8100
v 3.4238 36.7814 8.5100
v 3.4238 36.7814 7.6600
v 3.1586 37.3787 7.6600
v 3.1586 37.3787 7.9600
v 3.4238 36.7814 7.9600
v 3.1586 37.3787 7.1100
v 3.1791 37.3327 9.7300
v 3.1586 37.3787 9.4100
v 3.4511 36.6541 9.7300
v 3.4447 36.6836 9.4300
v 3.5730 36.2272 9.5800
v 3.4554 36.6345 6.7300
v 3.5730 36.2272 6.9100
v 3.5499 36.1916 8.5300
v 3.5499 36.1916 8.7900
v 3.5730 36.2272 8.6600
v 3.4447 36.6836 8.7900
v 3.4447 36.6836 8.5300
v 3.4447 36.6836 7.6800
v 3.5499 36.1916 7.6800
v 3.5499 36.1916 7.9400
v 3.5730 36.2272 7.8100
v 3.4447 36.6836 7.9400
v 3.5730 36.2272 8.2350
v 3.4447 36.6836 7.9800
v 3.5499 36.1916 7.9800
v 3.5499 36.1916 8.4900
v 3.5499 36.1916 6.7300
v 3.5499 36.1916 7.0900
v 3.5730 36.2272 7.3850
v 3.4447 36.6836 7.1300
v 3.5499 36.1916 7.1300
v 3.5499 36.1916 7.6400
v 3.5499 36.1916 9.7300
v 3.5499 36.1916 9.4300
v 3.5499 36.1916 8.8300
v 3.5499 36.1916 9.3900
v 3.5730 36.2272 9.1100
v 3.4447 36.6836 8.8300
v 3.5603 36.1423 8.5100
v 3.5603 36.1423 7.6600
v 3.5603 36.1423 7.9600
v 3.5603 36.1423 6.6300
v 3.5603 36.1423 7.1100
v 3.5603 36.1423 9.8300
v 3.5603 36.1423 9.4100
v 3.3287 36.7505 6.6300
v 1.0816 38.9976 9.8300
v 1.5890 38.7875 6.6300
v 1.6350 38.8946 9.4600
v 2.0295 38.6315 9.4300
v 2.1160 38.5814 9.4100
v 1.6350 38.8946 9.7000
v 1.9861 38.6568 6.7300
v 2.2133 38.5026 6.7582
v 1.8332 38.7451 6.6300
v 2.1160 38.5814 7.1100
v 1.6350 38.8946 6.9100
v 1.5940 38.8836 8.5300
v 1.5940 38.8836 8.7900
v 2.0295 38.6315 8.7900
v 1.6350 38.8945 8.6600
v 2.0295 38.6315 8.5300
v 2.0295 38.6315 7.6800
v 1.6350 38.8946 7.8100
v 1.5940 38.8836 7.6800
v 1.5940 38.8836 7.9400
v 2.0295 38.6315 7.9400
v 1.6350 38.8946 8.2350
v 2.0295 38.6315 7.9800
v 1.5940 38.8836 7.9800
v 1.5940 38.8836 8.4900
v 1.5940 38.8836 6.7300
v 1.5940 38.8836 7.0900
v 1.6350 38.8946 7.3850
v 2.0295 38.6315 7.1300
v 1.5940 38.8836 7.1300
v 1.5940 38.8836 7.6400
v 1.5940 38.8836 9.7300
v 1.5940 38.8836 9.4300
v 1.5940 38.8836 8.8300
v 1.6350 38.8945 9.1100
v 1.5940 38.8836 9.3900
v 2.0185 38.6725 8.8600
v 1.5504 38.9087 8.8100
v 1.5504 38.9087 8.5100
v 2.1160 38.5814 8.8100
v 2.1160 38.5814 8.5100
v 2.1160 38.5814 7.6600
v 1.5504 38.9087 7.6600
v 1.5504 38.9087 7.9600
v 2.1160 38.5814 7.9600
v 1.5504 38.9087 6.6300
v 1.5504 38.9087 7.1100
v 1.5504 38.9087 9.8300
v 1.5504 38.9087 9.4100
v 2.1855 38.5259 9.5467
v 2.2612 38.4912 6.7600
v 2.1904 38.5146 8.5600
v 2.4749 38.1438 6.6300
v 2.5433 38.0637 8.2300
v 2.5648 38.1783 6.7300
v 2.2017 38.5045 9.5800
v 2.0572 38.5005 6.6300
v 1.4916 38.8278 8.3250
v 0.5475 39.1259 10.0200
v 0.0995 39.2586 9.4300
v 0.0000 39.2497 9.7117
v 0.1266 39.2575 6.7496
v 0.1324 39.2853 7.0600
v 0.5999 39.2066 8.5300
v 0.5999 39.2066 8.7900
v 0.0995 39.2586 8.7900
v 0.0995 39.2586 8.5300
v 0.1324 39.2853 8.6600
v 0.0995 39.2586 7.6800
v 0.5999 39.2066 7.6800
v 0.1324 39.2853 7.8100
v 0.5999 39.2066 7.9400
v 0.0995 39.2586 7.9400
v 0.0995 39.2586 8.4900
v 0.0995 39.2586 7.9800
v 0.1324 39.2853 8.2350
v 0.5999 39.2066 7.9800
v 0.5999 39.2066 8.4900
v 0.0995 39.2586 7.6400
v 0.1324 39.2853 7.3850
v 0.5999 39.2066 7.6400
v 0.1444 39.2840 9.5800
v 0.5999 39.2066 8.8300
v 0.5999 39.2066 9.3900
v 0.0995 39.2586 9.3900
v 0.0995 39.2586 8.8300
v 0.1324 39.2853 9.1100
v 0.6500 39.2012 8.5100
v 0.6500 39.2012 7.6600
v 0.6500 39.2012 7.9600
v 0.1704 39.2813 6.7600
v -0.1625 39.2181 6.6300
v 0.5999 39.2066 7.1300
v 0.6500 39.2012 9.4100
v 1.7823 38.5176 6.3475
v 0.2549 38.9082 6.6100
v 0.5434 39.1005 6.3560
v 3.1185 37.2579 6.6300
v 3.1776 36.9852 6.1300
v 3.4569 36.2165 6.6300
v 3.2271 36.7622 6.3762
v 3.3644 35.8038 6.2550
v 2.6532 37.7585 6.3500
v 2.1408 38.1438 11.9094
v 3.2873 36.6104 11.1123
v 0.2704 36.2165 14.1456
v 1.1198 38.7477 12.2702
v 2.8970 37.2383 12.1392
v 2.2851 37.9350 12.0143
v 2.4987 36.6021 12.8181
v 4.4043 31.4300 14.7400
v 4.4043 31.4300 11.3317
v 4.4047 31.4889 11.3321
v 4.6047 31.3889 11.5928
v 5.7036 31.4292 11.0534
v 4.1443 31.1983 14.6700
v 4.3407 31.3947 10.7800
v 3.7000 35.4889 15.3900
v 3.2500 35.4889 15.5900
v 3.3957 31.8478 14.7400
v 3.3957 31.4300 14.7400
v 3.6911 31.1346 14.7400
v 4.1089 31.1346 14.7400
v 4.3690 31.3947 11.2856
v 3.3957 31.7978 14.6900
v 3.4057 31.5594 14.6800
v 3.3957 31.4800 10.7600
v 3.4057 31.7184 10.7700
v 3.7411 31.1346 14.6900
v 3.7411 31.1346 10.7600
v 3.7611 31.1546 10.7800
v 3.7611 31.1546 14.6700
v 4.0589 31.1346 10.7600
v 4.0389 31.1546 10.7800
v 4.0589 31.1346 14.6900
v 4.0389 31.1546 14.6700
v 4.3378 31.3918 11.2450
v 7.9000 35.4889 6.3963
v 7.9204 35.1014 7.5550
v 7.9000 35.4889 6.2832
v 7.6256 35.4889 6.8821
v 7.8465 35.4890 6.3487
v 4.1525 35.4889 5.4100
v 4.1525 35.4889 3.6100
v 4.0525 35.4889 3.6100
v 4.4525 35.5389 4.5100
v 4.4989 36.6346 6.2437
v 4.0866 35.4889 5.9338
v 4.3421 35.4892 6.5875
v 4.3205 35.4889 6.6750
v 5.4661 35.5389 7.0906
v 4.4104 35.9889 6.1150
v 5.0115 36.8389 6.7160
v 4.8454 35.4889 7.2481
v 5.5483 35.4894 7.5568
v 5.5349 35.4889 7.6069
v 6.0525 36.3905 7.3638
v 5.8620 36.8389 7.1222
v 5.5320 36.2089 7.2216
v 7.2041 37.1910 5.9030
v 7.6055 35.5139 6.3572
v 7.6003 36.6480 6.2434
v 7.0525 35.4889 7.4071
v 7.0935 36.8389 6.7160
v 6.3113 35.4889 7.6409
v 7.0775 35.4892 7.3204
v 6.6830 36.2089 7.2071
v 7.9500 35.1364 1.8112
v 7.9500 35.1364 7.5050
v 4.1050 35.5889 9.0053
v 5.5484 35.5889 12.0261
v 5.4392 35.5565 10.5034
v 7.7391 35.5889 11.1188
v 8.0000 35.5889 9.8150
v 7.9954 35.0664 7.6050
v 8.1000 35.1364 3.6100
v 7.8864 35.2845 7.5421
v 7.8300 35.5097 7.6400
v 7.9001 31.7359 8.5850
v 7.9000 31.6435 8.5343
v 7.9001 32.3126 9.3398
v 7.9250 31.8691 8.2184
v 7.9000 32.0411 9.2153
v 7.9000 32.7121 9.6430
v 7.9003 33.4889 9.7452
v 7.9000 33.4889 9.8150
v 7.9001 35.2901 8.5480
v 7.9500 33.8129 9.1825
v 7.9000 35.3644 8.5443
v 7.9001 34.6460 9.3516
v 7.9000 34.6013 9.4291
v 7.9000 33.4889 10.0650
v 7.9000 31.9889 10.0650
v 7.9000 31.9889 10.1150
v 7.9128 31.3889 10.9584
v 7.8054 31.3893 11.0802
v 6.0545 35.7410 11.2677
v 6.1105 35.8389 11.2506
v 5.5561 35.7735 10.8137
v 5.6634 35.8389 10.9173
v 6.0505 35.7410 10.3523
v 5.9945 35.8389 10.3694
v 6.5489 35.7735 10.8063
v 6.4416 35.8389 10.7027
v 6.1236 35.5389 11.3498
v 5.8824 35.7889 11.2206
v 5.5311 35.5389 10.8786
v 5.7819 35.7889 10.4574
v 5.9814 35.5389 10.2702
v 6.2226 35.7889 10.3994
v 6.5739 35.5389 10.7414
v 6.3231 35.7889 11.1626
v 6.1577 35.5389 10.7664
v 5.9603 35.5476 11.5104
v 5.5484 31.8889 12.0261
v 5.0287 31.3889 11.9182
v 4.9521 31.8889 11.5469
v 5.1172 31.3892 11.8981
v 5.7875 31.3889 12.1576
v 5.6261 31.8889 11.7364
v 6.5824 31.3889 12.1227
v 6.6308 31.3892 12.0460
v 7.2883 31.3889 11.7555
v 7.4986 23.9889 6.9190
v 7.7000 24.2379 8.8250
v 7.5300 30.4089 8.2350
v 7.5400 30.3989 8.7850
v 7.6523 30.2867 9.7950
v 7.5000 30.4389 10.0750
v 7.5000 30.4389 10.1250
v 7.7000 30.2389 7.6750
v 3.7500 35.5389 10.2100
v 3.7200 35.5089 10.2250
v 3.6850 35.4739 10.3700
v 3.6550 35.4439 10.3800
v 3.6250 35.4139 10.5100
v 3.5950 35.3839 10.5200
v 3.5700 35.3589 10.6350
v 3.5300 35.3189 10.6450
v 3.2500 35.4889 15.6400
v 7.5300 31.1189 15.5900
v 3.4500 35.6889 15.3900
v 3.3795 31.8670 6.9062
v 3.9000 32.1285 7.2190
v 3.6500 35.4736 9.1556
v 3.6750 33.6419 9.1120
v 4.2050 35.1760 9.4269
v 3.6500 32.4292 9.2742
v 3.6500 32.2162 9.1594
v 4.1800 32.4644 9.0286
v 4.1800 35.0210 9.1120
v 3.6501 34.0592 9.8630
v 3.6500 34.1152 9.9242
v 4.2050 34.1152 9.9242
v 4.2049 34.1535 9.8506
v 3.6501 35.0320 9.4868
v 3.6500 34.8934 9.6787
v 4.2049 35.1075 9.4289
v 4.2055 32.8772 9.6633
v 3.6501 33.0286 9.7025
v 3.6500 33.0466 9.7835
v 4.2050 32.7934 9.6787
v 4.2050 33.2999 9.8884
v 3.7500 32.1433 10.2100
v 3.7500 33.8434 10.2100
v 4.1092 31.1347 10.7100
v 3.6925 32.1658 10.2213
v 3.6750 32.2083 10.3700
v 3.6561 32.2383 10.3800
v 3.7200 33.8434 10.2250
v 3.6857 33.8434 10.3700
v 3.6557 33.8434 10.3800
v 3.6250 33.8434 10.5100
v 3.6250 32.2543 10.5100
v 3.5957 33.8434 10.5200
v 3.5955 32.2668 10.5200
v 3.5707 33.8434 10.6350
v 3.5705 32.2773 10.6350
v 3.5307 33.8434 10.6450
v 3.5305 32.2938 10.6450
v 4.1092 31.1347 10.2100
v 3.6914 31.1347 10.7100
v 3.4310 31.3947 10.1600
v 3.4310 31.3947 10.7600
v 3.3960 31.4301 10.7100
v 3.3013 31.8875 10.3800
v 3.2413 31.9125 10.5200
v 3.1763 31.9396 10.6450
v 3.3960 31.8479 10.7100
v 4.1089 31.1346 7.8600
v 3.6911 31.1346 7.8600
v 3.6914 31.1347 10.2100
v 3.7411 31.1346 10.1600
v 3.7411 31.1346 7.9100
v 3.7611 31.1546 7.9300
v 3.7611 31.1546 10.1400
v 4.0589 31.1346 7.9100
v 4.0389 31.1546 7.9300
v 4.0589 31.1346 10.1600
v 4.0389 31.1546 10.1400
v 3.7781 31.1885 7.2213
v 4.2993 31.2897 6.7900
v 4.1296 32.1933 6.6300
v 4.4043 31.8478 7.2250
v 3.9000 32.1933 7.8600
v 4.1089 31.1346 7.2250
v 4.4543 31.4093 7.8600
v 3.5507 31.2397 7.4050
v 3.6704 31.0846 6.6300
v 4.3764 31.4416 7.1927
v 3.6854 29.2655 26.3271
v 3.8144 29.3189 25.8314
v 3.6854 26.2124 26.3271
v 0.6708 26.1194 29.8378
v 1.3183 24.5563 27.6005
v -0.0546 24.0742 28.0723
v 1.0054 25.3139 28.9031
v -0.8457 25.6972 29.3701
v -0.6708 26.1194 29.8378
v -1.6340 23.7942 24.8619
v -1.0721 25.1507 28.6345
v 1.5265 31.4243 26.3271
v 3.5192 29.1967 26.8267
v -3.6500 30.3639 1.5800
v -3.9800 29.6639 3.4600
v -3.5800 30.3639 1.9800
v -3.5200 30.3639 1.9800
v -2.7671 24.5649 3.7600
v -2.9052 24.5063 4.5400
v -2.7671 24.5649 4.5400
v -2.9052 24.5063 3.7600
v -3.9800 25.1639 3.4600
v -3.8800 25.2559 3.5600
v -3.9300 30.3639 3.5100
v -3.8800 25.1564 3.6600
v -3.8800 25.2559 3.6600
v -3.8800 30.3639 3.6600
v -3.8800 25.0569 3.5600
v -3.9800 30.3639 3.6600
v -4.9625 27.4764 3.6600
v -3.9800 29.0139 3.6600
v -3.8800 29.6889 3.6600
v -3.8800 29.0139 3.6600
v -3.8800 29.0139 3.5600
v -4.2100 30.3639 3.6600
v -4.2100 30.3639 2.1743
v -4.2100 30.3639 1.8771
v -5.3100 30.3639 2.0257
v -4.2100 30.3639 3.5600
v -4.2100 30.3639 3.4600
v 4.1100 30.5039 3.5600
v 3.8300 30.4539 3.5100
v 3.7800 29.0139 3.6600
v 3.7800 25.2559 3.6600
v 3.7800 29.0139 3.5600
v 3.7800 25.2559 3.5600
v 3.8800 29.0139 3.4600
v 3.8800 25.1639 3.4600
v 3.7800 25.0569 3.5600
v 3.8800 24.8689 2.7200
v 2.6085 24.4269 3.7600
v 2.7466 24.3682 3.7600
v 2.7466 24.3682 4.5400
v 2.6085 24.4269 4.5400
v 2.6671 24.5649 3.7600
v 2.6671 24.5649 4.5400
v 2.8052 24.5063 3.7600
v -3.5707 30.3639 2.5514
v 3.5300 30.4039 1.9800
v 3.5401 30.4039 2.6062
v 3.4800 30.4039 1.9800
v 7.6100 30.5039 3.5600
v 7.6100 30.4039 3.4600
v 1.7416 0.6289 15.3900
v 0.0000 0.6289 15.1400
v -0.3653 0.6289 14.7587
v 0.3792 35.6389 16.4444
v -0.0000 35.6389 16.3604
v -0.3792 35.6389 16.4444
v -0.7068 35.6389 16.6532
v -0.9156 35.6389 16.9808
v -0.9996 35.6389 17.3600
v -0.9156 35.6389 17.7392
v -0.7068 35.6389 18.0668
v -0.3792 35.6389 18.2756
v -0.0000 35.6389 18.3596
v 0.3792 35.6389 18.2756
v 0.7068 35.6389 18.0668
v 0.9156 35.6389 17.7392
v 0.9996 35.6389 17.3600
v 0.9156 35.6389 16.9808
v 0.7068 35.6389 16.6532
v 0.3867 35.6390 16.4855
v -0.2193 35.6394 16.4163
v -0.8223 35.6394 16.8477
v -0.9437 35.6394 17.5793
v -0.5123 35.6394 18.1823
v 0.2192 35.6394 18.3037
v 0.8223 35.6394 17.8723
v 0.9507 35.6390 17.2576
v 0.7721 35.6390 16.7960
v -0.0000 0.7289 16.3604
v -0.3792 0.7289 16.4444
v -0.7068 0.7289 16.6532
v -0.9156 0.7289 16.9808
v -0.9996 0.7289 17.3600
v -0.9156 0.7289 17.7392
v -0.7068 0.7289 18.0668
v -0.3792 0.7289 18.2756
v -0.0000 0.7289 18.3596
v 0.3792 0.7289 18.2756
v 0.7068 0.7289 18.0668
v 0.9156 0.7289 17.7392
v 0.9996 0.7289 17.3600
v 0.9156 0.7289 16.9808
v 0.7068 0.7289 16.6532
v 0.3792 0.7289 16.4444
v -0.2193 0.7284 16.4163
v -0.8223 0.7284 16.8477
v -0.9437 0.7284 17.5793
v -0.5123 0.7284 18.1823
v 0.2192 0.7284 18.3037
v 0.8223 0.7284 17.8723
v 0.9507 0.7288 17.2576
v 0.7721 0.7288 16.7960
v 0.3867 0.7288 16.4855
v 3.6832 1.0239 15.3900
v -3.6832 1.0239 15.1400
v -3.6832 6.7017 14.7473
v -3.6832 6.8689 15.1400
v 7.9000 35.5889 10.0900
v 7.9000 35.5889 10.0650
v 7.9000 35.5889 10.1150
v 6.6504 35.5343 10.4079
v 7.4296 35.5889 11.5221
v 5.0788 35.5889 11.8316
v -1.8622 38.9272 4.7131
v -7.9000 35.5889 10.1150
v -6.0525 35.5889 12.0925
v -5.4571 35.5889 11.0566
v -3.6832 7.7389 8.8250
v 3.4032 0.8039 10.0750
v -5.7945 0.3289 6.2897
v -6.0525 35.5447 11.5147
v -5.4650 35.5524 10.5115
v -6.5981 35.5312 10.3463
v -7.9000 33.4889 10.0650
v -7.9000 35.5889 10.0650
v -3.1586 37.3787 8.8100
v -3.7500 32.1433 10.2100
v 3.1586 37.3787 8.8100
v 7.9000 35.4864 7.6750
v 5.6289 31.8889 11.9895
v 5.0788 31.8889 11.8316
v 5.8600 30.5039 3.6600
v 4.1100 30.4039 3.4600
v 3.7800 30.5039 3.5600
v 0.1433 35.8889 17.3789
v 0.1433 0.4789 17.3789
v 3.6832 19.7339 15.1400
v -5.5514 0.3189 6.1087
v -7.9000 33.4889 10.1150
v 7.9000 33.4889 10.1150
v 5.8722 0.3289 6.2253
v 5.7432 0.3089 6.3032
v 5.3921 0.3089 5.5181
v -6.0605 0.3089 5.7732
v -7.2041 37.1910 5.9030
v -6.6975 37.5461 0.0211
v -4.8914 37.1910 5.9861
v -4.1525 35.4889 0.0211
v -4.0525 35.4889 0.0211
v -4.4525 35.5389 0.0211
v -4.4104 35.9889 6.1150
v 4.1525 35.4889 0.0125
v 4.0525 35.4889 0.0125
v 4.9009 37.1910 5.9030
v 7.6946 35.9889 6.1150
v 8.1000 35.1364 0.0125
v 3.6832 8.3189 8.8250
v 0.0000 0.7839 10.0750
v 0.0000 0.8239 10.0750
v -3.5603 36.1423 8.8100
v 3.5603 36.1423 8.8100
v 0.6500 39.2012 8.8100
v 7.7391 35.5889 11.1188
v 3.4050 35.6439 10.3800
v 3.5925 30.4039 1.5800
v -7.8300 35.5889 7.6750
v -2.1320 0.7839 10.0750
v -1.0816 38.9976 10.2100
v -2.9750 37.4921 10.1150
v -0.6500 39.2012 8.8100
v 3.7500 35.5389 10.7100
v 1.0816 38.9976 10.2100
v -4.2100 30.3639 1.5800
v 7.6559 31.2389 15.6400
v 7.3300 24.2389 15.6400
v 7.6500 31.4389 15.3900
v 7.5300 31.1189 15.6400
v -7.5300 31.1189 15.5900
v -7.6746 24.2389 15.6400
v -7.3300 31.2389 15.6400
v 5.2430 33.1825 11.8996
v 5.4003 31.8889 11.7737
v -3.9832 21.7839 12.5850
v -3.9832 21.6329 14.0086
v -3.9832 22.1424 14.1777
v -4.0432 21.9690 14.6441
v -4.0432 22.0764 12.7470
v -4.0132 21.9789 13.9705
v -4.0432 21.5925 13.6845
v 4.0432 21.6701 14.1096
v 4.0432 22.1044 14.7069
v 4.0432 22.0764 12.7470
v 4.0132 21.9789 13.9705
v 3.9832 22.0764 12.7470
v 3.9832 21.6701 14.1096
v -3.9150 26.5589 23.7400
v -3.9000 26.9389 23.7200
v -3.9000 26.9789 23.7200
v -3.9300 26.9789 23.7200
v -3.9300 26.9389 23.7200
v -3.9150 27.3589 23.7400
v -3.9000 26.9389 22.5400
v -3.9000 26.9789 22.5400
v -3.9300 26.9789 22.5400
v -3.9300 26.9389 22.5400
v -3.9065 26.9573 23.7890
v -3.3173 25.5216 23.7566
v -3.3163 25.4974 23.7200
v -3.3446 25.5257 23.7200
v -3.3234 25.5469 23.7200
v -3.2951 25.5186 23.7200
v -3.3446 25.5257 22.5400
v -3.3234 25.5469 22.5400
v -3.2951 25.5186 22.5400
v -3.3163 25.4974 22.5400
v -3.0317 25.2446 23.7400
v -3.6080 25.7997 23.7400
v -2.2121 24.4183 23.7977
v -2.2132 24.3943 23.7200
v -2.2415 24.4226 23.7200
v -2.1920 24.4155 23.7200
v -2.2203 24.4438 23.7200
v -2.1920 24.4155 22.5400
v -2.2132 24.3943 22.5400
v -2.2203 24.4438 22.5400
v -2.2415 24.4226 22.5400
v -2.4996 24.7019 23.7400
v -1.9392 24.1309 23.7400
v -0.7751 23.8271 23.7615
v -0.7600 23.8089 23.7200
v -0.8000 23.8089 23.7200
v -0.8000 23.8389 23.7200
v -0.7600 23.8389 23.7200
v -0.8000 23.8089 22.5400
v -0.8000 23.8389 22.5400
v -0.7600 23.8389 22.5400
v -0.7600 23.8089 22.5400
v -0.3800 23.8239 23.7400
v -1.1800 23.8239 23.7400
v -3.9137 28.5168 23.7734
v -3.9300 28.4989 23.7200
v -3.9300 28.5389 23.7200
v -3.9000 28.5389 23.7200
v -3.9000 28.4989 23.7200
v -3.9300 28.5389 22.5400
v -3.9000 28.5389 22.5400
v -3.9000 28.4989 22.5400
v -3.9300 28.4989 22.5400
v -3.9150 28.1189 23.7400
v -3.9150 28.9189 23.7400
v -2.2121 31.0596 23.7977
v -2.2415 31.0553 23.7200
v -2.2132 31.0836 23.7200
v -2.1920 31.0623 23.7200
v -2.2203 31.0341 23.7200
v -2.2132 31.0836 22.5400
v -2.1920 31.0623 22.5400
v -2.2203 31.0341 22.5400
v -2.2415 31.0553 22.5400
v -2.4943 30.7707 23.7400
v -1.9392 31.3470 23.7400
v -3.3255 29.9604 23.7565
v -3.3446 29.9522 23.7200
v -3.3163 29.9805 23.7200
v -3.3234 29.9310 23.7200
v -3.2951 29.9593 23.7200
v -3.3234 29.9310 22.5400
v -3.3446 29.9522 22.5400
v -3.2951 29.9593 22.5400
v -3.3163 29.9805 22.5400
v -3.0370 30.2386 23.7400
v -3.6027 29.6729 23.7500
v -0.7756 31.6569 23.7673
v -0.8000 31.6689 23.7200
v -0.7600 31.6689 23.7200
v -0.8000 31.6389 23.7200
v -0.7600 31.6389 23.7200
v -0.8000 31.6389 22.5400
v -0.8000 31.6689 22.5400
v -0.7600 31.6389 22.5400
v -0.7600 31.6689 22.5400
v -0.3800 31.6539 23.7400
v -1.1800 31.6539 23.7400
v 0.7751 31.6507 23.7615
v 0.7600 31.6689 23.7200
v 0.8000 31.6689 23.7200
v 0.8000 31.6389 23.7200
v 0.7600 31.6389 23.7200
v 0.8000 31.6689 22.5400
v 0.8000 31.6389 22.5400
v 0.7600 31.6389 22.5400
v 0.7600 31.6689 22.5400
v 0.3800 31.6539 23.7400
v 1.1800 31.6539 23.7400
v 3.3158 29.9607 23.8754
v 3.3163 29.9805 23.7200
v 3.3446 29.9522 23.7200
v 3.3234 29.9310 23.7200
v 3.2951 29.9593 23.7200
v 3.3446 29.9522 22.5400
v 3.3234 29.9310 22.5400
v 3.2951 29.9593 22.5400
v 3.3163 29.9805 22.5400
v 3.0370 30.2386 23.7400
v 3.6027 29.6729 23.7400
v 2.2168 31.0588 23.8947
v 2.2132 31.0836 23.7200
v 2.2415 31.0553 23.7200
v 2.1920 31.0623 23.7200
v 2.2203 31.0341 23.7200
v 2.1920 31.0623 22.5400
v 2.2132 31.0836 22.5400
v 2.2203 31.0341 22.5400
v 2.2415 31.0553 22.5400
v 2.4996 30.7760 23.7400
v 1.9339 31.3417 23.7500
v 3.9065 28.5206 23.7890
v 3.9300 28.5389 23.7200
v 3.9300 28.4989 23.7200
v 3.9000 28.5389 23.7200
v 3.9000 28.4989 23.7200
v 3.9000 28.5389 22.5400
v 3.9300 28.5389 22.5400
v 3.9000 28.4989 22.5400
v 3.9300 28.4989 22.5400
v 3.9150 28.1189 23.7400
v 3.9150 28.9189 23.7400
v 3.9137 26.9610 23.7734
v 3.9300 26.9789 23.7200
v 3.9300 26.9389 23.7200
v 3.9000 26.9389 23.7200
v 3.9000 26.9789 23.7200
v 3.9300 26.9389 22.5400
v 3.9000 26.9389 22.5400
v 3.9000 26.9789 22.5400
v 3.9300 26.9789 22.5400
v 3.9150 27.3589 23.7400
v 3.9150 26.5589 23.7400
v 2.2136 24.4172 23.7992
v 2.2415 24.4226 23.7200
v 2.2132 24.3943 23.7200
v 2.1920 24.4155 23.7200
v 2.2203 24.4438 23.7200
v 2.2132 24.3943 22.5400
v 2.1920 24.4155 22.5400
v 2.2203 24.4438 22.5400
v 2.2415 24.4226 22.5400
v 2.4943 24.7072 23.7400
v 1.9392 24.1309 23.7400
v 3.3160 25.5240 23.7553
v 3.3446 25.5257 23.7200
v 3.3163 25.4974 23.7200
v 3.3234 25.5469 23.7200
v 3.2951 25.5186 23.7200
v 3.3234 25.5469 22.5400
v 3.3446 25.5257 22.5400
v 3.2951 25.5186 22.5400
v 3.3163 25.4974 22.5400
v 3.0317 25.2446 23.7400
v 3.6027 25.8050 23.7400
v 0.7756 23.8209 23.7673
v 0.8000 23.8089 23.7200
v 0.7600 23.8089 23.7200
v 0.8000 23.8389 23.7200
v 0.7600 23.8389 23.7200
v 0.8000 23.8389 22.5400
v 0.8000 23.8089 22.5400
v 0.7600 23.8389 22.5400
v 0.7600 23.8089 22.5400
v 0.3800 23.8239 23.7400
v 1.1800 23.8239 23.7400
v -1.6302 0.5739 3.8727
v -0.1598 0.5739 5.5851
v -1.6510 0.5739 3.4945
v 0.0000 0.5739 3.4945
v 0.0000 0.5739 0.0100
v -1.6510 0.5739 0.0100
v -1.4822 0.5739 3.8966
v -0.1416 0.5739 0.1540
v -0.1416 0.5739 3.3505
v -1.5070 0.5739 3.3505
v -1.5070 0.5739 0.1540
v -1.4137 0.4993 3.9399
v 0.0000 0.5019 5.4877
v -0.1204 0.5327 5.5097
v -1.1052 0.5330 4.8122
v -1.2071 0.5019 4.5896
v 0.0000 0.5019 4.5896
v 0.0000 0.5019 3.9392
v -0.0264 0.5019 3.9680
v -0.0264 0.5019 4.5608
v -1.1884 0.5019 4.5608
v -1.3947 0.5019 3.9680
v -0.0264 0.5019 4.6184
v -0.0264 0.5019 5.4516
v -1.1533 0.5019 4.6184
v -1.2469 0.5739 4.8120
v -1.3426 0.4988 4.2309
v -1.3981 0.4659 3.9483
v 0.0000 0.5739 3.8960
v 0.0000 0.5739 3.7520
v 1.1884 0.4659 4.5608
v 1.3947 0.5019 3.9680
v 0.0264 0.5019 3.9680
v 0.0264 0.5019 4.5608
v 1.1884 0.5019 4.5608
v 1.1533 0.5019 4.6184
v 0.0264 0.5019 4.6184
v 0.0264 0.5019 5.4516
v 0.9377 0.4980 4.9511
v 1.2071 0.5019 4.5896
v 0.4569 0.5001 5.3338
v 0.8070 0.5737 5.1748
v 1.5070 0.5739 0.1540
v 0.1416 0.5739 0.1540
v 0.1416 0.5739 3.3505
v 1.5070 0.5739 3.3505
v 0.7820 0.5739 5.3451
v 1.3954 0.5739 4.5890
v 1.6510 0.5739 0.0100
v 1.6510 0.5739 3.4945
v 1.4343 0.5272 3.9231
v 1.3981 0.4659 3.9483
v 1.2912 0.5323 4.4418
v 1.6302 0.5739 3.8727
v -6.1032 0.3089 2.7100
v -5.3832 0.3089 2.7100
v -5.3832 0.3089 3.6648
v -6.1032 0.3089 4.2377
v -6.1032 0.3089 3.2829
v -5.7432 0.3089 2.7100
v -5.7786 0.3089 6.1477
v -5.5655 0.3089 6.0054
v -5.7078 0.3089 5.7923
v -5.9209 0.3089 5.9346
v -5.9342 0.3322 5.9295
v -5.7027 0.3322 5.7790
v -5.5522 0.3322 6.0105
v -5.8643 0.3346 5.4175
v -5.6283 0.3346 5.4012
v -5.6232 0.3304 4.2377
v -5.8950 0.3329 4.2345
v -6.0027 0.3335 4.4982
v -6.1188 0.3365 5.3101
v -5.7837 0.3322 6.1610
v -5.9520 0.3323 5.6612
v -5.7120 0.3323 5.6612
v -5.4720 0.3323 5.6612
v -5.5004 0.3321 2.7300
v -5.4032 0.3314 3.2858
v -5.4042 0.3316 4.0396
v -5.4004 0.3319 4.2605
v -5.5032 0.3315 4.6196
v -5.3970 0.3308 5.1980
v -5.6451 0.3311 5.3852
v -5.9804 0.3321 2.7300
v -5.7430 0.3307 3.3675
v -6.0832 0.3314 3.8528
v -6.0832 0.3314 3.2799
v -5.8851 0.3311 5.3852
v -5.7432 0.3089 5.9700
v -5.5032 0.3089 3.6648
v -5.5032 0.3089 4.0367
v -5.5032 0.3089 4.4387
v -5.5032 0.3089 4.8106
v -5.5032 0.3089 5.1925
v -5.7432 0.3089 4.0367
v -5.7432 0.3089 4.4387
v -5.7432 0.3089 5.1925
v -5.9832 0.3089 2.9110
v -5.9832 0.3089 3.6648
v -5.9832 0.3089 4.0367
v -5.9832 0.3089 4.4387
v -5.9832 0.3089 4.8106
v -5.9832 0.3089 5.1925
v 5.9342 0.3322 5.9295
v 5.7027 0.3322 5.7790
v 5.5522 0.3322 6.0105
v 5.7837 0.3322 6.1610
v 6.0888 0.3285 5.4275
v 5.6451 0.3311 5.3852
v 5.8643 0.3346 5.4175
v 5.3970 0.3308 5.1980
v 5.6269 0.3346 5.4068
v 5.5004 0.3321 2.7300
v 5.5032 0.3089 3.2829
v 5.5032 0.3089 3.6648
v 5.7430 0.3307 3.3675
v 5.4042 0.3316 4.0396
v 5.5032 0.3089 4.0367
v 5.6232 0.3304 4.2377
v 5.5032 0.3089 4.4387
v 5.5032 0.3089 4.8106
v 5.5032 0.3089 5.1925
v 5.7432 0.3089 4.0367
v 5.7432 0.3089 4.4387
v 5.7432 0.3089 5.1925
v 5.9804 0.3321 2.7300
v 6.0832 0.3314 3.2799
v 5.9832 0.3089 3.2829
v 5.9832 0.3089 3.6648
v 6.0832 0.3314 3.8528
v 5.9832 0.3089 4.0367
v 5.9832 0.3089 4.4387
v 5.9832 0.3089 4.8106
v 6.0832 0.3314 4.9986
v 5.9047 0.3269 5.3837
v 5.9832 0.3089 5.1925
v 5.9712 0.3350 5.6751
v 5.7120 0.3323 5.6612
v 5.4720 0.3323 5.6612
v 5.4032 0.3314 3.2858
v 5.4004 0.3319 4.2605
v 5.5032 0.3315 4.6196
v 5.7432 0.3303 4.8742
v 5.8950 0.3329 4.2345
v 6.0027 0.3335 4.4982
v 5.9209 0.3089 5.9346
v 5.7078 0.3089 5.7923
v 5.5655 0.3089 6.0054
v 5.7786 0.3089 6.1477
v 5.3832 0.3089 3.6648
v 6.1032 0.3089 3.2829
v -3.9832 17.5839 12.5850
v -3.9832 17.4329 14.0086
v -3.9832 17.9424 14.1777
v -3.9832 13.3839 12.5850
v -3.9832 13.2329 14.0086
v -3.9832 13.7424 14.1777
v -3.9832 9.6839 12.5850
v -3.9832 9.5329 14.0086
v -3.9832 10.0424 14.1777
v -3.9832 5.9839 12.5850
v -3.9832 5.8329 14.0086
v -3.9832 6.3424 14.1777
v -3.9832 2.2839 12.5850
v -3.9832 2.1329 14.0086
v -3.9832 2.6424 14.1777
v 3.9832 2.5764 12.7470
v 3.9832 2.1701 14.1096
v 4.0132 2.4789 13.9706
v 4.0432 2.1701 14.1096
v 4.0432 2.6044 14.7069
v 4.0432 2.5764 12.7470
v -4.0432 2.4690 14.6441
v -4.0432 2.5764 12.7470
v -4.0132 2.4789 13.9706
v -4.0432 2.0925 13.6845
v -4.0432 6.1690 14.6441
v -4.0432 6.2764 12.7470
v -4.0132 6.1789 13.9706
v -4.0432 5.7925 13.6845
v 4.0432 5.8701 14.1096
v 4.0432 6.3044 14.7069
v 4.0432 6.2764 12.7470
v 4.0132 6.1789 13.9706
v 3.9832 6.2764 12.7470
v 3.9832 5.8701 14.1096
v -4.0432 9.8690 14.6441
v -4.0432 9.9764 12.7470
v -4.0132 9.8789 13.9705
v -4.0432 9.4925 13.6845
v 4.0432 9.5701 14.1096
v 4.0432 10.0044 14.7069
v 4.0432 9.9764 12.7470
v 4.0132 9.8789 13.9705
v 3.9832 9.9764 12.7470
v 3.9832 9.5701 14.1096
v -4.0432 13.5690 14.6441
v -4.0432 13.6764 12.7470
v -4.0132 13.5789 13.9705
v -4.0432 13.1925 13.6845
v 4.0432 13.2701 14.1096
v 4.0432 13.7044 14.7069
v 4.0432 13.6764 12.7470
v 4.0132 13.5789 13.9705
v 3.9832 13.6764 12.7470
v 3.9832 13.2701 14.1096
v -4.0432 17.7690 14.6441
v -4.0432 17.8764 12.7470
v -4.0132 17.7789 13.9705
v -4.0432 17.3925 13.6845
v 4.0432 17.4701 14.1096
v 4.0432 17.9044 14.7069
v 4.0432 17.8764 12.7470
v 4.0132 17.7789 13.9705
v 3.9832 17.8764 12.7470
v 3.9832 17.4701 14.1096
v -0.0500 39.2637 6.8600
v -0.0354 39.2284 6.8600
v -0.0000 39.1573 6.7183
v -0.0500 39.2637 9.7100
v -0.0354 39.2284 9.7100
v -0.0500 39.2637 8.8100
v -0.0354 39.2284 8.8100
v 0.0000 39.2137 8.8100
v 0.0000 39.1858 9.7510
v 0.0000 39.1825 6.6300
v -2.0652 38.5115 6.6300
v -2.0473 38.4813 6.7272
v -2.1534 38.5478 6.8600
v -2.1208 38.5278 6.8600
v -2.0836 38.5367 6.8600
v -2.0636 38.5694 6.8600
v -2.0725 38.6066 6.8600
v -2.1410 38.5255 9.7800
v -2.0659 38.5139 9.7556
v -2.0514 38.5842 9.8250
v -2.0636 38.5694 9.7100
v -2.0836 38.5367 9.7100
v -2.1208 38.5278 9.7100
v -2.1534 38.5478 9.7100
v -2.1534 38.5478 8.8100
v -2.1208 38.5278 8.8100
v -2.0836 38.5367 8.8100
v -2.0636 38.5694 8.8100
v -2.0725 38.6066 8.8100
v -3.3416 36.7547 6.6300
v -3.3094 36.7408 6.7273
v -3.4343 36.7322 6.8600
v -3.3962 36.7352 6.8600
v -3.3713 36.7643 6.8600
v -3.3743 36.8025 6.8600
v -3.4034 36.8273 6.8600
v -3.4112 36.7215 9.7800
v -3.3436 36.7562 9.7556
v -3.3731 36.8216 9.8250
v -3.3743 36.8025 9.7100
v -3.3713 36.7643 9.7100
v -3.3962 36.7352 9.7100
v -3.4343 36.7322 9.7100
v -3.4343 36.7322 8.8100
v -3.3962 36.7352 8.8100
v -3.3713 36.7643 8.8100
v -3.3743 36.8025 8.8100
v -3.4034 36.8273 8.8100
v 3.3094 36.7408 6.7273
v 3.3416 36.7547 6.6300
v 3.4343 36.7322 6.8600
v 3.3962 36.7352 6.8600
v 3.3713 36.7643 6.8600
v 3.3743 36.8025 6.8600
v 3.4034 36.8273 6.8600
v 3.3731 36.8216 9.8250
v 3.3436 36.7563 9.7556
v 3.4112 36.7215 9.7800
v 3.3743 36.8025 9.7100
v 3.3713 36.7643 9.7100
v 3.3962 36.7352 9.7100
v 3.4343 36.7322 9.7100
v 3.4343 36.7322 8.8100
v 3.3962 36.7352 8.8100
v 3.3713 36.7643 8.8100
v 3.3743 36.8025 8.8100
v 3.4034 36.8273 8.8100
v 2.0473 38.4813 6.7272
v 2.0652 38.5115 6.6300
v 2.1534 38.5478 6.8600
v 2.1208 38.5278 6.8600
v 2.0836 38.5367 6.8600
v 2.0636 38.5694 6.8600
v 2.0725 38.6066 6.8600
v 2.0514 38.5842 9.8250
v 2.0659 38.5139 9.7556
v 2.1410 38.5255 9.7800
v 2.0636 38.5694 9.7100
v 2.0836 38.5367 9.7100
v 2.1208 38.5278 9.7100
v 2.1534 38.5478 9.7100
v 2.1534 38.5478 8.8100
v 2.1208 38.5278 8.8100
v 2.0836 38.5367 8.8100
v 2.0636 38.5694 8.8100
v 2.0725 38.6066 8.8100
v 0.0500 39.2637 6.8600
v 0.0354 39.2284 6.8600
v 0.0253 39.2026 9.8300
v 0.0354 39.2284 9.7100
v 0.0500 39.2637 9.7100
v 0.0500 39.2637 8.8100
v 0.0354 39.2284 8.8100
v 5.3832 0.3089 4.2377
v 6.1032 0.3089 4.2377
v 5.3832 0.3089 5.3834
v 6.1032 0.3089 5.0015
v 6.0924 0.3289 5.3834
v -6.1032 0.3089 5.3834
v -5.3832 0.3089 5.0015
v -5.3832 0.3089 4.2377
v -1.3947 0.4659 3.9680
v 3.9832 22.1044 14.7069
v -0.1848 0.5019 0.1972
v -0.1848 0.5019 3.3073
v -1.4638 0.5019 3.3073
v -1.4638 0.5019 0.1972
v -0.0264 0.4659 3.9680
v -0.0264 0.4659 4.5608
v -1.1884 0.4659 4.5608
v -0.0264 0.4659 4.6184
v -0.0264 0.4659 5.4516
v -0.8282 0.4659 5.0081
v -1.1533 0.4659 4.6184
v 0.0264 0.4659 3.9680
v 0.0264 0.4659 4.5608
v 0.0264 0.4659 4.6184
v 0.8919 0.4659 4.9612
v 0.0264 0.4659 5.4516
v 1.1533 0.4659 4.6184
v 0.1848 0.5019 0.1972
v 1.4638 0.5019 0.1972
v 0.1848 0.5019 3.3073
v 1.4638 0.5019 3.3073
v 5.3832 0.3089 2.7100
v -5.7432 0.3303 4.8742
v -5.9920 0.3089 5.6343
v -5.7520 0.3089 5.6343
v 5.7432 0.3089 5.9700
v 5.9920 0.3089 5.6344
v 5.7520 0.3089 5.6344
v 5.5120 0.3089 5.6344
v 5.5032 0.3089 2.9110
v 5.9832 0.3089 2.9110
v 6.0681 0.3089 5.5955
v 5.7432 0.3089 2.7100
v 3.9832 2.6044 14.7069
v 3.9832 6.3044 14.7069
v 3.9832 10.0044 14.7069
v 3.9832 13.7044 14.7069
v 3.9832 17.9044 14.7069
v 6.1032 0.3089 2.7100
v -5.6232 0.3089 5.3834
v -5.8632 0.3089 5.3834
v -5.9832 0.3089 5.6834
v -5.5120 0.3089 5.6343
v -5.5032 0.3089 3.2829
v -5.9832 0.3089 3.2829
v 5.9832 0.3089 5.6834
v 5.7432 0.3089 5.6834
v 5.8632 0.3089 5.3834
v 5.5032 0.3089 5.6834
v 5.6232 0.3089 5.3834
v -5.5032 0.3089 2.9110
v -5.5032 0.3089 5.6834
v -5.7432 0.3089 5.6834
v 1.3947 0.4659 3.9680
f 25 26 27
f 27 26 16
f 15 24 28
f 16 25 27
f 22 23 24
f 24 23 28
f 28 23 15
f 20 21 29
f 29 21 13
f 14 19 30
f 13 20 29
f 17 18 19
f 19 18 30
f 30 18 14
f 60 110 59
f 62 60 59
f 112 60 62
f 65 57 56
f 72 57 65
f 6 5 61
f 67 59 63
f 67 62 59
f 112 62 67
f 65 56 64
f 65 64 72
f 7 6 61
f 66 67 63
f 69 3 4
f 81 67 66
f 112 67 81
f 70 71 68
f 77 69 4
f 77 3 69
f 73 70 68
f 73 71 70
f 76 61 58
f 7 61 76
f 83 91 74
f 76 58 75
f 8 7 76
f 81 66 78
f 81 78 79
f 85 76 75
f 9 8 76
f 81 79 80
f 9 76 85
f 82 81 80
f 112 81 82
f 95 74 84
f 95 83 74
f 91 83 95
f 85 75 104
f 82 80 86
f 90 82 86
f 112 82 90
f 90 86 87
f 95 84 88
f 10 9 85
f 90 87 89
f 10 85 104
f 94 90 89
f 112 90 94
f 95 88 92
f 92 91 95
f 94 89 93
f 11 10 104
f 97 2 1
f 107 93 98
f 107 94 93
f 112 94 107
f 99 100 96
f 106 97 1
f 106 2 97
f 101 99 96
f 101 100 99
f 113 72 102
f 104 58 103
f 107 98 105
f 11 104 103
f 111 107 105
f 112 107 111
f 111 105 108
f 113 102 109
f 12 11 103
f 111 108 110
f 60 111 110
f 112 111 60
f 57 109 56
f 57 113 109
f 72 113 57
f 5 103 61
f 5 12 103
f 51 32 33
f 55 35 38
f 35 36 38
f 35 31 36
f 37 34 117
f 55 38 44
f 38 39 44
f 38 36 39
f 41 40 43
f 40 41 42
f 43 40 42
f 55 44 48
f 44 45 48
f 44 39 45
f 47 46 115
f 55 48 54
f 48 49 54
f 48 45 49
f 52 51 33
f 51 52 32
f 55 54 35
f 54 31 35
f 54 49 31
f 53 50 119
f 61 103 58
f 104 75 58
f 34 37 118
f 34 118 117
f 46 47 116
f 46 116 115
f 50 53 114
f 50 114 119
f 217 211 216
f 218 211 217
f 210 211 213
f 211 218 213
f 213 218 212
f 212 218 219
f 220 212 219
f 220 215 212
f 221 215 220
f 210 213 214
f 215 221 214
f 200 218 201
f 200 219 218
f 200 221 219
f 200 214 221
f 208 205 207
f 205 204 207
f 207 204 206
f 202 206 204
f 209 206 202
f 209 208 206
f 202 208 203
f 176 173 665
f 173 176 175
f 176 665 175
f 178 176 177
f 179 176 178
f 177 176 179
f 181 184 182
f 181 174 184
f 182 184 174
f 183 180 185
f 171 155 172
f 170 171 172
f 170 155 171
f 171 168 169
f 171 167 168
f 171 169 167
f 158 157 154
f 157 161 154
f 157 158 161
f 160 159 156
f 186 189 187
f 187 189 190
f 190 186 187
f 191 188 679
f 163 166 192
f 164 681 165
f 162 166 163
f 426 424 199
f 612 613 120
f 615 616 614
f 618 616 615
f 618 617 616
f 618 619 617
f 611 676 121
f 613 637 120
f 612 637 613
f 676 620 121
f 611 620 676
f 614 621 615
f 614 622 621
f 616 622 614
f 617 622 616
f 619 622 617
f 247 193 320
f 633 638 624
f 625 627 626
f 627 629 626
f 627 628 629
f 628 630 629
f 631 623 632
f 122 633 624
f 122 638 633
f 632 123 631
f 631 123 623
f 634 625 626
f 634 677 625
f 677 627 625
f 677 628 627
f 677 630 628
f 245 610 244
f 153 323 322
f 610 325 324
f 195 326 194
f 195 327 326
f 195 328 327
f 196 330 329
f 196 321 330
f 193 331 320
f 610 324 244
f 430 432 151
f 432 152 151
f 432 434 152
f 434 508 152
f 438 153 436
f 438 323 153
f 439 472 609
f 444 197 442
f 444 446 197
f 446 448 197
f 450 452 198
f 452 425 198
f 424 479 199
f 423 439 609
f 578 577 580
f 577 578 574
f 574 578 579
f 579 578 580
f 675 581 582
f 582 581 580
f 582 580 675
f 580 571 675
f 577 571 580
f 575 574 579
f 576 575 579
f 639 586 127
f 640 639 127
f 586 639 640
f 640 588 589
f 587 591 586
f 586 589 587
f 591 587 589
f 584 589 588
f 584 593 589
f 584 592 593
f 640 584 588
f 590 595 591
f 591 593 590
f 595 590 593
f 583 593 592
f 583 598 593
f 583 596 598
f 584 583 592
f 584 585 583
f 594 597 595
f 595 598 594
f 597 594 598
f 585 598 596
f 585 660 598
f 583 585 596
f 658 599 597
f 597 598 658
f 599 658 598
f 600 598 660
f 585 600 660
f 585 124 600
f 657 661 599
f 599 601 657
f 600 601 599
f 659 601 600
f 661 657 601
f 124 601 659
f 600 124 659
f 656 128 661
f 661 129 656
f 124 129 661
f 126 129 124
f 128 656 129
f 125 129 126
f 125 128 129
f 124 125 126
f 222 225 636
f 571 577 674
f 674 577 574
f 223 602 224
f 573 570 572
f 571 573 572
f 570 571 572
f 674 574 575
f 674 575 576
f 642 564 641
f 567 641 568
f 569 641 567
f 641 569 642
f 568 569 567
f 565 568 566
f 569 568 565
f 566 569 565
f 561 566 562
f 563 566 561
f 569 566 563
f 562 563 561
f 642 569 560
f 663 562 133
f 560 562 663
f 133 560 663
f 662 133 132
f 560 133 662
f 132 560 662
f 642 560 664
f 131 132 130
f 664 132 131
f 664 131 130
f 642 664 564
f 222 635 225
f 606 377 503
f 606 379 377
f 606 608 379
f 608 381 379
f 607 385 383
f 607 347 385
f 605 391 390
f 605 393 391
f 604 397 395
f 604 399 397
f 604 603 399
f 375 401 376
f 370 388 371
f 346 607 345
f 347 607 346
f 351 353 350
f 352 353 351
f 355 230 354
f 356 230 355
f 356 344 230
f 348 349 226
f 501 375 374
f 376 374 375
f 372 374 376
f 372 539 501
f 502 539 372
f 502 426 501
f 466 426 502
f 427 426 466
f 424 426 427
f 374 372 501
f 539 502 501
f 423 609 422
f 503 377 378
f 377 380 378
f 377 379 380
f 379 382 380
f 379 381 382
f 381 384 382
f 381 608 384
f 383 386 507
f 383 385 386
f 385 239 386
f 385 347 239
f 388 389 387
f 388 370 389
f 390 392 473
f 390 391 392
f 391 394 392
f 391 393 394
f 393 396 394
f 393 605 396
f 395 398 476
f 395 397 398
f 397 400 398
f 397 399 400
f 399 373 400
f 399 603 373
f 376 401 372
f 371 388 387
f 370 371 402
f 404 405 403
f 406 407 409
f 404 408 405
f 407 410 409
f 407 406 410
f 405 408 403
f 412 413 144
f 414 416 415
f 417 416 414
f 417 418 416
f 417 419 418
f 411 668 145
f 413 643 144
f 412 643 413
f 668 420 145
f 411 420 668
f 415 421 414
f 415 669 421
f 416 669 415
f 418 669 416
f 419 669 418
f 428 430 151
f 428 429 430
f 429 432 430
f 429 431 432
f 431 434 432
f 431 433 434
f 433 508 434
f 435 438 436
f 435 437 438
f 437 323 438
f 437 300 323
f 440 472 439
f 441 444 442
f 441 443 444
f 443 446 444
f 443 445 446
f 445 448 446
f 445 514 448
f 447 450 198
f 447 449 450
f 449 452 450
f 449 451 452
f 451 425 452
f 451 500 425
f 427 479 424
f 423 440 439
f 454 455 134
f 456 458 457
f 459 458 456
f 459 460 458
f 459 461 460
f 453 670 136
f 455 135 134
f 454 135 455
f 670 462 136
f 453 462 670
f 457 463 456
f 457 671 463
f 458 671 457
f 460 671 458
f 461 671 460
f 423 464 465
f 423 422 464
f 428 467 429
f 467 431 429
f 467 468 431
f 468 433 431
f 468 469 433
f 469 508 433
f 435 470 437
f 470 300 437
f 470 275 300
f 471 472 440
f 473 443 441
f 473 474 443
f 474 445 443
f 474 475 445
f 475 514 445
f 476 449 447
f 476 477 449
f 477 451 449
f 477 478 451
f 478 500 451
f 466 479 427
f 465 440 423
f 465 471 440
f 422 465 464
f 481 482 480
f 483 484 486
f 481 485 482
f 484 487 486
f 484 483 487
f 482 485 480
f 489 490 137
f 491 493 492
f 494 493 491
f 494 495 493
f 494 496 495
f 488 497 138
f 490 644 137
f 489 644 490
f 497 498 138
f 488 498 497
f 492 499 491
f 492 672 499
f 493 672 492
f 495 672 493
f 496 672 495
f 517 465 422
f 465 517 371
f 503 467 428
f 503 504 467
f 504 468 467
f 504 505 468
f 505 469 468
f 505 506 469
f 506 508 469
f 507 470 435
f 507 509 470
f 509 275 470
f 509 256 275
f 510 472 471
f 510 511 472
f 473 512 474
f 512 475 474
f 512 513 475
f 513 514 475
f 476 515 477
f 515 478 477
f 515 516 478
f 516 500 478
f 502 479 466
f 502 401 479
f 371 471 465
f 371 510 471
f 519 520 518
f 521 522 524
f 519 523 520
f 522 525 524
f 522 521 525
f 520 523 518
f 527 528 139
f 529 531 530
f 532 531 529
f 532 533 531
f 532 534 533
f 526 535 141
f 528 140 139
f 527 140 528
f 535 536 141
f 526 536 535
f 530 537 529
f 530 538 537
f 531 538 530
f 533 538 531
f 534 538 533
f 503 378 504
f 378 505 504
f 378 380 505
f 380 506 505
f 380 382 506
f 382 508 506
f 382 384 508
f 507 386 509
f 386 256 509
f 386 239 256
f 387 511 510
f 387 389 511
f 473 392 512
f 392 513 512
f 392 394 513
f 394 514 513
f 394 396 514
f 476 398 515
f 398 516 515
f 398 400 516
f 400 500 516
f 400 373 500
f 372 401 502
f 371 387 510
f 402 371 517
f 541 542 540
f 543 544 546
f 541 545 542
f 544 547 546
f 544 543 547
f 542 545 540
f 549 550 142
f 551 553 552
f 554 553 551
f 554 555 553
f 554 556 555
f 548 673 143
f 550 645 142
f 549 645 550
f 673 557 143
f 548 557 673
f 552 558 551
f 552 559 558
f 553 559 552
f 555 559 553
f 556 559 555
f 226 349 227
f 240 345 241
f 240 346 345
f 239 346 240
f 239 347 346
f 237 348 238
f 237 349 348
f 235 350 236
f 235 351 350
f 234 351 235
f 234 352 351
f 233 352 234
f 233 353 352
f 231 354 232
f 231 355 354
f 229 355 231
f 229 356 355
f 228 356 229
f 228 344 356
f 238 348 226
f 367 646 358
f 359 361 360
f 361 363 360
f 361 362 363
f 362 364 363
f 365 357 366
f 146 367 358
f 146 646 367
f 366 647 365
f 365 647 357
f 368 359 360
f 368 369 359
f 369 361 359
f 369 362 361
f 369 364 362
f 320 295 247
f 322 298 153
f 322 299 298
f 323 299 322
f 323 300 299
f 325 301 324
f 326 302 194
f 326 303 302
f 327 303 326
f 327 304 303
f 328 304 327
f 329 305 196
f 329 306 305
f 330 306 329
f 330 307 306
f 321 307 330
f 321 296 307
f 331 295 320
f 324 301 244
f 342 648 333
f 334 336 335
f 336 338 335
f 336 337 338
f 337 339 338
f 340 332 341
f 150 342 333
f 150 648 342
f 341 649 340
f 340 649 332
f 343 334 335
f 343 667 334
f 667 336 334
f 667 337 336
f 667 339 337
f 295 272 247
f 243 258 297
f 297 273 243
f 299 241 298
f 299 274 241
f 300 274 299
f 300 275 274
f 325 276 301
f 303 236 302
f 303 277 236
f 304 277 303
f 304 278 277
f 328 278 304
f 306 232 305
f 306 279 232
f 307 279 306
f 307 280 279
f 296 280 307
f 331 272 295
f 331 281 272
f 301 276 244
f 318 650 309
f 310 312 311
f 312 314 311
f 312 313 314
f 313 315 314
f 316 308 317
f 149 318 309
f 149 650 318
f 317 651 316
f 316 651 308
f 319 310 311
f 319 666 310
f 666 312 310
f 666 313 312
f 666 315 313
f 272 255 247
f 274 257 241
f 275 257 274
f 275 256 257
f 325 254 276
f 325 253 254
f 277 252 236
f 278 252 277
f 278 251 252
f 328 251 278
f 328 250 251
f 279 249 232
f 280 249 279
f 280 248 249
f 296 248 280
f 281 255 272
f 281 246 255
f 276 254 244
f 292 652 283
f 284 286 285
f 286 288 285
f 286 287 288
f 287 289 288
f 290 282 291
f 148 292 283
f 148 652 292
f 291 653 290
f 290 653 282
f 293 284 285
f 293 294 284
f 294 286 284
f 294 287 286
f 294 289 287
f 226 245 244
f 226 227 245
f 247 255 246
f 243 242 258
f 273 242 243
f 257 240 241
f 256 240 257
f 256 239 240
f 253 238 254
f 253 237 238
f 252 235 236
f 251 235 252
f 251 234 235
f 250 234 251
f 250 233 234
f 249 231 232
f 248 231 249
f 248 229 231
f 296 229 248
f 296 228 229
f 254 226 244
f 254 238 226
f 265 654 268
f 260 261 269
f 261 270 269
f 261 262 270
f 262 263 270
f 264 259 271
f 147 265 268
f 147 654 265
f 271 655 264
f 264 655 259
f 266 260 269
f 266 267 260
f 267 261 260
f 267 262 261
f 267 263 262
f 223 224 636
f 223 636 602
f 636 635 222
f 159 678 156
f 678 160 156
f 680 679 188
f 188 191 680
f 682 681 164
f 192 162 163
f 165 682 164
f 683 180 183
f 185 683 183
f 686 687 688
f 686 688 695
f 684 685 689
f 684 691 685
f 684 689 691
f 693 694 690
f 694 692 690
f 694 693 692
f 687 695 688
f 701 702 700
f 700 702 703
f 700 703 701
f 696 698 699
f 696 699 697
f 697 699 698
f 706 705 704
f 706 704 719
f 705 719 704
f 711 715 718
f 716 717 708
f 712 715 711
f 717 714 708
f 710 713 707
f 718 712 711
f 709 710 707
f 707 713 709
f 708 714 716
f 834 835 836
f 834 836 837
f 839 837 838
f 839 834 837
f 834 840 835
f 834 839 840
f 842 844 841
f 842 843 844
f 843 846 845
f 843 842 846
f 847 849 850
f 849 848 851
f 849 847 848
f 849 853 850
f 849 852 853
f 852 851 854
f 852 849 851
f 852 856 853
f 852 855 856
f 855 854 857
f 855 852 854
f 859 861 903
f 859 860 861
f 860 863 862
f 860 859 863
f 860 865 861
f 860 864 865
f 864 862 866
f 864 860 862
f 864 841 865
f 864 842 841
f 842 866 846
f 842 864 866
f 868 870 867
f 868 869 870
f 870 872 871
f 870 869 872
f 874 875 873
f 875 877 876
f 875 874 877
f 881 879 878
f 881 882 879
f 879 883 880
f 879 882 883
f 884 882 881
f 884 885 882
f 882 886 883
f 882 885 886
f 887 885 884
f 885 888 886
f 885 887 888
f 889 859 858
f 889 890 859
f 859 891 863
f 859 890 891
f 892 890 889
f 892 893 890
f 890 894 891
f 890 893 894
f 873 893 892
f 873 875 893
f 893 876 894
f 893 875 876
f 895 869 868
f 895 896 869
f 869 897 872
f 869 896 897
f 898 896 895
f 898 899 896
f 896 900 897
f 896 899 900
f 901 899 898
f 901 902 899
f 899 902 900
f 837 836 838
f 841 844 903
f 847 850 904
f 850 853 904
f 853 856 904
f 861 865 903
f 865 841 903
f 874 873 858
f 881 878 905
f 884 881 905
f 887 884 905
f 892 889 858
f 873 892 858
f 895 867 906
f 895 868 867
f 898 895 906
f 901 898 906
f 909 2274 910
f 907 2274 909
f 907 910 2274
f 914 913 915
f 914 915 916
f 915 913 916
f 911 918 917
f 911 919 918
f 911 917 919
f 912 920 908
f 920 921 908
f 921 912 908
f 927 926 924
f 927 928 926
f 929 930 938
f 945 932 933
f 953 935 946
f 953 934 935
f 932 927 933
f 932 928 927
f 934 929 935
f 934 930 929
f 937 936 953
f 938 930 923
f 922 926 940
f 924 926 922
f 922 926 940
f 938 941 939
f 938 923 941
f 940 926 942
f 926 943 942
f 926 928 943
f 938 944 929
f 938 939 944
f 948 946 947
f 950 954 949
f 950 945 954
f 951 945 950
f 932 945 951
f 952 946 935
f 947 946 952
f 945 933 954
f 946 948 953
f 942 949 940
f 942 950 949
f 943 950 942
f 943 951 950
f 928 951 943
f 928 932 951
f 944 935 929
f 944 952 935
f 939 952 944
f 939 947 952
f 941 947 939
f 941 948 947
f 792 809 791
f 792 810 809
f 791 811 759
f 791 809 811
f 760 809 810
f 760 811 809
f 794 813 793
f 794 812 813
f 762 812 761
f 762 813 812
f 795 815 814
f 764 815 765
f 764 814 815
f 796 815 795
f 796 816 815
f 765 816 766
f 765 815 816
f 797 816 796
f 797 817 816
f 766 817 767
f 766 816 817
f 798 819 768
f 798 818 819
f 770 818 769
f 770 819 818
f 799 818 798
f 799 820 818
f 769 820 771
f 769 818 820
f 793 820 799
f 793 813 820
f 771 813 762
f 771 820 813
f 822 800 774
f 822 821 800
f 773 822 772
f 773 821 822
f 824 823 801
f 776 824 775
f 776 823 824
f 825 803 802
f 825 826 803
f 779 825 778
f 779 826 825
f 826 804 803
f 826 827 804
f 780 826 779
f 780 827 826
f 827 828 804
f 781 827 780
f 781 828 827
f 819 805 777
f 819 829 805
f 783 819 770
f 783 829 819
f 829 806 805
f 829 830 806
f 784 829 783
f 784 830 829
f 830 801 806
f 830 824 801
f 775 830 784
f 775 824 830
f 821 807 800
f 821 831 807
f 785 821 773
f 785 831 821
f 831 808 807
f 831 832 808
f 786 831 785
f 786 832 831
f 832 833 808
f 787 832 786
f 787 833 832
f 759 792 791
f 768 794 793
f 763 795 814
f 763 796 795
f 763 797 796
f 768 799 798
f 768 793 799
f 777 801 823
f 782 802 803
f 782 803 804
f 782 804 828
f 777 805 806
f 777 806 801
f 774 807 788
f 774 800 807
f 788 807 808
f 788 808 833
f 749 789 790
f 790 789 750
f 750 789 749
f 752 751 754
f 753 751 752
f 754 751 753
f 758 756 755
f 758 757 756
f 755 757 758
f 720 729 723
f 720 728 729
f 2281 731 721
f 734 742 733
f 745 737 735
f 745 744 737
f 729 742 734
f 729 728 742
f 731 744 745
f 731 2281 744
f 2281 721 722
f 2273 720 2262
f 720 723 2262
f 720 2262 2273
f 725 721 724
f 725 722 721
f 726 720 2273
f 727 720 726
f 728 720 727
f 732 721 731
f 724 721 732
f 735 747 738
f 736 740 739
f 736 733 740
f 733 741 740
f 733 742 741
f 735 746 745
f 735 738 746
f 736 734 733
f 737 747 735
f 739 726 2273
f 739 740 726
f 740 727 726
f 740 741 727
f 741 728 727
f 741 742 728
f 745 732 731
f 745 746 732
f 746 724 732
f 746 738 724
f 738 725 724
f 738 747 725
f 953 936 1376
f 1376 936 937
f 1401 730 2261
f 748 1402 1404
f 1400 1402 748
f 748 1402 1404
f 1401 1405 1403
f 1401 2261 1405
f 1404 1402 1406
f 1402 1407 1406
f 1402 1408 1407
f 1402 729 1408
f 1402 1400 729
f 730 1401 1409
f 1401 1410 1409
f 1401 1403 1410
f 1414 1412 1413
f 1416 1421 1415
f 1416 1411 1421
f 1417 1411 1416
f 1418 1411 1417
f 743 1411 1418
f 1419 1422 744
f 1419 1412 1422
f 1420 1412 1419
f 1413 1412 1420
f 1411 1423 1421
f 1411 743 1423
f 1412 1414 1422
f 1406 1415 1404
f 1406 1416 1415
f 1407 1416 1406
f 1407 1417 1416
f 1408 1417 1407
f 1408 1418 1417
f 729 1418 1408
f 729 743 1418
f 1409 744 730
f 1409 1419 744
f 1410 1419 1409
f 1410 1420 1419
f 1403 1420 1410
f 1403 1413 1420
f 1405 1413 1403
f 1405 1414 1413
f 2290 1427 1426
f 1341 1427 2290
f 1424 1425 2267
f 1425 1345 2267
f 1427 1426 2290
f 1425 2267 1424
f 1429 1427 1428
f 1429 1426 1427
f 1430 1425 1424
f 1431 1425 1430
f 1432 1425 1431
f 1349 1425 1432
f 1349 1345 1425
f 1433 1427 1341
f 1434 1427 1433
f 1428 1427 1434
f 1436 1445 1438
f 1437 1440 1439
f 1437 1435 1440
f 1435 1441 1440
f 1435 1442 1441
f 1435 1447 1442
f 1362 1443 1371
f 1362 1436 1443
f 1436 1444 1443
f 1436 1438 1444
f 1437 1446 1435
f 1446 1447 1435
f 1362 1448 1436
f 1448 1445 1436
f 1439 1430 1424
f 1439 1440 1430
f 1440 1431 1430
f 1440 1441 1431
f 1441 1432 1431
f 1441 1442 1432
f 1442 1349 1432
f 1442 1447 1349
f 1371 1433 1341
f 1371 1443 1433
f 1443 1434 1433
f 1443 1444 1434
f 1444 1428 1434
f 1444 1438 1428
f 1438 1429 1428
f 1438 1445 1429
f 2303 1379 1378
f 2282 1379 2303
f 2263 1377 925
f 1379 1378 2303
f 1377 925 2263
f 1381 1379 1380
f 1381 1378 1379
f 1382 1377 2263
f 1383 1377 1382
f 1384 1377 1383
f 927 1377 1384
f 927 925 1377
f 1385 1379 2282
f 1386 1379 1385
f 1380 1379 1386
f 1388 1397 1390
f 1389 1392 1391
f 1389 1387 1392
f 1387 1393 1392
f 1387 1394 1393
f 1387 1398 1394
f 931 1395 934
f 931 1388 1395
f 1388 1396 1395
f 1388 1390 1396
f 1389 1398 1387
f 931 1399 1388
f 1399 1397 1388
f 1391 1382 2263
f 1391 1392 1382
f 1392 1383 1382
f 1392 1393 1383
f 1393 1384 1383
f 1393 1394 1384
f 1394 927 1384
f 1394 1398 927
f 934 1385 2282
f 934 1395 1385
f 1395 1386 1385
f 1395 1396 1386
f 1396 1380 1386
f 1396 1390 1380
f 1390 1381 1380
f 1390 1397 1381
f 2264 1291 2298
f 1291 1308 2298
f 2302 1289 1293
f 1287 1289 2302
f 2264 1291 2298
f 2302 1289 1293
f 1291 1294 1292
f 1291 2264 1294
f 1293 1289 1295
f 1289 1296 1295
f 1289 1297 1296
f 1289 1298 1297
f 1289 1287 1298
f 1308 1291 1309
f 1291 1310 1309
f 1291 1292 1310
f 1317 1314 1315
f 1318 1336 1316
f 1318 1311 1336
f 1319 1311 1318
f 1320 1311 1319
f 1321 1311 1320
f 1333 1337 1332
f 1333 1314 1337
f 1334 1314 1333
f 1315 1314 1334
f 1311 1338 1336
f 1311 1321 1338
f 1314 1317 1337
f 1295 1316 1293
f 1295 1318 1316
f 1296 1318 1295
f 1296 1319 1318
f 1297 1319 1296
f 1297 1320 1319
f 1298 1320 1297
f 1298 1321 1320
f 1309 1332 1308
f 1309 1333 1332
f 1310 1333 1309
f 1310 1334 1333
f 1292 1334 1310
f 1292 1315 1334
f 1294 1315 1292
f 1294 1317 1315
f 2266 1290 1302
f 2280 1290 2266
f 1288 1322 2265
f 2266 1290 1302
f 1322 1288 1299
f 1288 1300 1299
f 1288 1301 1300
f 1288 1303 1301
f 1288 2265 1303
f 1302 1290 1304
f 1290 1305 1304
f 1290 1306 1305
f 1290 1307 1306
f 1290 2280 1307
f 1323 1335 1322
f 1323 1312 1335
f 1324 1312 1323
f 1325 1312 1324
f 1326 1312 1325
f 1328 1339 1327
f 1328 1313 1339
f 1329 1313 1328
f 1330 1313 1329
f 1331 1313 1330
f 1312 1326 1335
f 1313 1340 1339
f 1313 1331 1340
f 1299 1323 1322
f 1300 1323 1299
f 1300 1324 1323
f 1301 1324 1300
f 1301 1325 1324
f 1303 1325 1301
f 1303 1326 1325
f 1304 1327 1302
f 1304 1328 1327
f 1305 1328 1304
f 1305 1329 1328
f 1306 1329 1305
f 1306 1330 1329
f 1307 1330 1306
f 1307 1331 1330
f 1344 1348 2268
f 2304 1346 1347
f 1343 1346 2304
f 1346 1347 2304
f 1344 2268 1342
f 1350 1346 1343
f 1351 1346 1350
f 1352 1346 1351
f 1353 1346 1352
f 1353 1347 1346
f 1354 1344 1342
f 1355 1344 1354
f 1356 1344 1355
f 1357 1344 1356
f 1357 1348 1344
f 1360 1364 1363
f 1360 1358 1364
f 1358 1365 1364
f 1358 1366 1365
f 1358 1373 1366
f 1361 1368 1367
f 1361 1359 1368
f 1359 1369 1368
f 1359 1370 1369
f 1359 1375 1370
f 1360 1372 1358
f 1372 1373 1358
f 1361 1374 1359
f 1374 1375 1359
f 1363 1350 1343
f 1363 1364 1350
f 1364 1351 1350
f 1364 1365 1351
f 1365 1352 1351
f 1365 1366 1352
f 1366 1353 1352
f 1366 1373 1353
f 1367 1354 1342
f 1367 1368 1354
f 1368 1355 1354
f 1368 1369 1355
f 1369 1356 1355
f 1369 1370 1356
f 1370 1357 1356
f 1370 1375 1357
f 2300 1182 1193
f 2292 1178 1181
f 2292 1181 1185
f 1213 2291 1179
f 2292 1181 1185
f 1178 1181 2292
f 1179 1213 2291
f 2300 1182 1193
f 2301 1180 1198
f 1180 1184 1183
f 1180 2301 1184
f 1185 1181 1186
f 1181 1187 1186
f 1181 1188 1187
f 1181 1189 1188
f 1181 1178 1189
f 1213 1179 1190
f 1179 1191 1190
f 1179 1192 1191
f 1179 1194 1192
f 1179 2291 1194
f 1193 1182 1195
f 1182 1196 1195
f 1182 1197 1196
f 1182 1199 1197
f 1182 2300 1199
f 1198 1180 1200
f 1180 1201 1200
f 1180 1183 1201
f 1208 1205 1206
f 1209 1227 1207
f 1209 1202 1227
f 1210 1202 1209
f 1211 1202 1210
f 1212 1202 1211
f 1214 1226 1213
f 1214 1203 1226
f 1215 1203 1214
f 1216 1203 1215
f 1217 1203 1216
f 1219 1230 1218
f 1219 1204 1230
f 1220 1204 1219
f 1221 1204 1220
f 1222 1204 1221
f 1224 1228 1223
f 1224 1205 1228
f 1225 1205 1224
f 1206 1205 1225
f 1202 1229 1227
f 1202 1212 1229
f 1203 1217 1226
f 1204 1231 1230
f 1204 1222 1231
f 1205 1208 1228
f 1186 1207 1185
f 1186 1209 1207
f 1187 1209 1186
f 1187 1210 1209
f 1188 1210 1187
f 1188 1211 1210
f 1189 1211 1188
f 1189 1212 1211
f 1190 1214 1213
f 1191 1214 1190
f 1191 1215 1214
f 1192 1215 1191
f 1192 1216 1215
f 1194 1216 1192
f 1194 1217 1216
f 1195 1218 1193
f 1195 1219 1218
f 1196 1219 1195
f 1196 1220 1219
f 1197 1220 1196
f 1197 1221 1220
f 1199 1221 1197
f 1199 1222 1221
f 1200 1223 1198
f 1200 1224 1223
f 1201 1224 1200
f 1201 1225 1224
f 1183 1225 1201
f 1183 1206 1225
f 1184 1206 1183
f 1184 1208 1206
f 2293 2270 1235
f 2293 1235 1236
f 1241 2294 1240
f 1237 2288 1234
f 1232 1234 2288
f 2289 1233 1238
f 2289 1238 1239
f 1235 1236 2293
f 1234 2288 1232
f 1234 1237 2288
f 1233 1238 2289
f 1238 1239 2289
f 1240 2294 2269
f 1235 2293 2270
f 1240 1241 2294
f 1243 1235 1242
f 1243 1236 1235
f 1244 1234 1232
f 1245 1234 1244
f 1246 1234 1245
f 1247 1234 1246
f 1247 1237 1234
f 1248 1238 1233
f 1249 1238 1248
f 1250 1238 1249
f 1251 1238 1250
f 1251 1239 1238
f 1252 1240 2269
f 1253 1240 1252
f 1254 1240 1253
f 1255 1240 1254
f 1255 1241 1240
f 1256 1235 2270
f 1257 1235 1256
f 1242 1235 1257
f 1261 1285 1266
f 1262 1268 1267
f 1262 1258 1268
f 1258 1269 1268
f 1258 1270 1269
f 1258 1282 1270
f 1263 1272 1271
f 1263 1259 1272
f 1259 1273 1272
f 1259 1274 1273
f 1259 1283 1274
f 1264 1276 1275
f 1264 1260 1276
f 1260 1277 1276
f 1260 1278 1277
f 1260 1286 1278
f 1265 1280 1279
f 1265 1261 1280
f 1261 1281 1280
f 1261 1266 1281
f 1262 1282 1258
f 1263 1283 1259
f 1264 1286 1260
f 1284 1261 1265
f 1284 1285 1261
f 1267 1244 1232
f 1267 1268 1244
f 1268 1245 1244
f 1268 1269 1245
f 1269 1246 1245
f 1269 1270 1246
f 1270 1247 1246
f 1270 1282 1247
f 1271 1248 1233
f 1271 1272 1248
f 1272 1249 1248
f 1272 1273 1249
f 1273 1250 1249
f 1273 1274 1250
f 1274 1251 1250
f 1274 1283 1251
f 1275 1252 2269
f 1275 1276 1252
f 1276 1253 1252
f 1276 1277 1253
f 1277 1254 1253
f 1277 1278 1254
f 1278 1255 1254
f 1278 1286 1255
f 1279 1256 2270
f 1279 1280 1256
f 1280 1257 1256
f 1280 1281 1257
f 1281 1242 1257
f 1281 1266 1242
f 1266 1243 1242
f 1266 1285 1243
f 1071 1088 1067
f 2297 1070 1082
f 2276 1070 2297
f 2271 1069 1073
f 1066 1069 2271
f 2277 1068 2278
f 1068 1102 2278
f 2271 1069 1073
f 2277 1068 2278
f 2297 1070 1082
f 1071 1074 1072
f 1071 1067 1074
f 1073 1069 1075
f 1069 1076 1075
f 1069 1077 1076
f 1069 1078 1077
f 1069 1066 1078
f 1102 1068 1079
f 1068 1080 1079
f 1068 1081 1080
f 1068 1083 1081
f 1068 2277 1083
f 1082 1070 1084
f 1070 1085 1084
f 1070 1086 1085
f 1070 1087 1086
f 1070 2276 1087
f 1088 1071 1089
f 1071 1090 1089
f 1071 1072 1090
f 1097 1094 1095
f 1098 1116 1096
f 1098 1091 1116
f 1099 1091 1098
f 1100 1091 1099
f 1101 1091 1100
f 1103 1115 1102
f 1103 1092 1115
f 1104 1092 1103
f 1105 1092 1104
f 1107 1092 1105
f 1108 1119 1106
f 1108 1093 1119
f 1109 1093 1108
f 1110 1093 1109
f 1112 1093 1110
f 1113 1117 1111
f 1113 1094 1117
f 1114 1094 1113
f 1095 1094 1114
f 1091 1118 1116
f 1091 1101 1118
f 1092 1107 1115
f 1093 1120 1119
f 1093 1112 1120
f 1094 1097 1117
f 1075 1096 1073
f 1075 1098 1096
f 1076 1098 1075
f 1076 1099 1098
f 1077 1099 1076
f 1077 1100 1099
f 1078 1100 1077
f 1078 1101 1100
f 1079 1103 1102
f 1080 1103 1079
f 1080 1104 1103
f 1081 1104 1080
f 1081 1105 1104
f 1083 1105 1081
f 1083 1107 1105
f 1084 1106 1082
f 1084 1108 1106
f 1085 1108 1084
f 1085 1109 1108
f 1086 1109 1085
f 1086 1110 1109
f 1087 1110 1086
f 1087 1112 1110
f 1089 1111 1088
f 1089 1113 1111
f 1090 1113 1089
f 1090 1114 1113
f 1072 1114 1090
f 1072 1095 1114
f 1074 1095 1072
f 1074 1097 1095
f 2296 1127 1128
f 2279 1127 2296
f 1122 1126 1131
f 1121 1124 2295
f 1124 1129 2295
f 1123 1125 1130
f 1127 1128 2296
f 1124 2295 1121
f 1126 1131 1122
f 1133 1127 1132
f 1133 1128 1127
f 1134 1124 1121
f 1135 1124 1134
f 1136 1124 1135
f 1137 1124 1136
f 1137 1129 1124
f 1138 1125 1123
f 1139 1125 1138
f 1140 1125 1139
f 1141 1125 1140
f 1141 1130 1125
f 1142 1126 1122
f 1143 1126 1142
f 1144 1126 1143
f 1145 1126 1144
f 1145 1131 1126
f 1146 1127 2279
f 1147 1127 1146
f 1132 1127 1147
f 1151 1172 1156
f 1152 1158 1157
f 1152 1148 1158
f 1148 1159 1158
f 1148 1160 1159
f 1148 1174 1160
f 1153 1162 1161
f 1153 1149 1162
f 1149 1163 1162
f 1149 1164 1163
f 1149 1176 1164
f 1154 1166 1165
f 1154 1150 1166
f 1150 1167 1166
f 1150 1168 1167
f 1150 1177 1168
f 1155 1170 1169
f 1155 1151 1170
f 1151 1171 1170
f 1151 1156 1171
f 1152 1173 1148
f 1173 1174 1148
f 1153 1175 1149
f 1175 1176 1149
f 1154 1177 1150
f 1155 1172 1151
f 1157 1134 1121
f 1157 1158 1134
f 1158 1135 1134
f 1158 1159 1135
f 1159 1136 1135
f 1159 1160 1136
f 1160 1137 1136
f 1160 1174 1137
f 1161 1138 1123
f 1161 1162 1138
f 1162 1139 1138
f 1162 1163 1139
f 1163 1140 1139
f 1163 1164 1140
f 1164 1141 1140
f 1164 1176 1141
f 1165 1142 1122
f 1165 1166 1142
f 1166 1143 1142
f 1166 1167 1143
f 1167 1144 1143
f 1167 1168 1144
f 1168 1145 1144
f 1168 1177 1145
f 1169 1146 2279
f 1169 1170 1146
f 1170 1147 1146
f 1170 1171 1147
f 1171 1132 1147
f 1171 1156 1132
f 1156 1133 1132
f 1156 1172 1133
f 1033 1013 1014
f 2286 1016 1027
f 2284 1015 1018
f 2284 1015 1018
f 1012 1046 2287
f 1011 1012 2287
f 2286 1016 1027
f 1013 1014 1033
f 1014 1019 1017
f 1014 1013 1019
f 1018 1015 1020
f 1015 1021 1020
f 1015 1022 1021
f 1015 1023 1022
f 1015 2284 1023
f 1046 1012 1024
f 1012 1025 1024
f 1012 1026 1025
f 1012 1028 1026
f 1012 1011 1028
f 1027 1016 1029
f 1016 1030 1029
f 1016 1031 1030
f 1016 1032 1031
f 1016 2286 1032
f 1033 1014 1034
f 1014 1035 1034
f 1014 1017 1035
f 1042 1039 1040
f 1043 1061 1041
f 1043 1036 1061
f 1044 1036 1043
f 1045 1036 1044
f 1047 1036 1045
f 1048 1060 1046
f 1048 1037 1060
f 1049 1037 1048
f 1050 1037 1049
f 1051 1037 1050
f 1053 1064 1052
f 1053 1038 1064
f 1054 1038 1053
f 1055 1038 1054
f 1056 1038 1055
f 1058 1062 1057
f 1058 1039 1062
f 1059 1039 1058
f 1040 1039 1059
f 1036 1063 1061
f 1036 1047 1063
f 1037 1051 1060
f 1038 1065 1064
f 1038 1056 1065
f 1039 1042 1062
f 1020 1041 1018
f 1020 1043 1041
f 1021 1043 1020
f 1021 1044 1043
f 1022 1044 1021
f 1022 1045 1044
f 1023 1045 1022
f 1023 1047 1045
f 1024 1048 1046
f 1025 1048 1024
f 1025 1049 1048
f 1026 1049 1025
f 1026 1050 1049
f 1028 1050 1026
f 1028 1051 1050
f 1029 1052 1027
f 1029 1053 1052
f 1030 1053 1029
f 1030 1054 1053
f 1031 1054 1030
f 1031 1055 1054
f 1032 1055 1031
f 1032 1056 1055
f 1034 1057 1033
f 1034 1058 1057
f 1035 1058 1034
f 1035 1059 1058
f 1017 1059 1035
f 1017 1040 1059
f 1019 1040 1017
f 1019 1042 1040
f 2283 2272 957
f 2283 957 958
f 2275 956 959
f 2305 955 960
f 2305 960 961
f 957 958 2283
f 956 959 2275
f 955 960 2305
f 960 961 2305
f 962 963 1010
f 957 2283 2272
f 965 957 964
f 965 958 957
f 966 956 2275
f 967 956 966
f 968 956 967
f 969 956 968
f 969 959 956
f 970 960 955
f 971 960 970
f 972 960 971
f 973 960 972
f 973 961 960
f 974 962 1010
f 975 962 974
f 976 962 975
f 977 962 976
f 977 963 962
f 978 957 2272
f 979 957 978
f 964 957 979
f 983 1004 988
f 984 990 989
f 984 980 990
f 980 991 990
f 980 992 991
f 980 1005 992
f 985 994 993
f 985 981 994
f 981 995 994
f 981 996 995
f 981 1006 996
f 986 998 997
f 986 982 998
f 982 999 998
f 982 1000 999
f 982 1009 1000
f 987 1002 1001
f 987 983 1002
f 983 1003 1002
f 983 988 1003
f 984 1005 980
f 985 1006 981
f 986 1007 982
f 1007 1009 982
f 987 1008 983
f 1008 1004 983
f 989 966 2275
f 989 990 966
f 990 967 966
f 990 991 967
f 991 968 967
f 991 992 968
f 992 969 968
f 992 1005 969
f 993 970 955
f 993 994 970
f 994 971 970
f 994 995 971
f 995 972 971
f 995 996 972
f 996 973 972
f 996 1006 973
f 997 974 1010
f 997 998 974
f 998 975 974
f 998 999 975
f 999 976 975
f 999 1000 976
f 1000 977 976
f 1000 1009 977
f 1001 978 2272
f 1001 1002 978
f 1002 979 978
f 1002 1003 979
f 1003 964 979
f 1003 988 964
f 988 965 964
f 988 1004 965
f 1493 1484 1492
f 1491 1485 1490
f 1484 1492 1493
f 1494 1486 1489
f 1495 1492 1484
f 1496 1492 1495
f 1497 1492 1496
f 1498 1492 1497
f 1498 1493 1492
f 1499 1494 1489
f 1500 1494 1499
f 1501 1494 1500
f 1487 1494 1501
f 1487 1486 1494
f 1482 1505 1483
f 1482 1502 1505
f 1502 1506 1505
f 1502 1507 1506
f 1502 1513 1507
f 1504 1509 1508
f 1504 1503 1509
f 1503 1510 1509
f 1503 1511 1510
f 1503 1515 1511
f 1482 1512 1502
f 1512 1513 1502
f 1504 1514 1503
f 1514 1515 1503
f 1483 1495 1484
f 1483 1505 1495
f 1505 1496 1495
f 1505 1506 1496
f 1506 1497 1496
f 1506 1507 1497
f 1507 1498 1497
f 1507 1513 1498
f 1508 1499 1489
f 1508 1509 1499
f 1509 1500 1499
f 1509 1510 1500
f 1510 1501 1500
f 1510 1511 1501
f 1511 1487 1501
f 1511 1515 1487
f 1488 1491 1490
f 1488 1485 1491
f 2299 1453 1454
f 2299 1454 1459
f 1449 1450 1451
f 1452 1455 2285
f 2299 1454 1459
f 1453 1454 2299
f 1455 1452 1456
f 1452 1457 1456
f 1452 1458 1457
f 1452 1460 1458
f 1452 2285 1460
f 1459 1454 1461
f 1454 1462 1461
f 1454 1463 1462
f 1454 1464 1463
f 1454 1453 1464
f 1468 1477 1467
f 1468 1465 1477
f 1469 1465 1468
f 1470 1465 1469
f 1471 1465 1470
f 1473 1479 1472
f 1473 1466 1479
f 1474 1466 1473
f 1475 1466 1474
f 1476 1466 1475
f 1465 1478 1477
f 1465 1471 1478
f 1466 1480 1479
f 1466 1476 1480
f 1456 1467 1455
f 1456 1468 1467
f 1457 1468 1456
f 1457 1469 1468
f 1458 1469 1457
f 1458 1470 1469
f 1460 1470 1458
f 1460 1471 1470
f 1461 1472 1459
f 1461 1473 1472
f 1462 1473 1461
f 1462 1474 1473
f 1463 1474 1462
f 1463 1475 1474
f 1464 1475 1463
f 1464 1476 1475
f 1450 1481 1451
f 1450 1449 1481
f 1528 1532 1531
f 1528 1530 1532
f 1529 1528 1531
f 1953 1954 1955
f 1953 1957 1954
f 1956 1954 1957
f 1955 1954 1956
f 1962 1965 1961
f 1963 1965 1962
f 1967 1968 1966
f 1959 1967 1966
f 1958 1967 1959
f 1958 1968 1967
f 1968 1969 1966
f 1968 1964 1969
f 1966 1969 1959
f 1969 1960 1959
f 1969 1964 1960
f 1962 1970 1963
f 1961 1970 1962
f 1972 1971 1973
f 1972 1973 1974
f 1973 1971 1974
f 1978 1975 1979
f 1981 1980 1977
f 1981 1977 1976
f 1987 1988 1986
f 1983 1987 1986
f 1982 1987 1983
f 1982 1988 1987
f 1988 1989 1986
f 1988 1985 1989
f 1986 1989 1983
f 1989 1984 1983
f 1989 1985 1984
f 1975 1990 1979
f 1991 1977 1992
f 1991 1976 1977
f 1979 1990 1978
f 1991 1992 1980
f 1992 1977 1980
f 1995 1993 1994
f 2001 2002 2000
f 1997 2001 2000
f 1996 2001 1997
f 1996 2002 2001
f 2002 2003 2000
f 2002 1999 2003
f 2000 2003 1997
f 2003 1998 1997
f 2003 1999 1998
f 1994 1993 2004
f 2004 1993 1995
f 1994 2004 1995
f 2006 2010 2048
f 2014 2016 2013
f 2018 2020 2017
f 2009 2018 2017
f 2007 2018 2009
f 2007 2020 2018
f 2021 2011 2019
f 2008 2021 2019
f 2022 2011 2021
f 2008 2022 2021
f 2022 2060 2011
f 2022 2023 2060
f 2008 2023 2022
f 2020 2024 2017
f 2020 2015 2024
f 2017 2024 2009
f 2024 2006 2009
f 2024 2015 2006
f 2013 2025 2014
f 2025 2010 2006
f 2013 2026 2025
f 2027 2032 2030
f 2035 2037 2034
f 2039 2040 2038
f 2031 2039 2038
f 2028 2039 2031
f 2028 2040 2039
f 2042 2033 2041
f 2029 2042 2041
f 2043 2033 2042
f 2029 2043 2042
f 2043 2075 2033
f 2043 2044 2075
f 2029 2044 2043
f 2040 2045 2038
f 2040 2036 2045
f 2038 2045 2031
f 2045 2027 2031
f 2045 2036 2027
f 2034 2046 2035
f 2046 2032 2027
f 2034 2047 2046
f 2053 2012 2052
f 2056 2057 2055
f 2050 2056 2055
f 2049 2056 2050
f 2049 2057 2056
f 2058 2053 2052
f 2057 2059 2055
f 2057 2054 2059
f 2055 2059 2050
f 2059 2051 2050
f 2059 2054 2051
f 2023 2061 2060
f 2023 2008 2061
f 2005 2062 2064
f 2062 2063 2064
f 2005 2064 2065
f 2064 2063 2065
f 2030 2032 2066
f 2032 2046 2066
f 2034 2037 2047
f 2069 2067 2070
f 2071 2068 2072
f 2069 2070 2073
f 2070 2067 2073
f 2071 2072 2074
f 2072 2068 2074
f 2044 2076 2075
f 2044 2029 2076
f 2079 2077 2080
f 2077 2078 2080
f 2079 2080 2081
f 2080 2078 2081
f 2012 2053 2082
f 2053 2058 2082
f 2048 2010 2083
f 2010 2025 2083
f 2013 2016 2026
f 2088 2084 2089
f 2090 2085 2091
f 2092 2086 2093
f 2094 2087 2095
f 2088 2089 2096
f 2089 2084 2096
f 2090 2091 2097
f 2091 2085 2097
f 2092 2093 2099
f 2093 2086 2099
f 2094 2095 2098
f 2095 2087 2098
f 2110 2103 2102
f 2105 2102 2103
f 2105 2106 2104
f 2107 2109 2108
f 2108 2109 2100
f 2109 2101 2100
f 2109 2107 2101
f 2110 2102 2105
f 2111 2107 2108
f 2111 2112 2107
f 2100 2111 2108
f 2105 2111 2100
f 2105 2112 2111
f 2104 2117 2105
f 2114 2115 2113
f 2114 2116 2115
f 2113 2116 2114
f 2117 2104 2106
f 2119 2120 2118
f 2121 2119 2118
f 2121 2120 2119
f 2123 2124 2106
f 2127 2131 2130
f 2130 2131 2122
f 2131 2123 2122
f 2131 2127 2123
f 2128 2124 2123
f 2128 2106 2124
f 2132 2127 2130
f 2132 2133 2127
f 2122 2132 2130
f 2126 2132 2122
f 2126 2133 2132
f 2129 2125 2134
f 2135 2134 2125
f 2135 2129 2134
f 2137 2138 2139
f 2144 2145 2146
f 2142 2149 2148
f 2148 2149 2136
f 2149 2137 2136
f 2149 2142 2137
f 2143 2138 2137
f 2143 2139 2138
f 2150 2142 2148
f 2150 2151 2142
f 2136 2150 2148
f 2141 2150 2136
f 2141 2151 2150
f 2152 2145 2144
f 2152 2146 2145
f 2147 2140 2153
f 2154 2153 2140
f 2154 2147 2153
f 2158 2160 2159
f 2159 2160 2155
f 2160 2156 2155
f 2160 2158 2156
f 2161 2158 2159
f 2161 2162 2158
f 2155 2161 2159
f 2157 2161 2155
f 2157 2162 2161
f 2165 2175 2168
f 2175 2170 2168
f 2167 2172 2171
f 2171 2172 2163
f 2172 2164 2163
f 2172 2167 2164
f 2173 2167 2171
f 2173 2174 2167
f 2163 2173 2171
f 2166 2173 2163
f 2166 2174 2173
f 2181 2169 2180
f 2179 2183 2182
f 2182 2183 2176
f 2183 2177 2176
f 2183 2179 2177
f 2184 2179 2182
f 2184 2185 2179
f 2176 2184 2182
f 2178 2184 2176
f 2178 2185 2184
f 2186 2181 2180
f 2188 2189 2187
f 2188 2190 2189
f 2187 2190 2188
f 2191 2175 2165
f 2191 2170 2175
f 2193 2194 2192
f 2196 2192 2195
f 2196 2193 2192
f 2196 2194 2193
f 2192 2196 2195
f 2198 2199 2197
f 2198 2200 2199
f 2197 2200 2198
f 2201 2181 2186
f 2201 2169 2181
f 2203 2204 2205
f 2207 2210 2209
f 2209 2210 2202
f 2210 2203 2202
f 2210 2207 2203
f 2208 2204 2203
f 2208 2205 2204
f 2211 2207 2209
f 2211 2212 2207
f 2202 2211 2209
f 2206 2211 2202
f 2206 2212 2211
f 2214 2215 2219
f 2225 2217 2235
f 2216 2217 2225
f 2214 2217 2216
f 2218 2222 2221
f 2221 2222 2213
f 2222 2214 2213
f 2222 2218 2214
f 2219 2215 2214
f 2223 2218 2221
f 2223 2224 2218
f 2213 2223 2221
f 2216 2223 2213
f 2216 2224 2223
f 2225 2220 2216
f 2228 2214 2219
f 2229 2214 2228
f 2230 2232 2231
f 2231 2232 2226
f 2232 2227 2226
f 2232 2230 2227
f 2233 2230 2231
f 2233 2234 2230
f 2226 2233 2231
f 2229 2233 2226
f 2229 2234 2233
f 2235 2220 2225
f 2237 2238 2236
f 2237 2239 2238
f 2236 2239 2237
f 2219 2229 2228
f 2241 2242 2240
f 2243 2241 2240
f 2243 2242 2241
f 2244 2242 2243
f 1950 1949 1948
f 1950 1948 1951
f 1950 1952 1949
f 1952 1950 1951
f 1796 1797 1798
f 1803 1804 1805
f 1802 1808 1807
f 1807 1808 1795
f 1808 1796 1795
f 1808 1802 1796
f 1809 1797 1796
f 1804 1810 1805
f 1811 1802 1807
f 1811 1812 1802
f 1795 1811 1807
f 1801 1811 1795
f 1801 1812 1811
f 1806 1800 1814
f 1815 1804 1803
f 1815 1810 1804
f 1809 1798 1797
f 1817 1818 1816
f 1817 1819 1818
f 1816 1819 1817
f 1820 1814 1800
f 1820 1806 1814
f 1822 1823 1799
f 1813 1829 1830
f 1832 1841 1831
f 1830 1831 1841
f 1828 1834 1833
f 1833 1834 1821
f 1834 1822 1821
f 1834 1828 1822
f 1835 1823 1822
f 1829 1836 1830
f 1837 1828 1833
f 1837 1838 1828
f 1821 1837 1833
f 1827 1837 1821
f 1827 1838 1837
f 1826 1831 1830
f 1826 1832 1831
f 1825 1839 1826
f 1813 1836 1829
f 1835 1799 1823
f 1840 1839 1825
f 1840 1826 1839
f 1843 1844 1824
f 1847 1849 1846
f 1841 1851 1852
f 1854 1864 1853
f 1852 1853 1864
f 1850 1856 1855
f 1855 1856 1842
f 1856 1843 1842
f 1856 1850 1843
f 1857 1844 1843
f 1851 1858 1852
f 1859 1850 1855
f 1859 1860 1850
f 1842 1859 1855
f 1848 1859 1842
f 1848 1860 1859
f 1861 1853 1852
f 1861 1854 1853
f 1847 1846 1861
f 1862 1851 1841
f 1862 1858 1851
f 1857 1824 1844
f 1863 1846 1849
f 1863 1861 1846
f 1866 1867 1845
f 1869 1871 1946
f 1870 1871 1869
f 1864 1874 1875
f 1877 1943 1876
f 1875 1876 1943
f 1873 1879 1878
f 1878 1879 1865
f 1879 1866 1865
f 1879 1873 1866
f 1880 1867 1866
f 1874 1881 1875
f 1882 1873 1878
f 1882 1883 1873
f 1865 1882 1878
f 1872 1882 1865
f 1872 1883 1882
f 1884 1876 1875
f 1884 1877 1876
f 1888 1936 1887
f 1936 1885 1887
f 1891 1893 1890
f 1936 1893 1885
f 1894 1899 1898
f 1898 1899 1886
f 1899 1885 1886
f 1899 1894 1885
f 1900 1887 1885
f 1900 1888 1887
f 1895 1901 1889
f 1902 1894 1898
f 1902 1903 1894
f 1886 1902 1898
f 1892 1902 1886
f 1892 1903 1902
f 1904 1897 1896
f 1904 1929 1897
f 1890 1905 1891
f 1909 1868 1908
f 1922 1911 1910
f 1914 1943 1944
f 1943 1914 1917
f 1913 1916 1915
f 1915 1916 1906
f 1916 1907 1906
f 1916 1913 1907
f 1919 1917 1914
f 1944 1919 1914
f 1918 1909 1908
f 1920 1913 1915
f 1920 1921 1913
f 1906 1920 1915
f 1912 1920 1906
f 1912 1921 1920
f 1922 1910 1938
f 1923 1874 1864
f 1923 1881 1874
f 1880 1845 1867
f 1926 1924 1925
f 1927 1924 1926
f 1927 1925 1924
f 1928 1890 1893
f 1928 1905 1890
f 1930 1897 1929
f 1930 1896 1897
f 1932 1933 1931
f 1932 1934 1933
f 1931 1934 1932
f 1935 1901 1895
f 1935 1889 1901
f 1937 1910 1911
f 1938 1910 1937
f 1942 1939 1940
f 1940 1941 1942
f 1940 1939 1941
f 1945 1909 1918
f 1945 1868 1909
f 1947 1869 1946
f 1947 1870 1869
f 1792 1788 1789
f 1792 1794 1788
f 1790 1789 1788
f 1790 1787 1789
f 1794 1791 1793
f 1794 1792 1791
f 1788 1793 1790
f 1788 1794 1793
f 1760 1759 1761
f 1765 1766 1764
f 1758 1765 1764
f 1754 1765 1758
f 1754 1766 1765
f 1767 1760 1761
f 1755 1767 1756
f 1766 1768 1764
f 1766 1762 1768
f 1764 1768 1758
f 1768 1757 1758
f 1768 1762 1757
f 1759 1760 1769
f 1760 1767 1769
f 1767 1755 1770
f 1755 1771 1770
f 1755 1756 1771
f 1774 1772 1775
f 1776 1773 1777
f 1774 1775 1778
f 1775 1772 1778
f 1776 1777 1779
f 1777 1773 1779
f 1763 1727 1739
f 1746 1780 1782
f 1783 1781 1743
f 1746 1782 1785
f 1782 1780 1785
f 1783 1743 1784
f 1743 1741 1784
f 1736 1721 1722
f 1728 1727 1729
f 1729 1727 1730
f 1726 1727 1763
f 1726 1730 1727
f 1734 1735 1733
f 1725 1734 1733
f 1720 1734 1725
f 1720 1735 1734
f 1736 1730 1726
f 1736 1729 1730
f 1722 1737 1736
f 1735 1738 1733
f 1735 1731 1738
f 1733 1738 1725
f 1738 1724 1725
f 1738 1731 1724
f 1732 1696 1723
f 1697 1723 1696
f 1727 1728 1739
f 1737 1722 1740
f 1722 1721 1740
f 1781 1741 1743
f 1744 1742 1745
f 1744 1745 1786
f 1745 1742 1786
f 1712 1747 1749
f 1750 1748 1709
f 1712 1749 1752
f 1749 1747 1752
f 1750 1709 1751
f 1709 1707 1751
f 1703 1690 1692
f 1697 1696 1698
f 1695 1696 1732
f 1695 1698 1696
f 1701 1702 1700
f 1694 1701 1700
f 1691 1701 1694
f 1691 1702 1701
f 1703 1698 1695
f 1703 1697 1698
f 1692 1704 1703
f 1702 1705 1700
f 1702 1699 1705
f 1700 1705 1694
f 1705 1693 1694
f 1705 1699 1693
f 1704 1692 1706
f 1692 1690 1706
f 1748 1707 1709
f 1710 1708 1711
f 1710 1711 1753
f 1711 1708 1753
f 1594 1713 1715
f 1716 1714 1590
f 1594 1715 1718
f 1715 1713 1718
f 1716 1590 1717
f 1590 1586 1717
f 1686 1689 1685
f 1689 1686 1688
f 1687 1685 1689
f 1687 1686 1685
f 1686 1687 1688
f 1687 1689 1688
f 1683 1682 1681
f 1683 1684 1682
f 1681 1682 1684
f 1675 1657 1656
f 1663 1657 1675
f 1664 1675 1656
f 1664 1663 1675
f 1671 1673 1669
f 1662 1671 1669
f 1655 1671 1662
f 1655 1673 1671
f 1673 1677 1669
f 1673 1666 1677
f 1669 1677 1662
f 1677 1659 1662
f 1677 1666 1659
f 1667 1679 1678
f 1678 1679 1658
f 1667 1680 1679
f 1667 1668 1680
f 1680 1658 1679
f 1668 1658 1680
f 1575 1574 1632
f 1632 1574 1630
f 1645 1646 1643
f 1634 1645 1643
f 1628 1645 1634
f 1628 1646 1645
f 1646 1649 1643
f 1646 1639 1649
f 1643 1649 1634
f 1649 1630 1634
f 1649 1639 1630
f 1650 1632 1630
f 1650 1576 1575
f 1575 1632 1650
f 1626 1618 1554
f 1626 1625 1618
f 1623 1621 1617
f 1614 1623 1617
f 1619 1623 1614
f 1619 1621 1623
f 1621 1613 1617
f 1621 1610 1613
f 1617 1613 1614
f 1613 1608 1614
f 1613 1610 1608
f 1605 1603 1607
f 1607 1603 1601
f 1605 1599 1603
f 1605 1597 1599
f 1599 1601 1603
f 1597 1601 1599
f 1589 1587 1591
f 1589 1591 1596
f 1591 1595 1596
f 1591 1587 1595
f 1576 1573 1575
f 1576 1650 1573
f 1582 1579 1583
f 1582 1583 1584
f 1583 1579 1584
f 1570 1557 1567
f 1565 1560 1566
f 1567 1557 1568
f 1565 1566 1569
f 1566 1560 1569
f 1567 1568 1570
f 1618 1625 1554
f 1548 1550 1539
f 1545 1553 1546
f 1548 1539 1534
f 1539 1538 1534
f 1539 1550 1538
f 1545 1546 1535
f 1546 1553 1535
f 1672 1674 1670
f 1661 1672 1670
f 1654 1672 1661
f 1654 1674 1672
f 1674 1676 1670
f 1674 1665 1676
f 1670 1676 1661
f 1676 1660 1661
f 1676 1665 1660
f 1637 1555 1638
f 1636 1638 1555
f 1644 1647 1642
f 1635 1644 1642
f 1627 1644 1635
f 1627 1647 1644
f 1629 1638 1636
f 1629 1637 1638
f 1647 1648 1642
f 1647 1640 1648
f 1642 1648 1635
f 1648 1633 1635
f 1648 1640 1633
f 1641 1652 1651
f 1651 1652 1631
f 1641 1653 1652
f 1653 1631 1652
f 1577 1653 1641
f 1577 1631 1653
f 1624 1622 1616
f 1615 1624 1616
f 1620 1624 1615
f 1620 1622 1624
f 1622 1612 1616
f 1622 1611 1612
f 1616 1612 1615
f 1612 1609 1615
f 1612 1611 1609
f 1604 1602 1606
f 1606 1602 1600
f 1604 1598 1602
f 1598 1600 1602
f 1556 1598 1604
f 1556 1600 1598
f 1714 1586 1590
f 1592 1588 1593
f 1592 1593 1719
f 1593 1588 1719
f 1580 1578 1581
f 1580 1581 1585
f 1581 1578 1585
f 1561 1558 1562
f 1563 1559 1564
f 1561 1562 1572
f 1562 1558 1572
f 1563 1564 1571
f 1564 1559 1571
f 1540 1551 1541
f 1542 1552 1543
f 1544 1549 1547
f 1540 1541 1536
f 1541 1551 1536
f 1542 1543 1537
f 1543 1552 1537
f 1544 1547 1533
f 1547 1549 1533
f 2248 2250 2249
f 2248 2247 2250
f 2247 2248 2249
f 2253 2252 2251
f 2253 2254 2252
f 2257 2255 2256
f 2258 2255 2257
f 2256 2255 2258
f 2259 2245 2246
f 2259 2260 2245
f 1522 1520 1521
f 1523 1520 1522
f 1521 1520 1523
f 1524 1527 1525
f 1524 1526 1527
f 1516 1519 1518
f 1516 1517 1519
f 1517 1516 1518
f 2556 2557 2661
f 2557 2558 2661
f 2555 2565 2564
f 2566 2567 2553
f 2566 2554 2567
f 2567 2554 2553
f 4739 2561 2569
f 2578 2573 2572
f 2574 2578 2572
f 2574 2576 2578
f 2731 2578 2576
f 2579 2580 2581
f 2570 2579 2581
f 2585 2573 2578
f 2587 2578 2556
f 2587 2585 2578
f 4740 2571 2588
f 2590 2589 2586
f 2586 2575 2590
f 2575 2591 2590
f 2575 2577 2591
f 2571 2592 2588
f 2586 2589 2594
f 2586 2594 2595
f 4739 2595 2561
f 4739 2586 2595
f 4740 2588 2596
f 2597 2589 2590
f 2597 2598 2589
f 2597 2590 2599
f 2590 2600 2599
f 2590 2591 2600
f 2591 2601 2600
f 2591 2577 2601
f 2592 2603 2602
f 2592 2571 2603
f 2588 2602 2596
f 2588 2592 2602
f 2593 2605 2604
f 2593 2582 2605
f 2594 2598 2606
f 2594 2589 2598
f 2595 2606 2607
f 2595 2594 2606
f 2561 2607 2569
f 2561 2595 2607
f 3946 2609 2610
f 2651 2612 2613
f 2615 2617 2614
f 2613 2612 2620
f 2619 2612 2618
f 2619 2620 2612
f 2619 2611 2620
f 2634 2636 2633
f 2634 2635 2636
f 2635 2638 2636
f 2635 2637 2638
f 2637 2640 2638
f 2637 2639 2640
f 2639 2633 2640
f 2639 2634 2633
f 2627 2723 2624
f 2627 2628 2723
f 2628 2738 2723
f 2628 2629 2738
f 2629 2625 2738
f 2629 2630 2625
f 2630 2624 2625
f 2630 2627 2624
f 2631 2632 2735
f 2633 2735 2632
f 2633 2636 2735
f 2636 2641 2735
f 2636 2638 2641
f 2638 2626 2641
f 2638 2640 2626
f 2640 2632 2626
f 2640 2633 2632
f 2634 2637 2635
f 2634 2639 2637
f 2583 2584 2642
f 2616 2642 2584
f 2643 2645 2644
f 2646 2617 2615
f 2615 2614 2646
f 2611 2613 2620
f 2651 2652 2648
f 2647 2648 2652
f 2647 2649 2648
f 2649 2650 2648
f 2651 2648 2644
f 2650 2644 2648
f 2650 2643 2644
f 2645 2651 2644
f 2651 2613 2652
f 2611 2652 2613
f 2611 2653 2652
f 2653 2647 2652
f 2654 2658 2657
f 2654 2655 2658
f 2655 2659 2658
f 2655 2656 2659
f 2658 2660 2657
f 2658 2659 2660
f 2678 2662 2676
f 2664 2666 2562
f 2665 2666 2664
f 2679 2668 2667
f 2668 2669 2667
f 2555 2663 2565
f 2663 2564 2565
f 2557 2556 2558
f 2662 2674 2675
f 2662 2678 2674
f 2746 2662 2675
f 2676 2662 2746
f 2792 2791 2673
f 2794 2670 2677
f 2670 2672 2677
f 2677 2672 2680
f 2669 2679 2667
f 2681 2672 2670
f 2672 2681 2680
f 2687 2689 2686
f 2687 2688 2689
f 2688 2691 2689
f 2688 2690 2691
f 2690 2693 2691
f 2690 2692 2693
f 2692 2686 2693
f 2692 2687 2686
f 2685 2684 2682
f 2686 2682 2684
f 2686 2689 2682
f 2689 2694 2682
f 2689 2691 2694
f 2691 2734 2694
f 2691 2693 2734
f 2693 2684 2734
f 2693 2686 2684
f 2687 2690 2688
f 2687 2692 2690
f 2697 2699 2696
f 2697 2698 2699
f 2698 2701 2699
f 2698 2700 2701
f 2700 2703 2701
f 2700 2702 2703
f 2702 2696 2703
f 2702 2697 2696
f 2705 2695 2706
f 2696 2706 2695
f 2696 2699 2706
f 2699 2704 2706
f 2699 2701 2704
f 2701 2683 2704
f 2701 2703 2683
f 2703 2695 2683
f 2703 2696 2695
f 2697 2700 2698
f 2697 2702 2700
f 2705 2706 2707
f 2706 2704 2707
f 2665 2562 2666
f 2711 2709 2708
f 2711 2708 2710
f 2710 2713 2711
f 2710 2712 2713
f 2714 2713 2712
f 2714 2715 2713
f 2716 2717 2718
f 2719 2716 2718
f 2720 2709 2711
f 2722 2711 2721
f 2722 2720 2711
f 2671 2722 2721
f 2725 2728 2726
f 2725 2727 2728
f 2584 2583 2616
f 2729 2580 2579
f 2729 2579 2570
f 2730 2570 2581
f 2730 2729 2570
f 2732 2731 2576
f 2733 2576 2574
f 2733 2732 2576
f 2733 2574 2572
f 2572 2573 2733
f 2733 2573 2585
f 2733 2585 2587
f 2556 2733 2587
f 2724 2736 2739
f 2736 2737 2739
f 2739 2737 2724
f 2609 3946 3944
f 2675 2744 2745
f 2675 2674 2744
f 2744 2568 2745
f 2744 2559 2568
f 2559 2560 2568
f 2675 2745 2746
f 2745 2568 2746
f 2568 2560 2746
f 2750 2749 2748
f 2749 2750 2743
f 2752 2753 2754
f 2752 2756 2755
f 2752 2754 2756
f 2764 2757 2758
f 2764 2758 2759
f 2759 2760 2764
f 2764 2760 2761
f 2764 2761 2762
f 2762 2763 2764
f 2765 2753 2752
f 2766 2765 2752
f 2768 2766 2752
f 2769 2768 2767
f 2770 2769 2767
f 2771 2770 2767
f 2772 2771 2767
f 2773 2767 2751
f 2773 2772 2767
f 2775 2748 2774
f 2743 2748 2775
f 2774 2748 2776
f 2780 2781 2779
f 2780 2782 2781
f 2782 2780 2778
f 2747 3507 2784
f 2784 2563 2747
f 3507 2747 2563
f 2708 2709 2787
f 2787 2710 2708
f 2788 2710 2787
f 2788 2712 2710
f 2714 2788 2789
f 2714 2712 2788
f 2785 2717 2716
f 2785 2716 2719
f 2719 2786 2785
f 2719 2718 2786
f 2792 2793 2791
f 2793 2792 2673
f 2787 2720 2671
f 2787 2709 2720
f 2671 2720 2722
f 2677 2795 2794
f 2796 2795 2677
f 2796 2790 2795
f 2680 2796 2677
f 2790 2796 2680
f 2750 2748 2743
f 2528 2334 2551
f 2529 2552 2550
f 2552 2528 2551
f 2465 2549 2466
f 2542 2372 2373
f 2313 2547 2310
f 2547 2316 2310
f 2547 2319 2316
f 2319 2547 2546
f 2322 2325 2326
f 2322 2326 2329
f 2547 2313 2346
f 2547 2347 2548
f 2547 2346 2347
f 2548 2347 2519
f 2531 2537 2543
f 2544 2533 2532
f 2532 2545 2544
f 2534 2545 2532
f 2534 2535 2545
f 2531 2536 2537
f 2540 2533 2544
f 2540 2544 2541
f 2541 2372 2542
f 2541 2544 2372
f 2470 2543 2469
f 2470 2531 2543
f 2533 2472 2532
f 2533 2471 2472
f 2532 2472 2473
f 2474 2532 2473
f 2474 2534 2532
f 2475 2534 2474
f 2475 2535 2534
f 2477 2536 2476
f 2477 2537 2536
f 2476 2531 2470
f 2476 2536 2531
f 2479 2538 2478
f 2479 2539 2538
f 2471 2540 2480
f 2471 2533 2540
f 2480 2541 2377
f 2480 2540 2541
f 2377 2542 2373
f 2377 2541 2542
f 2468 2503 3879
f 2444 2496 2495
f 2483 2482 2441
f 2424 2426 2423
f 2424 2425 2426
f 2431 2429 2428
f 2431 2432 2429
f 2434 2436 2433
f 2434 2435 2436
f 2437 2435 2434
f 2437 2438 2435
f 2439 2438 2437
f 2439 2440 2438
f 2433 2440 2439
f 2433 2436 2440
f 2505 2423 2419
f 2505 2430 2423
f 2443 2430 2505
f 2443 2428 2430
f 2420 2428 2443
f 2420 2427 2428
f 2419 2427 2420
f 2419 2423 2427
f 2508 2421 2442
f 2508 2433 2421
f 2508 2434 2433
f 2513 2434 2508
f 2513 2437 2434
f 2422 2437 2513
f 2422 2439 2437
f 2421 2439 2422
f 2421 2433 2439
f 2438 2436 2435
f 2438 2440 2436
f 2487 2331 2512
f 2331 2487 2486
f 2488 2498 2489
f 2444 2497 2496
f 2485 2497 2484
f 2497 2485 2496
f 2496 2485 2495
f 2493 2481 2490
f 2490 2494 2493
f 2490 2492 2494
f 2490 2491 2492
f 2490 2488 2489
f 2490 2481 2488
f 2489 2491 2490
f 2489 2498 2491
f 2483 2481 2493
f 2483 2441 2481
f 2493 2482 2483
f 2493 2494 2482
f 2404 2406 2402
f 2404 2407 2406
f 2405 2407 2404
f 2405 2408 2407
f 2403 2404 2402
f 2403 2405 2404
f 2352 2344 2524
f 2447 2369 2525
f 2467 2369 2447
f 2526 2370 2445
f 2526 2446 2370
f 2528 2527 2334
f 2552 2527 2528
f 2529 2527 2552
f 2550 2527 2529
f 2350 2376 2352
f 2376 2344 2352
f 2350 2352 2524
f 2371 2336 2337
f 2351 2530 2375
f 2379 2530 2351
f 2333 2379 2351
f 2448 2379 2333
f 2445 2446 2526
f 2449 2379 2448
f 2530 2379 2449
f 2411 2413 2410
f 2411 2412 2413
f 2414 2412 2411
f 2414 2415 2412
f 2416 2415 2414
f 2416 2417 2415
f 2410 2417 2416
f 2410 2413 2417
f 2504 2511 2409
f 2504 2410 2511
f 2504 2411 2410
f 2418 2411 2504
f 2418 2414 2411
f 2514 2414 2418
f 2514 2416 2414
f 2511 2416 2514
f 2511 2410 2416
f 2415 2413 2412
f 2415 2417 2413
f 2453 2455 2452
f 2453 2454 2455
f 2456 2454 2453
f 2456 2457 2454
f 2458 2457 2456
f 2458 2459 2457
f 2452 2459 2458
f 2452 2455 2459
f 2464 2451 2450
f 2464 2452 2451
f 2464 2453 2452
f 2461 2453 2464
f 2461 2456 2453
f 2462 2456 2461
f 2462 2458 2456
f 2451 2458 2462
f 2451 2452 2458
f 2466 2549 2460
f 2457 2455 2454
f 2457 2459 2455
f 2464 2450 2463
f 2463 2461 2464
f 2466 2460 2465
f 2447 2525 2467
f 2312 2522 2311
f 2311 2522 2315
f 2520 2315 2522
f 2520 2318 2315
f 2520 2321 2318
f 2520 2521 2321
f 2330 2324 2327
f 2330 2327 2328
f 2522 2312 2345
f 2522 2349 2523
f 2522 2345 2349
f 2523 2349 2348
f 2512 2331 2486
f 2325 2515 2326
f 2326 2515 2329
f 2329 2516 2322
f 2329 2515 2516
f 2546 2517 2319
f 2319 2518 2316
f 2319 2517 2518
f 2316 2518 2310
f 2518 2313 2310
f 2313 2518 2346
f 2346 2519 2347
f 2346 2518 2519
f 2507 2510 2509
f 2506 2510 2507
f 2506 2507 2509
f 2503 2468 2499
f 2378 2376 2350
f 2378 2374 2376
f 2368 2374 2378
f 2524 2378 2350
f 2368 2378 2524
f 2308 2307 2332
f 2307 2308 2306
f 2381 2380 2341
f 2382 2381 2341
f 2383 2382 2341
f 2384 2383 2338
f 2385 2384 2338
f 2338 2386 2385
f 2387 2386 2338
f 2388 2387 2338
f 2338 2389 2388
f 2341 2380 2390
f 2341 2391 2340
f 2341 2390 2391
f 2339 2392 2393
f 2339 2393 2394
f 2339 2394 2395
f 2339 2395 2396
f 2339 2397 2342
f 2339 2396 2397
f 2365 2355 2356
f 2365 2366 2355
f 2366 2357 2355
f 2365 2356 2358
f 3639 2360 2359
f 2363 2367 2362
f 2364 2367 2363
f 2361 2367 2364
f 2314 2312 2311
f 2311 2315 2314
f 2315 2317 2314
f 2315 2318 2317
f 2317 2321 2320
f 2317 2318 2321
f 2327 2324 2323
f 2328 2327 2323
f 2309 2328 2323
f 2309 2330 2328
f 2371 2335 2336
f 2336 2335 2337
f 2345 2312 2314
f 2349 2314 2348
f 2349 2345 2314
f 2375 2343 2351
f 2343 2353 2351
f 2343 2354 2353
f 2351 2353 2333
f 2353 2354 2333
f 2366 2308 2332
f 2308 2366 2306
f 3911 3947 3910
f 3911 3948 3947
f 3947 3908 3907
f 3947 3948 3908
f 3914 3913 3915
f 3909 3904 3903
f 3720 4996 4997
f 3720 4957 4996
f 3717 4997 3691
f 3717 3721 4997
f 3727 3723 3737
f 3737 3723 4942
f 4996 3707 4997
f 4996 3708 3707
f 4997 3705 3691
f 4997 3709 3705
f 3660 3678 3659
f 3678 3660 4943
f 3916 3918 3920
f 3916 3917 3918
f 3919 3918 3917
f 3921 3918 3919
f 3920 3918 3921
f 3921 3915 3920
f 3921 3914 3915
f 3914 3919 3913
f 3914 3921 3919
f 3922 3924 3927
f 3922 3923 3924
f 3925 3924 3923
f 3926 3924 3925
f 3927 3924 3926
f 3928 3916 3927
f 3928 3917 3916
f 3917 3925 3919
f 3917 3928 3925
f 3925 3928 3926
f 3928 3927 3926
f 3929 3931 3934
f 3929 3930 3931
f 3932 3931 3930
f 3933 3931 3932
f 3934 3931 3933
f 3935 3922 3934
f 3935 3923 3922
f 3923 3932 3925
f 3923 3935 3932
f 3932 3935 3933
f 3935 3934 3933
f 3936 3938 3942
f 3936 3937 3938
f 3940 3938 3937
f 3527 3939 3526
f 3527 3457 3939
f 3941 3938 3940
f 3942 3938 3941
f 3943 3929 3942
f 3943 3930 3929
f 3930 3940 3932
f 3930 3943 3940
f 3940 3943 3941
f 3943 3942 3941
f 3945 3936 3944
f 3945 3937 3936
f 3937 2610 3940
f 3937 3945 2610
f 3939 3587 3526
f 3939 2741 3587
f 2610 3945 3946
f 3945 3944 3946
f 3902 3896 3901
f 3902 3898 3896
f 3898 3902 3905
f 3905 3902 3906
f 3902 3901 3906
f 3903 3906 3901
f 3903 3904 3906
f 3905 3904 3909
f 3905 3906 3904
f 3895 3889 3894
f 3895 3891 3889
f 3891 3895 3899
f 3899 3895 3900
f 3895 3894 3900
f 3896 3897 3894
f 3896 3898 3897
f 3899 3898 3905
f 3899 3897 3898
f 3900 3897 3899
f 3894 3897 3900
f 3888 3882 3887
f 3888 3883 3882
f 3883 3888 3892
f 3892 3888 3893
f 3888 3887 3893
f 3889 3890 3887
f 3889 3891 3890
f 3892 3891 3899
f 3892 3890 3891
f 3893 3890 3892
f 3887 3890 3893
f 3881 3876 3880
f 3881 3877 3876
f 3877 3881 3885
f 3885 3881 3886
f 3881 3880 3886
f 3882 3884 3880
f 3882 3883 3884
f 3885 3883 3892
f 3885 3884 3883
f 3886 3884 3885
f 3880 3884 3886
f 3876 3878 2499
f 3876 3877 3878
f 3879 3877 3885
f 3879 3878 3877
f 2503 3878 3879
f 2499 3878 2503
f 3268 3872 4942
f 3268 3872 4942
f 4942 3871 3726
f 3433 3874 3302
f 3433 3874 3302
f 3302 3873 3304
f 3540 3875 3456
f 3540 3875 3456
f 4944 3382 3234
f 3381 3382 4944
f 3869 3234 3381
f 4944 4945 3234
f 3381 4945 4944
f 3869 3234 3381
f 3843 3171 3170
f 3844 3171 3843
f 3844 3172 3171
f 3844 3173 3172
f 3845 3175 3174
f 3846 2500 3176
f 3846 3177 3847
f 3846 3176 3177
f 3847 3177 3178
f 3848 3179 3180
f 3848 3175 3845
f 3848 3180 3175
f 3822 3291 3823
f 3823 3825 3824
f 3823 3291 3825
f 3824 3825 3827
f 3828 3826 3829
f 3831 3834 3830
f 3832 3834 3831
f 3833 3834 3832
f 3837 3836 3835
f 3829 3836 3837
f 3829 3826 3836
f 3290 3822 3839
f 3290 3291 3822
f 3839 3822 3823
f 3839 3823 3824
f 3839 3824 3827
f 3838 3828 3842
f 3838 3826 3828
f 3842 3828 3829
f 3840 3831 3830
f 3840 3832 3831
f 3840 3833 3832
f 3841 3833 3840
f 3841 3834 3833
f 3842 3837 3835
f 3842 3829 3837
f 3801 3267 3802
f 3802 3804 3803
f 3802 3267 3804
f 3803 3804 3806
f 3807 3805 3808
f 3810 3814 3809
f 3811 3814 3810
f 3812 3814 3811
f 3816 3815 3813
f 3808 3815 3816
f 3808 3805 3815
f 3340 3801 3818
f 3340 3267 3801
f 3818 3801 3802
f 3818 3802 3803
f 3818 3803 3806
f 3817 3807 3821
f 3817 3805 3807
f 3821 3807 3808
f 3819 3810 3809
f 3819 3811 3810
f 3819 3812 3811
f 3820 3812 3819
f 3820 3814 3812
f 3821 3816 3813
f 3821 3808 3816
f 3780 3328 3781
f 3781 3783 3782
f 3781 3328 3783
f 3782 3783 3785
f 3786 3784 3787
f 3789 3792 3788
f 3790 3792 3789
f 3791 3792 3790
f 3795 3794 3793
f 3787 3794 3795
f 3787 3784 3794
f 3443 3780 3797
f 3443 3328 3780
f 3797 3780 3781
f 3797 3781 3782
f 3797 3782 3785
f 3796 3786 3799
f 3796 3784 3786
f 3799 3786 3787
f 3798 3789 3788
f 3798 3790 3789
f 3798 3791 3790
f 3800 3791 3798
f 3800 3792 3791
f 3799 3795 3793
f 3799 3787 3795
f 3764 3432 3765
f 3765 3778 3766
f 3765 3432 3778
f 3766 3778 3768
f 3769 3767 3770
f 3771 3776 3772
f 3773 3776 3771
f 3774 3776 3773
f 3777 3779 3775
f 3770 3779 3777
f 3770 3767 3779
f 3552 3764 3760
f 3552 3432 3764
f 3760 3764 3765
f 3760 3765 3766
f 3760 3766 3768
f 3759 3769 3763
f 3759 3767 3769
f 3763 3769 3770
f 3761 3771 3772
f 3761 3773 3771
f 3761 3774 3773
f 3762 3774 3761
f 3762 3776 3774
f 3763 3777 3775
f 3763 3770 3777
f 3743 3539 3744
f 3744 3757 3745
f 3744 3539 3757
f 3745 3757 3746
f 3748 3747 3749
f 3750 3755 3751
f 3752 3755 3750
f 3753 3755 3752
f 3756 3758 3754
f 3749 3758 3756
f 3749 3747 3758
f 3592 3743 3739
f 3592 3539 3743
f 3739 3743 3744
f 3739 3744 3745
f 3739 3745 3746
f 3738 3748 3742
f 3738 3747 3748
f 3742 3748 3749
f 3740 3750 3751
f 3740 3752 3750
f 3740 3753 3752
f 3741 3753 3740
f 3741 3755 3753
f 3742 3756 3754
f 3742 3749 3756
f 3590 2754 2753
f 3590 2756 2754
f 3589 2756 3590
f 3589 2755 2756
f 3588 2758 2757
f 3588 2759 2758
f 3588 2760 2759
f 3588 2761 2760
f 3588 2762 2761
f 3588 2763 2762
f 3590 2753 2765
f 3590 2765 2766
f 3590 2766 2768
f 3591 2768 2769
f 3591 2769 2770
f 2770 2771 3591
f 3591 2771 2772
f 3591 2772 2773
f 2773 3586 3591
f 2773 2751 3586
f 3597 2380 2381
f 3597 2381 2382
f 3597 2382 2383
f 3598 2383 2384
f 3598 2384 2385
f 2385 2386 3598
f 3598 2386 2387
f 3598 2387 2388
f 2388 2389 3598
f 3597 2390 2380
f 3597 2391 2390
f 3599 2391 3597
f 3599 2340 2391
f 3600 2393 2392
f 3600 2394 2393
f 3600 2395 2394
f 3600 2396 2395
f 3600 2397 2396
f 3594 2397 3600
f 3594 2342 2397
f 3620 3621 2360
f 2360 3622 3620
f 3623 3622 2360
f 3623 3624 3622
f 3626 3623 3625
f 3626 3624 3623
f 3619 3628 3629
f 3619 3629 3630
f 3630 3631 3619
f 3632 3628 3627
f 3632 3633 3628
f 2360 3621 3635
f 2360 3635 3636
f 2360 3653 2359
f 2360 3636 3653
f 3637 3634 3656
f 3637 3638 3634
f 3638 3637 3648
f 3648 3637 3656
f 2359 3653 3639
f 3627 3641 3632
f 3640 2363 2362
f 3640 2364 2363
f 3640 2361 2364
f 3642 3621 3620
f 3620 3622 3642
f 3622 3643 3642
f 3622 3624 3643
f 3643 3626 3644
f 3643 3624 3626
f 3629 3628 3645
f 3630 3629 3645
f 3645 3631 3630
f 3628 3647 3646
f 3628 3633 3647
f 3650 3652 3651
f 3651 3649 3650
f 3649 3652 3650
f 3635 3621 3642
f 3636 3642 3653
f 3636 3635 3642
f 3656 3634 3654
f 3656 3654 3655
f 3656 3655 3648
f 3658 3646 3647
f 3579 3578 3654
f 3581 3582 3657
f 3582 3583 3657
f 3583 3580 3657
f 3578 3478 3654
f 3605 3511 3512
f 3512 3513 3605
f 3513 3606 3605
f 3513 3515 3606
f 3606 3518 3607
f 3606 3515 3518
f 3519 3520 3608
f 3522 3519 3608
f 3608 3523 3522
f 3520 3610 3609
f 3520 3524 3610
f 3533 3511 3605
f 3534 3605 3612
f 3534 3533 3605
f 3614 3615 3613
f 3614 3613 3611
f 2777 3615 2783
f 3617 3609 3610
f 2777 2783 3618
f 2779 2781 3616
f 2781 2782 3616
f 2782 2778 3616
f 2783 3615 3618
f 3512 3511 3557
f 3557 3513 3512
f 3516 3513 3557
f 3516 3515 3513
f 3518 3516 3517
f 3518 3515 3516
f 3510 3520 3519
f 3510 3519 3522
f 3522 3523 3510
f 3525 3520 3521
f 3525 3524 3520
f 3529 3530 3528
f 3530 3531 3528
f 3530 3529 3531
f 3557 3511 3533
f 3557 3533 3534
f 3557 3612 3547
f 3557 3534 3612
f 3532 3615 3614
f 3536 3532 3614
f 3536 3538 3532
f 3537 3538 3536
f 3538 3537 3535
f 3611 3536 3614
f 3611 3537 3536
f 3535 3537 3611
f 3521 3562 3525
f 3565 3559 3560
f 3565 3561 3559
f 3565 3558 3561
f 2775 3601 3593
f 2775 2774 3601
f 2743 2775 3593
f 2774 2776 3601
f 3602 3595 2357
f 3596 2356 2355
f 3596 2355 2357
f 3596 2358 2356
f 3595 3596 2357
f 3509 3508 3514
f 3527 4975 3509
f 3514 3563 3509
f 3514 3564 3563
f 3563 3553 3554
f 3554 3555 3527
f 3564 3553 3563
f 3564 3555 3553
f 3509 3554 3527
f 3554 3509 3563
f 3602 3585 3603
f 3584 3603 3585
f 3584 3604 3603
f 3585 3576 3584
f 3566 3585 3602
f 3576 3604 3584
f 3576 3566 3604
f 3541 3410 3411
f 3411 3412 3541
f 3412 3542 3541
f 3412 3414 3542
f 3542 3417 3543
f 3542 3414 3417
f 3418 3419 3544
f 3420 3418 3544
f 3544 3421 3420
f 3424 3423 3546
f 3547 3612 3548
f 3428 3410 3541
f 3429 3541 3549
f 3429 3428 3541
f 3427 3551 3550
f 3427 3612 3551
f 3550 3551 3545
f 3551 3612 3545
f 3554 3553 3555
f 3557 3547 3548
f 3560 3559 3556
f 3559 3561 3556
f 3561 3558 3556
f 3460 3461 3579
f 3579 3463 3460
f 3568 3463 3579
f 3568 3466 3463
f 3468 3568 3569
f 3468 3466 3568
f 3567 3470 3471
f 3567 3471 3472
f 3472 3459 3567
f 3570 3473 3867
f 3572 3476 3477
f 3579 3461 3481
f 3579 3481 3482
f 3579 3478 3578
f 3579 3482 3478
f 3575 3574 3483
f 3575 3573 3574
f 3575 3571 3573
f 3474 3575 3483
f 3571 3575 3474
f 3566 3576 3585
f 3867 3566 3570
f 3577 3582 3581
f 3577 3583 3582
f 3577 3580 3583
f 3411 3410 3449
f 3449 3412 3411
f 3409 3408 3413
f 3415 3412 3449
f 3415 3414 3412
f 3417 3415 3416
f 3417 3414 3415
f 3458 3419 3418
f 3458 3418 3420
f 3420 3421 3458
f 3424 3425 3423
f 3424 3546 3425
f 3449 3410 3428
f 3449 3428 3429
f 3449 3549 3448
f 3449 3429 3549
f 3426 3427 3550
f 3550 3431 3426
f 3430 3431 3550
f 3430 3422 3431
f 3545 3430 3550
f 3422 3430 3545
f 3434 3306 3307
f 3307 3308 3434
f 3308 3435 3434
f 3308 3310 3435
f 3435 3313 3436
f 3435 3310 3313
f 3314 3315 3437
f 3316 3314 3437
f 3437 4995 3316
f 3319 3318 3439
f 3448 3549 3440
f 3323 3306 3434
f 3324 3434 3441
f 3324 3323 3434
f 3322 3549 3442
f 3442 3549 3438
f 3445 3444 3446
f 3449 3448 3440
f 3452 3451 3447
f 3451 3453 3447
f 3453 3450 3447
f 3413 3454 3409
f 3413 3455 3454
f 3454 3444 3445
f 3445 3446 3456
f 3455 3444 3454
f 3455 3446 3444
f 3409 3445 3456
f 3458 3451 3452
f 3458 3453 3451
f 3458 3450 3453
f 3445 3409 3454
f 3462 3461 3460
f 3460 3463 3462
f 3473 3506 3464
f 3463 3465 3462
f 3463 3466 3465
f 3465 3468 3467
f 3465 3466 3468
f 3471 3470 3469
f 3472 3471 3469
f 3459 3472 3469
f 3572 3475 3476
f 3476 3475 3477
f 3481 3461 3462
f 3482 3462 3478
f 3482 3481 3462
f 3483 3479 3484
f 3483 3574 3479
f 3479 3480 3484
f 3483 3484 3474
f 3484 3480 3474
f 3356 3357 3499
f 3499 3359 3356
f 3487 3359 3499
f 3487 3362 3359
f 3364 3487 3488
f 3364 3362 3487
f 3486 3366 3367
f 3486 3367 3368
f 3368 3355 3486
f 3868 3489 3369
f 3491 3372 3373
f 3499 3357 3377
f 3499 3377 3378
f 3499 3374 3492
f 3499 3378 3374
f 3374 3495 3492
f 3496 3494 3379
f 3496 3493 3494
f 3496 3490 3493
f 3370 3496 3379
f 3490 3496 3370
f 3485 3497 3506
f 3868 3485 3489
f 3498 3502 3501
f 3498 3503 3502
f 3498 3500 3503
f 3505 3464 3506
f 3505 3504 3464
f 3506 3497 3505
f 3485 3506 3473
f 3497 3504 3505
f 3497 3485 3504
f 3499 3492 3495
f 3501 3502 3469
f 3502 3503 3469
f 3503 3500 3469
f 3873 3304 3305
f 3307 3306 3347
f 3347 3308 3307
f 3305 3304 3309
f 3311 3308 3347
f 3311 3310 3308
f 3313 3311 3312
f 3313 3310 3311
f 3354 3315 3314
f 3354 3314 3316
f 3316 4995 3354
f 3305 3302 3873
f 3319 3320 3318
f 3319 3439 3320
f 3347 3306 3323
f 3347 3323 3324
f 3347 3441 3346
f 3347 3324 3441
f 3321 3442 3325
f 3321 3322 3442
f 3325 3327 3321
f 3326 3327 3325
f 3326 3317 3327
f 3438 3325 3442
f 3438 3326 3325
f 3317 3326 3438
f 3330 3247 3246
f 3246 3248 3330
f 3302 3343 3331
f 3248 3332 3330
f 3248 3250 3332
f 3332 3252 3333
f 3332 3250 3252
f 3254 3253 3334
f 3255 3254 3334
f 3329 3255 3334
f 3258 3257 3336
f 3346 3441 3337
f 3262 3247 3330
f 3263 3330 3338
f 3263 3262 3330
f 3261 3441 3339
f 3339 3441 3335
f 3342 3331 3343
f 3342 3341 3331
f 3343 3344 3342
f 3344 3341 3342
f 3344 3345 3341
f 3347 3346 3337
f 3350 3349 3334
f 3349 3351 3334
f 3351 3348 3334
f 3309 3352 3305
f 3309 3353 3352
f 3352 3343 3305
f 3352 3344 3343
f 3305 3343 3302
f 3353 3344 3352
f 3353 3345 3344
f 3354 3349 3350
f 3354 3351 3349
f 3354 3348 3351
f 3358 3357 3356
f 3356 3359 3358
f 3369 3406 3360
f 3359 3361 3358
f 3359 3362 3361
f 3361 3364 3363
f 3361 3362 3364
f 3367 3366 3365
f 3368 3367 3365
f 3355 3368 3365
f 3491 3371 3372
f 3372 3371 3373
f 3377 3357 3358
f 3378 3358 3374
f 3378 3377 3358
f 3379 3375 3380
f 3379 3494 3375
f 3375 3376 3380
f 3379 3380 3370
f 3380 3376 3370
f 3227 3226 3399
f 3399 3228 3227
f 3382 3381 3383
f 3384 3228 3399
f 3384 3229 3228
f 3230 3384 3385
f 3230 3229 3384
f 3398 3232 3231
f 3398 3231 3233
f 3233 4956 3398
f 3234 3382 3407
f 3387 3237 3238
f 3399 3226 3241
f 3399 3241 3242
f 3399 3239 3388
f 3399 3242 3239
f 3239 3391 3388
f 3392 3390 3243
f 3392 3389 3390
f 3392 3386 3389
f 3235 3392 3243
f 3386 3392 3235
f 3383 3393 3382
f 3383 3394 3393
f 3393 3396 3395
f 3394 3396 3393
f 3394 3397 3396
f 3382 3395 3407
f 3398 3402 3401
f 3398 3403 3402
f 3398 3400 3403
f 3395 3382 3393
f 3405 3360 3406
f 3405 3404 3360
f 3395 3405 3406
f 3395 3396 3405
f 3407 3395 3406
f 3396 3404 3405
f 3396 3397 3404
f 3407 3406 3369
f 3399 3388 3391
f 3401 3402 3365
f 3402 3403 3365
f 3403 3400 3365
f 3246 3247 3296
f 3296 3248 3246
f 3249 3248 3296
f 3249 3250 3248
f 3252 3249 3251
f 3252 3250 3249
f 3245 3253 3254
f 3245 3254 3255
f 3255 3329 3245
f 3258 3259 3257
f 3259 3258 3336
f 3296 3247 3262
f 3296 3262 3263
f 3296 3338 3295
f 3296 3263 3338
f 3260 3339 3264
f 3260 3261 3339
f 3264 3266 3260
f 3265 3266 3264
f 3265 3256 3266
f 3335 3264 3339
f 3335 3265 3264
f 3256 3265 3335
f 3272 3269 3270
f 3270 3271 3272
f 3271 3274 3272
f 3271 3273 3274
f 3274 3276 3275
f 3274 3273 3276
f 3277 3278 3279
f 3280 3277 3279
f 3279 3281 3280
f 3732 3731 3283
f 3295 3338 3284
f 3287 3269 3272
f 3288 3272 3285
f 3288 3287 3272
f 3286 3338 3289
f 3289 3338 3282
f 3296 3295 3284
f 3298 3299 3294
f 3299 3300 3294
f 3300 3297 3294
f 3302 3301 3292
f 3292 3293 3302
f 3301 3293 3292
f 3303 3299 3298
f 3303 3300 3299
f 3303 3297 3300
f 3220 3381 3234
f 3221 3226 3227
f 3227 3228 3221
f 3381 3220 3217
f 3228 3222 3221
f 3228 3229 3222
f 3222 3230 3223
f 3222 3229 3230
f 3231 3232 3225
f 3233 3231 3225
f 3225 4956 3233
f 3387 3236 3237
f 3237 3236 3238
f 3241 3226 3221
f 3242 3221 3239
f 3242 3241 3221
f 3243 3240 3244
f 3243 3390 3240
f 3240 3203 3244
f 3243 3244 3235
f 3244 3203 3235
f 3193 3194 3212
f 3212 3187 3193
f 3188 3187 3212
f 3188 3189 3187
f 3191 3188 3190
f 3191 3189 3188
f 3192 3196 3197
f 3192 3197 3198
f 3198 3664 3192
f 3870 3195 4943
f 3200 3667 3668
f 3212 3194 3206
f 3212 3206 3207
f 3212 3675 3201
f 3212 3207 3675
f 3675 3205 3201
f 3209 3204 3677
f 3209 3202 3204
f 3208 3202 3209
f 3208 3199 3202
f 3672 3209 3677
f 3672 3208 3209
f 3199 3208 3672
f 3186 3210 3220
f 3870 3186 3195
f 3211 3215 3214
f 3211 3216 3215
f 3211 3213 3216
f 3219 3217 3220
f 3219 3218 3217
f 3220 3210 3219
f 3186 3220 3234
f 3210 3218 3219
f 3210 3186 3218
f 3212 3201 3205
f 3214 3215 3224
f 3215 3216 3224
f 3216 3213 3224
f 3859 3864 4982
f 3860 3861 4958
f 3862 3858 4976
f 3866 3858 3862
f 3863 3859 4982
f 3864 3859 3863
f 3865 3860 4958
f 3865 3861 3860
f 3866 3862 4976
f 3850 4979 3855
f 3852 4980 3856
f 3854 4981 3857
f 3857 4981 3849
f 3855 3851 3850
f 3855 4979 3851
f 3856 3853 3852
f 3856 4980 3853
f 3857 3849 3854
f 3683 3682 3681
f 3684 3682 3683
f 3682 3684 1464
f 3685 1464 3684
f 3671 3687 3686
f 3710 3686 3687
f 3687 3711 3710
f 3687 3692 3711
f 3697 3712 3713
f 3697 3698 3712
f 3696 3697 3713
f 3713 3695 3696
f 3713 3714 3695
f 3714 3694 3695
f 3714 3715 3694
f 3693 3715 3716
f 3693 3694 3715
f 3692 3716 3711
f 3692 3693 3716
f 3689 3719 3718
f 3689 3690 3719
f 3719 3690 5005
f 3718 3688 3689
f 3734 3724 3725
f 3871 3726 3737
f 3270 3269 3724
f 3724 3271 3270
f 3737 3726 3727
f 3728 3271 3724
f 3728 3273 3271
f 3276 3728 3729
f 3276 3273 3728
f 3722 3278 3277
f 3722 3277 3280
f 3280 3281 3722
f 3737 4942 3871
f 3732 3733 3731
f 3733 3732 3283
f 3724 3269 3287
f 3724 3287 3288
f 3724 3285 3725
f 3724 3288 3285
f 3285 3734 3725
f 3734 3289 3735
f 3734 3286 3289
f 3736 3734 3735
f 3736 3730 3734
f 3282 3735 3289
f 3282 3736 3735
f 3730 3736 3282
f 3699 3687 3671
f 3699 3692 3687
f 3700 3697 3701
f 3700 3698 3697
f 3701 3697 3696
f 3695 3701 3696
f 3695 3702 3701
f 3694 3702 3695
f 3694 3703 3702
f 3703 3693 3704
f 3703 3694 3693
f 3704 3692 3699
f 3704 3693 3692
f 3706 3689 3680
f 3706 3690 3689
f 3706 5005 3690
f 3688 3680 3689
f 3674 3670 3669
f 3661 3194 3193
f 3193 3187 3661
f 4943 3660 3659
f 3187 3662 3661
f 3187 3189 3662
f 3662 3191 3663
f 3662 3189 3191
f 3197 3196 3665
f 3198 3197 3665
f 3664 3198 3665
f 3200 3666 3667
f 3667 3666 3668
f 3669 3670 3673
f 3670 3674 3673
f 3206 3194 3661
f 3207 3661 3675
f 3207 3206 3661
f 3204 3676 3677
f 3204 3674 3676
f 3674 3672 3676
f 3677 3676 3672
f 3181 3185 5013
f 3182 3185 3181
f 3183 3169 3184
f 3184 3169 5018
f 2742 3170 3166
f 2742 3843 3170
f 3166 3170 3171
f 3166 3171 3172
f 3166 3172 3173
f 3165 3174 3167
f 3165 3845 3174
f 3167 3174 3175
f 2501 3176 2500
f 2501 3177 3176
f 2501 3178 3177
f 3168 3178 2501
f 3168 3847 3178
f 3167 3180 3179
f 3167 3175 3180
f 2608 2740 3152
f 3152 2740 3153
f 3153 2740 3154
f 3154 2740 3155
f 3155 3164 3156
f 3156 3164 3157
f 3158 3162 2502
f 3159 3162 3158
f 3160 3162 3159
f 3163 3164 3161
f 3157 3164 3163
f 2608 3152 2911
f 3152 3153 2911
f 3153 3154 2911
f 3154 3155 2911
f 3155 3156 2803
f 3156 3157 2803
f 2400 3158 2502
f 2400 3159 3158
f 2400 3160 3159
f 2804 3160 2400
f 2804 3162 3160
f 2803 3163 3161
f 2803 3157 3163
f 3146 3148 3150
f 3148 3149 3150
f 3142 3144 3151
f 3144 3145 3151
f 3146 3147 3148
f 3147 3149 3148
f 3142 3143 3144
f 3143 3145 3144
f 3107 3094 3096
f 3094 3107 3093
f 3106 3093 3107
f 3106 3092 3093
f 3099 3110 3109
f 3103 3105 3102
f 3110 3099 3100
f 3108 3102 3105
f 3108 3100 3102
f 3106 3112 3111
f 3106 3107 3112
f 3092 3115 3097
f 3111 3112 3113
f 3112 3096 3113
f 3115 3114 3097
f 3115 3113 3114
f 3077 3079 3083
f 3082 3081 3085
f 3089 3077 3083
f 3089 3084 3077
f 3087 3090 3086
f 3091 3082 3085
f 3091 3088 3082
f 3090 3087 3078
f 3065 3072 3071
f 3071 3074 3063
f 3063 3074 3073
f 3072 3065 3068
f 3065 3067 3068
f 3070 3076 3075
f 3069 3076 3070
f 3051 3049 3052
f 3057 3049 3051
f 3053 3050 3055
f 3059 3050 3053
f 3060 3055 3054
f 3058 3050 3059
f 3054 3055 3056
f 3132 3138 3125
f 3132 3139 3138
f 3133 3139 3132
f 3133 3134 3139
f 3135 3140 3129
f 3135 3141 3140
f 3136 3141 3135
f 3136 3137 3141
f 3126 3132 3125
f 3126 3133 3132
f 3127 3133 3126
f 3127 3134 3133
f 3130 3135 3129
f 3130 3136 3135
f 3131 3136 3130
f 3131 3137 3136
f 3116 3131 3123
f 3116 3124 3131
f 3117 3124 3116
f 3117 3125 3124
f 3118 3125 3117
f 3118 3126 3125
f 3119 3126 3118
f 3119 3127 3126
f 3120 3127 3119
f 3120 3128 3127
f 3121 3128 3120
f 3121 3129 3128
f 3122 3129 3121
f 3122 3130 3129
f 3123 3130 3122
f 3123 3131 3130
f 3093 3095 3094
f 3095 3096 3094
f 3114 3098 3097
f 3098 3092 3097
f 3101 3100 3099
f 3102 3104 3103
f 3104 3105 3103
f 3109 3101 3099
f 3107 3096 3112
f 3080 3079 3077
f 3086 3078 3087
f 3088 3081 3082
f 3080 3077 3084
f 3075 3069 3070
f 3064 3071 3063
f 3066 3067 3065
f 3066 3068 3067
f 3073 3064 3063
f 3052 3061 3051
f 3061 3057 3051
f 3056 3060 3054
f 3053 3062 3059
f 3062 3058 3059
f 3037 3029 3016
f 3037 3038 3029
f 3038 3030 3029
f 3038 3039 3030
f 3019 3040 3020
f 3040 3031 3020
f 3040 3041 3031
f 3041 3032 3031
f 3041 3042 3032
f 3043 3033 3023
f 3043 3044 3033
f 3044 3034 3033
f 3044 3045 3034
f 3025 3046 3027
f 3046 3035 3027
f 3046 3047 3035
f 3047 3036 3035
f 3047 3048 3036
f 3036 3015 3028
f 3036 3048 3015
f 3016 3029 3017
f 3029 3018 3017
f 3029 3030 3018
f 3020 3031 3021
f 3031 3032 3021
f 3032 3022 3021
f 3032 3042 3022
f 3023 3033 3024
f 3033 3026 3024
f 3033 3034 3026
f 3027 3035 3028
f 3035 3036 3028
f 3028 3015 3011
f 3016 3017 3012
f 3017 3018 3012
f 3020 3013 3019
f 3020 3021 3013
f 3021 3022 3013
f 3023 3024 3014
f 3024 3026 3014
f 3027 3011 3025
f 3027 3028 3011
f 2992 3007 3001
f 3007 3002 3001
f 2999 3003 2998
f 2999 3008 3003
f 3008 3004 3003
f 2997 3009 3005
f 3009 3006 3005
f 2995 2993 2994
f 2995 3010 2993
f 2993 3010 2991
f 2992 3001 3000
f 3001 3002 3000
f 3003 3004 2988
f 2997 3005 2996
f 3005 3006 2996
f 2990 2992 3000
f 2985 2993 2991
f 2985 2994 2993
f 2986 2994 2985
f 2986 2995 2994
f 2987 2996 3006
f 2987 2997 2996
f 2989 3003 2988
f 2989 2998 3003
f 2989 2999 2998
f 2990 3000 3002
f 2966 2984 2976
f 2966 2977 2984
f 2967 2978 2949
f 2967 2969 2978
f 2968 2969 2967
f 2970 2979 2961
f 2970 2980 2979
f 2971 2980 2970
f 2971 2981 2980
f 2972 2982 2955
f 2972 2975 2982
f 2973 2975 2972
f 2976 2983 2974
f 2976 2984 2983
f 2960 2976 2965
f 2960 2966 2976
f 2961 2969 2968
f 2962 2970 2961
f 2963 2970 2962
f 2963 2971 2970
f 2964 2975 2973
f 2965 2976 2974
f 2974 2960 2965
f 2951 2967 2949
f 2951 2968 2967
f 2951 2961 2968
f 2954 2962 2961
f 2954 2963 2962
f 2956 2972 2955
f 2956 2973 2972
f 2956 2964 2973
f 2936 2959 2947
f 2936 2948 2959
f 2937 2948 2936
f 2937 2949 2948
f 2938 2949 2937
f 2938 2950 2949
f 2939 2950 2938
f 2939 2951 2950
f 2940 2951 2939
f 2940 2952 2951
f 2941 2952 2940
f 2941 2953 2952
f 2942 2953 2941
f 2942 2954 2953
f 2943 2954 2942
f 2943 2955 2954
f 2944 2955 2943
f 2944 2957 2955
f 2945 2957 2944
f 2945 2956 2957
f 2946 2956 2945
f 2946 2958 2956
f 2947 2958 2946
f 2947 2959 2958
f 2901 2935 2867
f 2901 2924 2935
f 2902 2924 2901
f 2902 2925 2924
f 2822 2925 2902
f 2822 2926 2925
f 2821 2926 2822
f 2821 2927 2926
f 2820 2927 2821
f 2820 2928 2927
f 2819 2928 2820
f 2819 2929 2928
f 2823 2929 2819
f 2823 2930 2929
f 2824 2930 2823
f 2824 2931 2930
f 2825 2931 2824
f 2825 2932 2931
f 2865 2932 2825
f 2865 2933 2932
f 2866 2933 2865
f 2866 2934 2933
f 2867 2934 2866
f 2867 2935 2934
f 2916 2905 2904
f 2904 2905 2903
f 2907 2621 2906
f 2907 2912 2621
f 2909 2906 2908
f 2909 2907 2906
f 2912 2907 2909
f 2910 2909 2908
f 2912 2909 2910
f 2807 2914 2913
f 2806 2914 2807
f 2806 2915 2914
f 2916 2904 2903
f 2623 2918 2917
f 2623 2622 2918
f 2917 2919 2920
f 2917 2918 2919
f 2918 2622 2919
f 2920 2919 2921
f 2919 2622 2921
f 2875 2923 2878
f 2923 2879 2878
f 2923 2922 2879
f 2870 2868 2869
f 2870 2874 2868
f 2872 2869 2871
f 2872 2870 2869
f 2874 2870 2872
f 2873 2872 2871
f 2874 2872 2873
f 2878 2876 2875
f 2879 2876 2878
f 2879 2877 2876
f 2883 2884 2882
f 2883 2885 2884
f 2880 2887 2886
f 2880 2881 2887
f 2882 2888 2891
f 2882 2884 2888
f 2884 2885 2888
f 2886 2890 2889
f 2886 2887 2890
f 2891 2888 2893
f 2888 2885 2893
f 2892 2896 2895
f 2895 2899 2894
f 2895 2896 2899
f 2896 2892 2899
f 2898 2852 2851
f 2898 2894 2852
f 2894 2848 2852
f 2894 2899 2848
f 2848 2900 2853
f 2900 2854 2853
f 2900 2897 2854
f 2855 2828 2827
f 2827 2828 2826
f 2833 2831 2832
f 2833 2844 2831
f 2835 2829 2834
f 2835 2830 2829
f 2837 2832 2836
f 2837 2833 2832
f 2844 2833 2837
f 2839 2834 2842
f 2839 2835 2834
f 2840 2837 2836
f 2844 2837 2840
f 2843 2838 2841
f 2847 2841 2846
f 2847 2843 2841
f 2838 2843 2847
f 2852 2845 2851
f 2852 2846 2845
f 2848 2846 2852
f 2848 2847 2846
f 2853 2849 2848
f 2854 2849 2853
f 2854 2850 2849
f 2855 2827 2826
f 2857 2858 2856
f 2857 2859 2858
f 2856 2860 2861
f 2856 2858 2860
f 2858 2859 2860
f 2861 2860 2862
f 2860 2859 2862
f 2814 2864 2817
f 2864 2818 2817
f 2864 2863 2818
f 2809 2401 2808
f 2809 2813 2401
f 2811 2808 2810
f 2811 2809 2808
f 2813 2809 2811
f 2812 2811 2810
f 2813 2811 2812
f 2817 2815 2814
f 2818 2815 2817
f 2818 2816 2815
f 2399 2797 2798
f 2399 2398 2797
f 2798 2799 2801
f 2798 2797 2799
f 2797 2398 2799
f 2801 2799 2800
f 2799 2398 2800
f 2913 2805 2807
f 2805 2806 2807
f 2805 2802 2806
f 4401 4402 4392
f 4401 4395 4402
f 4398 4390 4393
f 4398 4391 4390
f 4394 4396 4400
f 4396 4399 4400
f 4399 4396 4397
f 4394 4397 4396
f 4391 4398 4393
f 4395 4401 4392
f 4408 4406 4407
f 4410 4408 4409
f 4409 4411 4410
f 4407 4406 5009
f 4406 4408 5009
f 4408 4410 5009
f 4411 5009 4410
f 4415 4414 4413
f 4313 4414 4415
f 4313 4413 4414
f 4419 4417 4418
f 4420 4417 4419
f 4420 4418 4417
f 4421 4423 4416
f 4422 4421 4416
f 4423 4421 4422
f 4426 4424 4425
f 4427 4424 4426
f 4427 4425 4424
f 4428 4429 4430
f 4430 4429 4569
f 4432 4431 4433
f 4433 4431 4434
f 4439 4435 4436
f 4435 4480 4436
f 4441 4443 4442
f 4441 4444 4443
f 4441 4440 4444
f 4447 4446 4445
f 4447 4449 4448
f 4447 4445 4449
f 4453 4451 4450
f 4453 4452 4451
f 4453 4450 4454
f 4439 4455 4435
f 4439 4436 4456
f 4460 4458 4457
f 4460 4459 4458
f 4460 4457 4461
f 4475 4432 4433
f 4463 4465 4464
f 4463 4466 4465
f 4463 4462 4466
f 4440 4966 4467
f 4440 4442 4966
f 4442 4468 4966
f 4442 4443 4468
f 4443 4469 4468
f 4443 4444 4469
f 4444 4467 4469
f 4444 4440 4467
f 4445 4471 4470
f 4445 4446 4471
f 4446 4472 4471
f 4446 4448 4472
f 4448 4473 4472
f 4448 4449 4473
f 4449 4470 4473
f 4449 4445 4470
f 4450 4473 4469
f 4450 4451 4473
f 4451 4472 4473
f 4451 4452 4472
f 4452 4467 4472
f 4452 4454 4467
f 4454 4469 4467
f 4454 4450 4469
f 4435 4455 4480
f 4455 4456 4474
f 4456 4438 4474
f 4456 4436 4438
f 4457 4438 4470
f 4457 4458 4438
f 4458 4474 4438
f 4458 4459 4474
f 4459 4471 4474
f 4459 4461 4471
f 4461 4470 4471
f 4461 4457 4470
f 4475 4433 4477
f 4431 4476 4434
f 4431 4432 4476
f 4432 4475 4476
f 4462 4476 4966
f 4462 4464 4476
f 4464 4434 4476
f 4464 4465 4434
f 4465 4468 4434
f 4465 4466 4468
f 4466 4966 4468
f 4466 4462 4966
f 4434 4477 4433
f 4434 4478 4477
f 4436 4481 4438
f 4436 4480 4481
f 4483 4484 4482
f 4485 4484 4483
f 4482 4484 4486
f 4488 4490 4487
f 4489 4490 4488
f 4491 4490 4489
f 4494 4492 4493
f 4495 4492 4494
f 4496 4481 4480
f 4497 4481 4496
f 4500 4498 4499
f 4501 4498 4500
f 4477 4479 4502
f 4503 4479 4478
f 4502 4479 4503
f 4505 4506 4504
f 4504 4506 4507
f 4999 4482 4508
f 4999 4483 4482
f 4468 4483 4999
f 4468 4485 4483
f 4469 4485 4468
f 4469 4486 4485
f 4508 4486 4469
f 4508 4482 4486
f 4509 4487 4470
f 4509 4488 4487
f 4510 4488 4509
f 4510 4489 4488
f 4473 4489 4510
f 4473 4491 4489
f 4470 4491 4473
f 4470 4487 4491
f 4473 4492 4469
f 4473 4493 4492
f 4510 4493 4473
f 4510 4494 4493
f 4508 4494 4510
f 4508 4495 4494
f 4469 4495 4508
f 4469 4492 4495
f 4511 4496 4480
f 4512 4496 4511
f 4512 4497 4496
f 4438 4497 4512
f 4438 4481 4497
f 4438 4498 4470
f 4438 4499 4498
f 4512 4499 4438
f 4512 4500 4499
f 4509 4500 4512
f 4509 4501 4500
f 4470 4501 4509
f 4470 4498 4501
f 4477 4502 4513
f 4514 4478 4434
f 4514 4503 4478
f 4513 4503 4514
f 4513 4502 4503
f 4514 4504 4999
f 4514 4505 4504
f 4434 4505 4514
f 4434 4506 4505
f 4468 4506 4434
f 4468 4507 4506
f 4999 4507 4468
f 4999 4504 4507
f 4515 4437 4613
f 4437 4515 4615
f 4569 4429 4428
f 5010 4516 4573
f 4521 4520 4565
f 4521 4519 4520
f 4526 4523 4525
f 4526 4522 4523
f 4530 4528 4527
f 4530 4529 4528
f 4530 4527 4531
f 4533 4534 4532
f 4533 4535 4534
f 4533 4536 4535
f 4537 4539 4538
f 4537 4540 4539
f 4522 4526 4541
f 4526 4542 4541
f 4543 4545 4544
f 4543 4546 4545
f 4518 4548 4519
f 4518 4547 4548
f 4518 4521 4547
f 4550 4551 4549
f 4552 4549 4553
f 4552 4550 4549
f 4527 4553 4554
f 4527 4528 4553
f 4528 4555 4553
f 4528 4529 4555
f 4529 4556 4555
f 4529 4531 4556
f 4531 4554 4556
f 4531 4527 4554
f 4532 4558 4557
f 4532 4534 4558
f 4534 4559 4558
f 4534 4535 4559
f 4535 4560 4559
f 4535 4536 4560
f 4536 4557 4560
f 4536 4532 4557
f 4537 4560 4556
f 4537 4538 4560
f 4538 4559 4560
f 4538 4539 4559
f 4539 4554 4559
f 4539 4540 4554
f 4540 4556 4554
f 4540 4537 4556
f 4522 4541 4561
f 4541 4562 4561
f 4541 4542 4562
f 4542 4525 4562
f 4542 4526 4525
f 4543 4525 4557
f 4543 4544 4525
f 4544 4562 4525
f 4544 4545 4562
f 4545 4558 4562
f 4545 4546 4558
f 4546 4557 4558
f 4546 4543 4557
f 4547 4521 4563
f 4519 4564 4520
f 4519 4548 4564
f 4548 4563 4564
f 4548 4547 4563
f 4549 4564 4553
f 4549 4551 4564
f 4551 4520 4564
f 4551 4550 4520
f 4550 4555 4520
f 4550 4553 4555
f 4520 4571 4565
f 4565 4571 4521
f 4523 4566 4525
f 4570 4566 4523
f 4556 4567 4555
f 4557 4566 4560
f 4560 4567 4556
f 4566 4567 4560
f 4570 4523 4522
f 4525 4566 4557
f 4567 4571 4520
f 4555 4567 4520
f 4572 4524 4517
f 4524 4572 4568
f 4553 4573 4561
f 4553 4563 4573
f 4574 4516 5010
f 4516 4574 4573
f 4575 4597 4576
f 4130 4575 4576
f 4577 4578 4149
f 4577 4606 4578
f 4104 4577 4149
f 4581 4583 4580
f 4582 4583 4581
f 4579 4583 4582
f 4585 4586 4584
f 4588 4586 4587
f 4584 4586 4588
f 4590 4591 4589
f 4592 4591 4590
f 4589 4591 4593
f 4149 4595 4594
f 4608 4595 4149
f 4594 4595 4596
f 4600 4602 4599
f 4601 4602 4600
f 4598 4602 4601
f 5000 4579 4603
f 5000 4580 4579
f 4127 4580 5000
f 4127 4581 4580
f 4134 4581 4127
f 4134 4582 4581
f 4603 4582 4134
f 4603 4579 4582
f 4604 4584 4129
f 4604 4585 4584
f 4605 4585 4604
f 4605 4587 4585
f 4135 4587 4605
f 4135 4588 4587
f 4129 4588 4135
f 4129 4584 4588
f 4135 4589 4134
f 4135 4590 4589
f 4605 4590 4135
f 4605 4592 4590
f 4603 4592 4605
f 4603 4593 4592
f 4134 4593 4603
f 4134 4589 4593
f 4606 4577 4104
f 4608 4578 4606
f 4149 4578 4608
f 4149 4594 4129
f 4604 4596 4608
f 4129 4596 4604
f 4129 4594 4596
f 4126 4576 4597
f 4609 4575 4130
f 4609 4597 4575
f 4609 4598 5000
f 4609 4599 4598
f 4130 4599 4609
f 4130 4600 4599
f 4127 4600 4130
f 4127 4601 4600
f 5000 4601 4127
f 5000 4598 4601
f 4110 4607 4109
f 4612 4111 4610
f 4610 4611 4612
f 4572 4517 4568
f 4616 4618 4614
f 4515 4613 4615
f 4616 4614 4617
f 4618 4616 4617
f 4621 4089 4088
f 4623 4625 4624
f 4625 4623 4620
f 4623 4624 4620
f 4622 4087 4619
f 4622 4093 4087
f 4626 4627 4628
f 4403 4632 4630
f 4626 4639 4627
f 4632 4403 4631
f 4403 4652 4631
f 4645 4647 4644
f 4645 4646 4647
f 4648 4646 4645
f 4648 4649 4646
f 4650 4649 4648
f 4650 4651 4649
f 4644 4651 4650
f 4644 4647 4651
f 4804 4640 4635
f 4804 4643 4640
f 4800 4643 4804
f 4800 4642 4643
f 4636 4642 4800
f 4636 4641 4642
f 4635 4641 4636
f 4635 4640 4641
f 4797 4637 4799
f 4797 4644 4637
f 4797 4645 4644
f 4781 4645 4797
f 4781 4648 4645
f 4638 4648 4781
f 4638 4650 4648
f 4637 4650 4638
f 4637 4644 4650
f 4649 4647 4646
f 4649 4651 4647
f 4733 4652 4403
f 4628 4627 4629
f 4639 4629 4627
f 4676 4655 4657
f 4655 4656 4657
f 4658 4660 4659
f 4661 4658 4659
f 4665 4663 4664
f 4669 4665 4664
f 4664 4663 4666
f 4668 4662 4992
f 4669 4664 4670
f 4670 4664 4666
f 4668 4667 4662
f 4671 4669 4670
f 4673 4672 4674
f 4680 4671 4670
f 4657 4656 4681
f 4676 4657 4681
f 4677 4679 4675
f 4681 4656 4678
f 4676 4681 4666
f 4993 4679 4677
f 4681 4678 4680
f 4681 4680 4670
f 4666 4681 4670
f 4682 4674 4672
f 4672 4673 4682
f 4653 4692 4693
f 4654 4692 4653
f 4686 4687 4729
f 4686 4685 4687
f 4949 4687 4685
f 4946 4686 4729
f 4729 4949 4946
f 4685 4946 4949
f 4684 4691 4690
f 4684 4683 4691
f 4692 4654 4693
f 4697 4695 4694
f 4697 4694 4696
f 4694 4698 4696
f 4694 4695 4698
f 4703 4697 4696
f 4696 4698 4699
f 4703 4696 4700
f 4696 4699 4700
f 4700 4699 4701
f 4704 4967 4702
f 4702 4967 4703
f 4702 4703 4705
f 4706 4702 4705
f 4706 4704 4702
f 4705 4703 4700
f 4706 4705 4700
f 4701 4706 4700
f 4707 4947 4689
f 4978 4947 4707
f 4978 4948 4947
f 4689 4708 4707
f 4708 4978 4707
f 4708 4709 4978
f 4630 4710 4711
f 4712 4721 4713
f 4714 4723 4715
f 4716 4725 4717
f 4718 4727 4719
f 4720 4712 4713
f 4721 4712 4720
f 4722 4714 4715
f 4723 4714 4722
f 4724 4716 4717
f 4725 4716 4724
f 4726 4718 4719
f 4727 4718 4726
f 4687 4728 4729
f 4949 4728 4687
f 4729 4728 4949
f 4969 5019 4730
f 4969 4951 5019
f 4403 4630 4733
f 4731 4652 4733
f 4734 4731 4733
f 5020 4735 4732
f 4732 4968 5020
f 4733 4630 4737
f 4734 4733 4737
f 4736 4734 4737
f 4738 4736 4737
f 4737 4630 4711
f 4738 4737 4711
f 4710 4738 4711
f 4743 4740 2596
f 2597 4741 2598
f 4741 2597 2599
f 4741 2599 2600
f 4742 2600 2601
f 4742 4741 2600
f 4743 2602 2603
f 4743 2596 2602
f 4745 2604 2605
f 4745 4744 2604
f 4741 2606 2598
f 4741 2607 2606
f 4741 4746 2607
f 4746 2569 2607
f 4739 2569 4746
f 4749 4750 5002
f 4751 4752 4404
f 4753 4754 4405
f 2656 4756 2659
f 2656 5015 4756
f 4755 3957 4634
f 4755 3960 3957
f 2659 5014 2660
f 2659 4756 5014
f 4634 3957 3954
f 4633 4757 4412
f 4757 3951 4412
f 4757 3954 3951
f 4761 4771 4760
f 4766 4762 4773
f 4764 4763 4761
f 4761 4767 4771
f 4767 4772 4771
f 4767 4768 4772
f 4769 4773 4762
f 4769 4770 4773
f 4770 4766 4773
f 4771 4772 4760
f 4761 4763 4775
f 4763 4776 4775
f 4763 4764 4776
f 4765 4774 4777
f 4777 4774 4778
f 4761 4775 4767
f 4775 4768 4767
f 4775 4776 4768
f 4778 4770 4769
f 4778 4774 4770
f 4774 4766 4770
f 4774 4765 4766
f 4785 4779 4782
f 4785 4780 4779
f 4786 4784 4787
f 4786 4783 4784
f 4788 4791 4790
f 4788 4789 4791
f 4792 4795 4794
f 4792 4793 4795
f 4783 4801 4784
f 4789 4802 4791
f 4793 4803 4795
f 4780 4748 4747
f 4780 4785 4748
f 4786 4750 4749
f 4786 4787 4750
f 4788 4752 4751
f 4788 4790 4752
f 4792 4754 4753
f 4792 4794 4754
f 4809 4811 4808
f 4809 4810 4811
f 4812 4810 4809
f 4812 4813 4810
f 4814 4813 4812
f 4814 4815 4813
f 4808 4815 4814
f 4808 4811 4815
f 4806 4807 4798
f 4806 4808 4807
f 4806 4809 4808
f 4805 4809 4806
f 4805 4812 4809
f 4796 4812 4805
f 4796 4814 4812
f 4807 4814 4796
f 4807 4808 4814
f 4813 4811 4810
f 4813 4815 4811
f 4759 4758 4820
f 4825 4822 4817
f 4759 4820 4818
f 4821 4823 4816
f 4819 4822 4825
f 4816 4823 4824
f 4824 4821 4816
f 4817 4819 4825
f 4759 4818 4758
f 4323 4324 4097
f 4325 4099 4098
f 4326 4099 4325
f 3961 4326 4324
f 4326 4325 4324
f 4098 4324 4325
f 3961 4324 3949
f 4324 4323 3949
f 4323 4097 3949
f 4322 4318 4321
f 4321 4318 4320
f 4320 4322 4321
f 4952 4113 4319
f 4116 4952 4319
f 4116 4113 4952
f 4314 4317 4316
f 4314 4315 4317
f 4316 4315 4314
f 4306 4307 4308
f 4307 4309 4308
f 4307 4306 4309
f 4310 4305 4311
f 4310 4311 4312
f 4311 4305 4312
f 4303 4304 4301
f 4304 4302 4301
f 4304 4303 4302
f 4216 4166 5007
f 4217 4248 4218
f 4219 4217 4218
f 4222 4223 4224
f 4266 4222 4224
f 4229 4230 4228
f 4231 4230 4229
f 4227 4230 4231
f 4234 4233 4232
f 4236 4233 4235
f 4232 4233 4236
f 4239 4238 4237
f 4240 4238 4239
f 4237 4238 4241
f 4261 4223 4222
f 4224 4223 4242
f 4245 4244 4243
f 4246 4244 4245
f 4243 4244 4247
f 4218 4248 4221
f 4251 4252 4250
f 4253 4252 4251
f 4249 4252 4253
f 4964 4227 4254
f 4964 4228 4227
f 4255 4228 4964
f 4255 4229 4228
f 4256 4229 4255
f 4256 4231 4229
f 4254 4231 4256
f 4254 4227 4231
f 4258 4232 4257
f 4258 4234 4232
f 4259 4234 4258
f 4259 4235 4234
f 4260 4235 4259
f 4260 4236 4235
f 4257 4236 4260
f 4257 4232 4236
f 4260 4237 4256
f 4260 4239 4237
f 4259 4239 4260
f 4259 4240 4239
f 4254 4240 4259
f 4254 4241 4240
f 4256 4241 4254
f 4256 4237 4241
f 4261 4222 4266
f 4262 4242 4261
f 4226 4242 4262
f 4226 4224 4242
f 4226 4243 4257
f 4226 4245 4243
f 4262 4245 4226
f 4262 4246 4245
f 4258 4246 4262
f 4258 4247 4246
f 4257 4247 4258
f 4257 4243 4247
f 4220 4218 4221
f 4263 4217 4219
f 4263 4248 4217
f 4221 4248 4263
f 4263 4249 4964
f 4263 4250 4249
f 4219 4250 4263
f 4219 4251 4250
f 4255 4251 4219
f 4255 4253 4251
f 4964 4253 4255
f 4964 4249 4253
f 4220 4219 4218
f 4220 4264 4219
f 4267 4224 4226
f 4267 4266 4224
f 4272 4269 4268
f 4272 4270 4269
f 4272 4268 4271
f 4275 4274 4273
f 4275 4276 4274
f 4275 4277 4276
f 4279 4280 4278
f 4279 4281 4280
f 4266 4267 4282
f 4267 4283 4282
f 4285 4286 4284
f 4285 4287 4286
f 4265 4220 4288
f 4265 4289 4264
f 4265 4288 4289
f 4293 4291 4290
f 4293 4290 4292
f 4268 4998 4294
f 4268 4269 4998
f 4269 4255 4998
f 4269 4270 4255
f 4270 4256 4255
f 4270 4271 4256
f 4271 4294 4256
f 4271 4268 4294
f 4273 4295 4257
f 4273 4274 4295
f 4274 4296 4295
f 4274 4276 4296
f 4276 4260 4296
f 4276 4277 4260
f 4277 4257 4260
f 4277 4273 4257
f 4279 4260 4256
f 4279 4278 4260
f 4278 4296 4260
f 4278 4280 4296
f 4280 4294 4296
f 4280 4281 4294
f 4281 4256 4294
f 4281 4279 4256
f 4266 4282 4297
f 4282 4298 4297
f 4282 4283 4298
f 4283 4226 4298
f 4283 4267 4226
f 4285 4226 4257
f 4285 4284 4226
f 4284 4298 4226
f 4284 4286 4298
f 4286 4295 4298
f 4286 4287 4295
f 4287 4257 4295
f 4287 4285 4257
f 4288 4220 4299
f 4264 4300 4219
f 4264 4289 4300
f 4289 4299 4300
f 4289 4288 4299
f 4290 4300 4998
f 4290 4291 4300
f 4291 4219 4300
f 4291 4293 4219
f 4293 4255 4219
f 4293 4292 4255
f 4292 4998 4255
f 4292 4290 4998
f 4108 4107 4225
f 4108 4225 4122
f 5007 4166 4214
f 4214 4166 4216
f 4102 4125 5006
f 4169 4167 4168
f 4171 4170 4172
f 4171 4212 4170
f 4175 4174 4173
f 4176 4174 4175
f 4173 4174 4177
f 4179 4180 4178
f 4181 4180 4179
f 4182 4180 4181
f 4185 4183 4184
f 4186 4183 4185
f 4187 4170 4212
f 4188 4170 4187
f 4191 4189 4190
f 4192 4189 4191
f 4195 4196 4194
f 4194 4196 4197
f 4199 4173 4198
f 4199 4175 4173
f 4200 4175 4199
f 4200 4176 4175
f 4201 4176 4200
f 4201 4177 4176
f 4198 4177 4201
f 4198 4173 4177
f 4203 4178 4202
f 4203 4179 4178
f 4204 4179 4203
f 4204 4181 4179
f 4205 4181 4204
f 4205 4182 4181
f 4202 4182 4205
f 4202 4178 4182
f 4205 4183 4201
f 4205 4184 4183
f 4204 4184 4205
f 4204 4185 4184
f 4198 4185 4204
f 4198 4186 4185
f 4201 4186 4198
f 4201 4183 4186
f 4207 4187 4212
f 4208 4187 4207
f 4208 4188 4187
f 4172 4188 4208
f 4172 4170 4188
f 4172 4189 4202
f 4172 4190 4189
f 4208 4190 4172
f 4208 4191 4190
f 4203 4191 4208
f 4203 4192 4191
f 4202 4192 4203
f 4202 4189 4192
f 4167 4193 4209
f 4210 4167 4169
f 4210 4193 4167
f 4209 4193 4210
f 4210 4194 4199
f 4210 4195 4194
f 4169 4195 4210
f 4169 4196 4195
f 4200 4196 4169
f 4200 4197 4196
f 4199 4197 4200
f 4199 4194 4197
f 4168 4211 4169
f 4211 4168 4167
f 4213 4212 4171
f 4213 4171 4172
f 4215 4201 4200
f 4215 4202 4205
f 4215 4205 4201
f 4215 4172 4202
f 4215 4213 4172
f 4211 4215 4169
f 4215 4200 4169
f 4105 4206 4106
f 4206 4118 4106
f 4124 4125 4102
f 4124 5006 4125
f 4163 4152 4576
f 4576 4152 4130
f 4147 4148 4149
f 4147 4165 4148
f 4148 4104 4149
f 4157 4137 4136
f 4157 4138 4137
f 4157 4139 4138
f 4158 4140 4143
f 4158 4142 4141
f 4158 4143 4142
f 4160 4144 4146
f 4160 4159 4144
f 4160 4146 4145
f 4162 4149 4151
f 4162 4161 4149
f 4162 4151 4150
f 4126 4163 4576
f 4164 4154 4153
f 4164 4155 4154
f 4164 4156 4155
f 4139 5008 4132
f 4139 4136 5008
f 4136 4127 5008
f 4136 4137 4127
f 4137 4134 4127
f 4137 4138 4134
f 4138 4132 4134
f 4138 4139 4132
f 4143 4128 4129
f 4143 4140 4128
f 4140 4133 4128
f 4140 4141 4133
f 4141 4135 4133
f 4141 4142 4135
f 4142 4129 4135
f 4142 4143 4129
f 4146 4135 4134
f 4146 4144 4135
f 4144 4133 4135
f 4144 4159 4133
f 4159 4132 4133
f 4159 4145 4132
f 4145 4134 4132
f 4145 4146 4134
f 4148 4165 4104
f 4165 4147 4161
f 4147 4149 4161
f 4151 4149 4129
f 4161 4150 4128
f 4150 4129 4128
f 4150 4151 4129
f 4152 4131 4130
f 4152 4163 4131
f 4163 4126 4131
f 4156 4131 5008
f 4156 4153 4131
f 4153 4130 4131
f 4153 4154 4130
f 4154 4127 4130
f 4154 4155 4127
f 4155 5008 4127
f 4155 4156 5008
f 4109 4607 4114
f 4111 4612 4117
f 4612 4611 4112
f 4110 4109 4114
f 4112 4611 4115
f 4117 4612 4112
f 4105 4106 4118
f 4117 4112 4115
f 4119 4120 4121
f 4107 4108 4122
f 4121 4120 4123
f 4120 4119 4123
f 4092 4621 4090
f 4092 4089 4621
f 4090 4089 4092
f 4090 4088 4089
f 4094 4619 4091
f 4094 4622 4619
f 4093 4622 4094
f 4100 4096 4095
f 4101 4096 4100
f 4101 4100 4095
f 4091 4093 4094
f 4087 4093 4091
f 4033 4085 4032
f 4086 4032 4085
f 4025 3984 4024
f 3977 4024 3984
f 4035 4036 4037
f 4035 4037 4034
f 4034 4036 4035
f 4018 4016 4015
f 4018 4017 4016
f 4017 4019 4016
f 4017 4020 4019
f 4020 4021 4019
f 4020 4022 4021
f 4022 4015 4021
f 4022 4018 4015
f 4009 4026 4027
f 4009 4010 4026
f 4010 4028 4026
f 4010 4011 4028
f 4011 4029 4028
f 4011 4012 4029
f 4012 4027 4029
f 4012 4009 4027
f 4013 4014 4030
f 4015 4030 4014
f 4015 4016 4030
f 4016 4023 4030
f 4016 4019 4023
f 4019 4031 4023
f 4019 4021 4031
f 4021 4014 4031
f 4021 4015 4014
f 4018 4020 4017
f 4018 4022 4020
f 4086 4085 3985
f 4085 4033 3985
f 4083 4055 4056
f 4073 4071 4072
f 4078 4075 4074
f 4078 4074 4077
f 4075 4078 4061
f 4079 4080 4076
f 4078 4077 3982
f 4061 4078 3982
f 4989 4080 4079
f 3982 4077 4082
f 4081 4063 4054
f 3982 4082 3983
f 4058 4065 4983
f 4059 4055 4060
f 4059 4056 4055
f 4060 4083 4061
f 4060 4055 4083
f 4058 4057 4065
f 3983 4059 4060
f 3983 4060 3982
f 3982 4060 4061
f 4063 4081 4062
f 4054 4063 4062
f 4066 4985 4064
f 4067 4084 4069
f 4069 4084 4068
f 4955 4954 4959
f 4070 4955 4960
f 4070 4960 4961
f 4959 4954 4961
f 5004 4070 4961
f 5004 4961 4954
f 4068 4067 4069
f 4005 4053 4006
f 4053 4005 4048
f 4047 4045 4046
f 4046 4045 4050
f 4049 4046 4050
f 4049 4047 4046
f 4050 4045 4051
f 4052 4049 4050
f 4050 4051 4039
f 4052 4050 4039
f 4038 4052 4039
f 4048 4006 4053
f 4043 4044 4042
f 4051 4043 4042
f 4051 4042 4040
f 4042 4041 4040
f 4042 4044 4041
f 4051 4040 4039
f 4040 4041 4039
f 4039 4041 4038
f 4004 4963 4962
f 4963 4977 4962
f 4963 4953 4977
f 4962 4007 4004
f 4977 4007 4962
f 4977 4008 4007
f 4003 3976 3978
f 3986 3999 3994
f 3988 4000 3995
f 3990 4001 3996
f 3997 4002 3998
f 3986 3994 3987
f 3994 3999 3987
f 3995 3989 3988
f 3995 4000 3989
f 3990 3996 3991
f 3996 4001 3991
f 3998 3992 3997
f 3998 4002 3992
f 3993 4960 4959
f 3993 4961 4960
f 3993 4959 4961
f 4959 4960 4955
f 3977 3984 3980
f 3984 3981 3980
f 3984 4025 3981
f 3980 3981 3979
f 3977 3980 3976
f 3980 3978 3976
f 3980 3979 3978
f 4003 3977 3976
f 3975 2472 2471
f 2472 3975 2473
f 2473 3975 2474
f 2474 3972 2475
f 2474 3975 3972
f 2476 2469 2477
f 2470 2469 2476
f 2478 3974 2479
f 2478 3973 3974
f 2480 3975 2471
f 2377 3975 2480
f 2377 3971 3975
f 2373 3971 2377
f 3971 2373 2372
f 3970 3964 3963
f 4103 3966 3965
f 3969 3968 3967
f 5016 2408 2405
f 5016 3958 2408
f 3957 3959 3955
f 3957 3960 3959
f 3952 2405 2403
f 3952 5016 2405
f 3954 3957 3955
f 3950 3953 3956
f 3951 3953 3950
f 3951 3954 3953
f 4389 4378 4375
f 4381 4380 4388
f 4379 4388 4377
f 4379 4374 4388
f 4376 4374 4379
f 4376 4373 4374
f 4378 4371 4375
f 4378 4372 4371
f 4389 4372 4378
f 4377 4376 4379
f 4387 4381 4388
f 4386 4381 4387
f 4386 4380 4381
f 4384 4383 4382
f 4384 4382 4385
f 4374 4387 4388
f 4373 4387 4374
f 4373 4386 4387
f 4372 4385 4371
f 4372 4384 4385
f 4389 4384 4372
f 4389 4383 4384
f 4965 4364 4332
f 4965 4363 4364
f 4355 4365 4366
f 4355 4354 4365
f 4357 4367 4368
f 4357 4356 4367
f 4359 4369 4370
f 4359 4358 4369
f 4360 4354 4355
f 4361 4356 4357
f 4362 4358 4359
f 3962 4363 4327
f 3962 4364 4363
f 3964 4365 3963
f 3964 4366 4365
f 3966 4367 3965
f 3966 4368 4367
f 3968 4369 3967
f 3968 4370 4369
f 4353 4344 4347
f 4353 4350 4344
f 4350 4345 4344
f 4350 4351 4345
f 4351 4346 4345
f 4351 4352 4346
f 4352 4347 4346
f 4352 4353 4347
f 4342 4343 4331
f 4347 4331 4343
f 4347 4344 4331
f 4344 4349 4331
f 4344 4345 4349
f 4345 4334 4349
f 4345 4346 4334
f 4346 4343 4334
f 4346 4347 4343
f 4353 4351 4350
f 4353 4352 4351
f 4340 4336 4339
f 4329 4348 4338
f 4339 4336 4328
f 4337 4341 4333
f 4338 4348 4335
f 4341 4337 4330
f 4337 4333 4330
f 4338 4335 4329
f 4340 4328 4336
f 4827 4837 4826
f 4837 4838 4826
f 4831 4836 4835
f 4836 4833 4834
f 4830 4831 4835
f 4830 4836 4831
f 4830 4832 4836
f 4832 4833 4836
f 4832 4834 4833
f 4832 4829 4834
f 4830 4829 4832
f 4827 4826 4828
f 4826 4838 4828
f 4862 4861 5011
f 4864 4849 4865
f 4865 4839 5011
f 4865 4849 4839
f 4839 4883 4841
f 4866 4970 4887
f 4971 4887 4888
f 4971 4866 4887
f 5003 4886 4884
f 4885 5003 4884
f 4885 4884 4886
f 4842 4841 4883
f 5003 4971 4888
f 5003 4972 4971
f 4972 4866 4971
f 4972 4970 4866
f 4867 4870 4868
f 4868 4871 4869
f 4868 4870 4871
f 4873 4870 4872
f 4873 4871 4870
f 4872 4870 4867
f 4872 4875 4873
f 4872 4867 4875
f 4871 4873 4874
f 4874 4869 4871
f 4877 4879 4876
f 4877 4878 4879
f 4881 4882 4880
f 4865 4860 4864
f 4864 4852 4849
f 4864 4860 4852
f 4860 4854 4852
f 4863 4861 4862
f 4856 4857 4855
f 4856 4851 4857
f 4856 4855 4851
f 4858 4859 4840
f 4848 4858 4850
f 4848 4859 4858
f 4859 4847 4840
f 4859 4848 4847
f 4853 4847 4848
f 4850 4853 4848
f 4846 4845 4843
f 4846 4844 4845
f 4841 4842 4839
f 3948 3911 3912
f 3912 3908 3948
f 4889 4891 4890
f 4890 3679 4889
f 4890 4891 3679
f 4973 4909 4908
f 4973 4910 4909
f 4973 4911 4910
f 4973 4912 4911
f 4973 4913 4912
f 4973 4914 4913
f 4973 4915 4914
f 4973 4916 4915
f 4973 4908 4916
f 4908 4909 4893
f 4908 4893 4892
f 4909 4894 4893
f 4909 4910 4895
f 4909 4895 4894
f 4910 4896 4895
f 4910 4911 4897
f 4910 4897 4896
f 4911 4898 4897
f 4911 4912 4899
f 4911 4899 4898
f 4912 4900 4899
f 4912 4913 4901
f 4912 4901 4900
f 4913 4902 4901
f 4913 4914 4903
f 4913 4903 4902
f 4914 4904 4903
f 4914 4915 4905
f 4914 4905 4904
f 4915 4906 4905
f 4915 4916 4906
f 4916 4907 4906
f 4916 4908 4892
f 4916 4892 4907
f 4933 4974 4941
f 4934 4974 4933
f 4935 4974 4934
f 4936 4974 4935
f 4937 4974 4936
f 4938 4974 4937
f 4939 4974 4938
f 4940 4974 4939
f 4941 4974 4940
f 4917 4933 4941
f 4917 4941 4932
f 4918 4933 4917
f 4919 4934 4933
f 4919 4933 4918
f 4920 4934 4919
f 4921 4935 4934
f 4921 4934 4920
f 4922 4935 4921
f 4923 4936 4935
f 4923 4935 4922
f 4924 4936 4923
f 4925 4937 4936
f 4925 4936 4924
f 4926 4937 4925
f 4927 4938 4937
f 4927 4937 4926
f 4928 4938 4927
f 4929 4939 4938
f 4929 4938 4928
f 4930 4939 4929
f 4930 4940 4939
f 4931 4940 4930
f 4932 4941 4940
f 4932 4940 4931
f 4073 4072 4986
f 4986 4987 4073
f 4072 4071 4988
f 4988 4986 4072
f 4076 4989 4079
f 4057 4983 4065
f 4064 4984 4066
f 4984 4985 4066
f 4659 4660 4991
f 4991 4990 4659
f 4661 4659 4990
f 4667 4992 4662
f 4675 4993 4677
f 4683 4994 4691
f 3185 3182 5012
f 5012 5013 3185
f 3169 3183 5017
f 5017 5018 3169
f 4951 4730 5019
f 4735 5020 4968
f 4688 4946 4948
f 4948 5001 4688
f 4948 5001 4946
f 4948 4946 5001
f 4688 5001 4950
f 5026 5027 5024
f 5026 5024 5025
f 5026 5025 5027
f 5022 5026 5023
f 5023 5026 5021
f 5021 5026 5022
f 5028 5031 5029
f 5029 5031 5030
f 5030 5031 5028
f 5031 5033 5529
f 5031 5529 5032
f 5031 5032 5033
f 5419 5420 5417
f 5419 5417 5418
f 5419 5418 5420
f 5363 5419 5364
f 5364 5419 5362
f 5362 5419 5363
f 5421 5424 5422
f 5422 5424 5423
f 5423 5424 5421
f 5424 5426 5567
f 5424 5567 5425
f 5424 5425 5426
f 5409 5410 5407
f 5409 5407 5408
f 5409 5408 5410
f 5366 5409 5367
f 5367 5409 5365
f 5365 5409 5366
f 5411 5414 5412
f 5412 5414 5413
f 5413 5414 5411
f 5414 5416 5566
f 5414 5566 5415
f 5414 5415 5416
f 5399 5400 5397
f 5399 5397 5398
f 5399 5398 5400
f 5369 5399 5370
f 5370 5399 5368
f 5368 5399 5369
f 5401 5404 5402
f 5402 5404 5403
f 5403 5404 5401
f 5404 5406 5565
f 5404 5565 5405
f 5404 5405 5406
f 5389 5390 5387
f 5389 5387 5388
f 5389 5388 5390
f 5372 5389 5373
f 5373 5389 5371
f 5371 5389 5372
f 5391 5394 5392
f 5392 5394 5393
f 5393 5394 5391
f 5394 5396 5564
f 5394 5564 5395
f 5394 5395 5396
f 5385 5386 5383
f 5385 5383 5384
f 5385 5384 5386
f 5375 5385 5376
f 5376 5385 5374
f 5374 5385 5375
f 5380 5379 5381
f 5381 5379 5382
f 5382 5379 5380
f 5379 5378 5563
f 5379 5563 5377
f 5379 5377 5378
f 5315 5555 5314
f 5316 5555 5315
f 5317 5555 5316
f 5314 5555 5317
f 5345 5556 5318
f 5347 5556 5345
f 5318 5556 5347
f 5319 5557 5320
f 5348 5557 5319
f 5320 5557 5348
f 5321 5558 5322
f 5349 5558 5321
f 5322 5558 5349
f 5350 5559 5323
f 5326 5559 5350
f 5323 5559 5326
f 5350 5324 5326
f 5326 5324 5350
f 5350 5325 5326
f 5327 5325 5350
f 5326 5325 5327
f 5327 5328 5326
f 5329 5328 5327
f 5326 5328 5329
f 5351 5330 5329
f 5352 5330 5351
f 5329 5330 5352
f 5321 5331 5352
f 5353 5331 5321
f 5352 5331 5353
f 5321 5332 5353
f 5322 5332 5321
f 5353 5332 5322
f 5329 5333 5326
f 5354 5333 5329
f 5326 5333 5354
f 5329 5334 5354
f 5353 5334 5329
f 5354 5334 5353
f 5319 5335 5353
f 5320 5335 5319
f 5353 5335 5320
f 5326 5560 5336
f 5337 5560 5326
f 5336 5560 5337
f 5326 5338 5337
f 5337 5338 5326
f 5326 5339 5337
f 5340 5339 5326
f 5337 5339 5340
f 5326 5341 5340
f 5354 5341 5326
f 5340 5341 5354
f 5354 5342 5355
f 5355 5342 5354
f 5353 5343 5355
f 5344 5343 5353
f 5355 5343 5344
f 5353 5346 5344
f 5345 5346 5353
f 5344 5346 5345
f 5345 5318 5524
f 5344 5345 5524
f 5357 5314 5356
f 5357 5315 5314
f 5358 5315 5357
f 5358 5316 5315
f 5359 5316 5358
f 5359 5317 5316
f 5356 5317 5359
f 5356 5314 5317
f 5524 5318 5561
f 5577 5345 5524
f 5577 5347 5345
f 5575 5347 5577
f 5561 5347 5575
f 5561 5318 5347
f 5579 5320 5577
f 5579 5319 5320
f 5579 5348 5319
f 5576 5348 5579
f 5576 5320 5348
f 5577 5320 5576
f 5522 5322 5579
f 5522 5349 5321
f 5578 5349 5522
f 5578 5322 5349
f 5579 5322 5578
f 5551 5323 5562
f 5551 5350 5323
f 5562 5323 5326
f 5360 5350 5551
f 5360 5327 5350
f 5520 5327 5360
f 5329 5327 5520
f 5520 5351 5329
f 5520 5352 5351
f 5329 5352 5353
f 5522 5352 5520
f 5522 5321 5352
f 5579 5322 5522
f 5353 5322 5579
f 5579 5319 5353
f 5577 5319 5579
f 5577 5320 5319
f 5353 5320 5577
f 5562 5336 5568
f 5326 5336 5562
f 5568 5337 5361
f 5568 5336 5337
f 5361 5340 5521
f 5361 5337 5340
f 5521 5340 5354
f 5354 5355 5521
f 5353 5355 5354
f 5521 5355 5523
f 5523 5355 5344
f 5577 5345 5353
f 5524 5345 5577
f 5523 5344 5524
f 5299 5275 5274
f 5299 5276 5275
f 5299 5283 5276
f 5299 5274 5283
f 5553 5298 5282
f 5553 5284 5298
f 5553 5282 5284
f 5554 5293 5277
f 5554 5285 5293
f 5554 5277 5285
f 5572 5292 5278
f 5572 5286 5292
f 5572 5278 5286
f 5580 5288 5287
f 5580 5295 5288
f 5580 5287 5295
f 5573 5288 5295
f 5573 5295 5288
f 5300 5288 5295
f 5300 5289 5288
f 5300 5295 5289
f 5301 5289 5295
f 5301 5279 5289
f 5301 5295 5279
f 5302 5290 5279
f 5302 5291 5290
f 5302 5279 5291
f 5303 5292 5291
f 5303 5552 5292
f 5303 5291 5552
f 5304 5292 5552
f 5304 5278 5292
f 5304 5552 5278
f 5305 5279 5295
f 5305 5280 5279
f 5305 5295 5280
f 5306 5279 5280
f 5306 5552 5279
f 5306 5280 5552
f 5307 5293 5552
f 5307 5277 5293
f 5307 5552 5277
f 5308 5295 5294
f 5308 5297 5295
f 5308 5294 5297
f 5574 5295 5297
f 5574 5297 5295
f 5309 5295 5297
f 5309 5296 5295
f 5309 5297 5296
f 5310 5295 5296
f 5310 5280 5295
f 5310 5296 5280
f 5311 5280 5281
f 5311 5281 5280
f 5312 5552 5281
f 5312 5282 5552
f 5312 5281 5282
f 5313 5552 5282
f 5313 5298 5552
f 5313 5282 5298
f 5274 5272 5273
f 5274 5275 5272
f 5275 5271 5272
f 5275 5276 5271
f 5276 5270 5271
f 5276 5283 5270
f 5283 5273 5270
f 5283 5274 5273
f 5282 5570 5525
f 5282 5298 5570
f 5298 5284 5570
f 5284 5571 5570
f 5284 5282 5571
f 5282 5525 5571
f 5277 5569 5570
f 5277 5293 5569
f 5293 5285 5569
f 5285 5582 5569
f 5285 5277 5582
f 5277 5570 5582
f 5292 5286 5581
f 5286 5278 5581
f 5278 5569 5581
f 5287 5265 5269
f 5287 5288 5265
f 5295 5287 5269
f 5288 5266 5265
f 5288 5289 5266
f 5289 5527 5266
f 5289 5279 5527
f 5279 5290 5527
f 5290 5291 5527
f 5291 5279 5552
f 5291 5526 5527
f 5291 5292 5526
f 5292 5581 5526
f 5278 5552 5569
f 5552 5293 5569
f 5293 5570 5569
f 5293 5277 5570
f 5277 5552 5570
f 5294 5269 5264
f 5294 5295 5269
f 5297 5264 5268
f 5297 5294 5264
f 5296 5268 5267
f 5296 5297 5268
f 5280 5296 5267
f 5281 5280 5267
f 5280 5281 5552
f 5281 5267 5525
f 5282 5281 5525
f 5552 5298 5570
f 5298 5525 5570
f 5298 5282 5525
f 5242 5583 5241
f 5242 5541 5583
f 5243 5541 5242
f 5243 5542 5541
f 5244 5542 5243
f 5244 5240 5542
f 5246 5546 5245
f 5246 5543 5546
f 5247 5543 5246
f 5247 5545 5543
f 5250 5545 5247
f 5250 5544 5545
f 5248 5544 5250
f 5227 5241 5260
f 5227 5242 5241
f 5226 5242 5227
f 5226 5243 5242
f 5249 5243 5226
f 5249 5244 5243
f 5226 5245 5249
f 5226 5246 5245
f 5222 5246 5226
f 5222 5247 5246
f 5250 5247 5222
f 5223 5250 5222
f 5251 5250 5223
f 5251 5248 5250
f 5253 5548 5252
f 5253 5547 5548
f 5254 5547 5253
f 5254 5549 5547
f 5255 5549 5254
f 5255 5550 5549
f 5256 5223 5211
f 5256 5251 5223
f 5257 5251 5256
f 5214 5252 5258
f 5214 5253 5252
f 5213 5253 5214
f 5213 5254 5253
f 5259 5254 5213
f 5259 5255 5254
f 5549 5548 5547
f 5549 5550 5548
f 5262 5240 5244
f 5260 5240 5262
f 5260 5261 5240
f 5241 5261 5260
f 5241 5583 5261
f 5245 5544 5248
f 5245 5546 5544
f 5262 5244 5249
f 5249 5245 5248
f 5262 5248 5251
f 5262 5249 5248
f 5252 5550 5255
f 5252 5548 5550
f 5257 5262 5251
f 5263 5262 5257
f 5263 5260 5262
f 5258 5255 5259
f 5258 5252 5255
f 5238 5227 5260
f 5239 5260 5263
f 5239 5238 5260
f 5528 5228 5231
f 5528 5534 5228
f 5534 5229 5228
f 5534 5535 5229
f 5535 5230 5229
f 5535 5536 5230
f 5540 5232 5234
f 5540 5537 5232
f 5537 5233 5232
f 5537 5538 5233
f 5538 5223 5233
f 5538 5539 5223
f 5539 5224 5223
f 5231 5227 5221
f 5231 5228 5227
f 5228 5226 5227
f 5228 5229 5226
f 5229 5225 5226
f 5229 5230 5225
f 5234 5226 5225
f 5234 5232 5226
f 5232 5222 5226
f 5232 5233 5222
f 5233 5223 5222
f 5533 5217 5220
f 5533 5530 5217
f 5530 5218 5217
f 5530 5531 5218
f 5531 5219 5218
f 5531 5532 5219
f 5223 5235 5211
f 5223 5224 5235
f 5220 5214 5215
f 5220 5217 5214
f 5217 5213 5214
f 5217 5218 5213
f 5218 5212 5213
f 5218 5219 5212
f 5533 5531 5530
f 5533 5532 5531
f 5536 5236 5230
f 5536 5221 5236
f 5536 5237 5221
f 5237 5231 5221
f 5237 5528 5231
f 5539 5234 5224
f 5539 5540 5234
f 5230 5236 5225
f 5224 5234 5225
f 5225 5236 5224
f 5236 5216 5224
f 5236 5221 5216
f 5532 5220 5219
f 5532 5533 5220
f 5224 5210 5235
f 5224 5216 5210
f 5219 5215 5212
f 5219 5220 5215
f 5221 5238 5216
f 5221 5227 5238
f 5216 5239 5210
f 5216 5238 5239
f 5166 5168 5167
f 5166 5170 5169
f 5169 5171 5168
f 5169 5172 5171
f 5170 5172 5169
f 5170 5173 5172
f 5167 5173 5170
f 5167 5174 5173
f 5168 5174 5167
f 5168 5171 5174
f 5170 5166 5175
f 5166 5167 5175
f 5167 5170 5175
f 5176 5166 5169
f 5176 5168 5166
f 5176 5169 5168
f 5177 5179 5178
f 5177 5181 5180
f 5180 5182 5179
f 5180 5183 5182
f 5181 5183 5180
f 5181 5184 5183
f 5178 5184 5181
f 5178 5185 5184
f 5179 5185 5178
f 5179 5182 5185
f 5181 5177 5186
f 5177 5178 5186
f 5178 5181 5186
f 5187 5177 5180
f 5187 5179 5177
f 5187 5180 5179
f 5190 5189 5188
f 5192 5188 5191
f 5194 5191 5189
f 5194 5193 5191
f 5193 5192 5191
f 5193 5195 5192
f 5195 5190 5192
f 5195 5196 5190
f 5196 5189 5190
f 5196 5194 5189
f 5197 5188 5192
f 5197 5190 5188
f 5197 5192 5190
f 5188 5198 5191
f 5189 5198 5188
f 5191 5198 5189
f 5201 5200 5199
f 5203 5199 5202
f 5205 5202 5200
f 5205 5204 5202
f 5204 5203 5202
f 5204 5206 5203
f 5206 5201 5203
f 5206 5207 5201
f 5207 5200 5201
f 5207 5205 5200
f 5208 5199 5203
f 5208 5201 5199
f 5208 5203 5201
f 5199 5209 5202
f 5200 5209 5199
f 5202 5209 5200
f 5122 5124 5123
f 5122 5126 5125
f 5125 5127 5124
f 5125 5128 5127
f 5126 5128 5125
f 5126 5129 5128
f 5123 5129 5126
f 5123 5130 5129
f 5124 5130 5123
f 5124 5127 5130
f 5126 5122 5131
f 5122 5123 5131
f 5123 5126 5131
f 5132 5122 5125
f 5132 5124 5122
f 5132 5125 5124
f 5133 5135 5134
f 5133 5137 5136
f 5136 5138 5135
f 5136 5139 5138
f 5137 5139 5136
f 5137 5140 5139
f 5134 5140 5137
f 5134 5141 5140
f 5135 5141 5134
f 5135 5138 5141
f 5137 5133 5142
f 5133 5134 5142
f 5134 5137 5142
f 5143 5133 5136
f 5143 5135 5133
f 5143 5136 5135
f 5146 5145 5144
f 5148 5144 5147
f 5150 5147 5145
f 5150 5149 5147
f 5149 5148 5147
f 5149 5151 5148
f 5151 5146 5148
f 5151 5152 5146
f 5152 5145 5146
f 5152 5150 5145
f 5153 5144 5148
f 5153 5146 5144
f 5153 5148 5146
f 5144 5154 5147
f 5145 5154 5144
f 5147 5154 5145
f 5157 5156 5155
f 5159 5155 5158
f 5161 5158 5156
f 5161 5160 5158
f 5160 5159 5158
f 5160 5162 5159
f 5162 5157 5159
f 5162 5163 5157
f 5163 5156 5157
f 5163 5161 5156
f 5164 5155 5159
f 5164 5157 5155
f 5164 5159 5157
f 5155 5165 5158
f 5156 5165 5155
f 5158 5165 5156
f 5078 5080 5079
f 5078 5082 5081
f 5081 5083 5080
f 5081 5084 5083
f 5082 5084 5081
f 5082 5085 5084
f 5079 5085 5082
f 5079 5086 5085
f 5080 5086 5079
f 5080 5083 5086
f 5082 5078 5087
f 5078 5079 5087
f 5079 5082 5087
f 5088 5078 5081
f 5088 5080 5078
f 5088 5081 5080
f 5089 5091 5090
f 5089 5093 5092
f 5092 5094 5091
f 5092 5095 5094
f 5093 5095 5092
f 5093 5096 5095
f 5090 5096 5093
f 5090 5097 5096
f 5091 5097 5090
f 5091 5094 5097
f 5093 5089 5098
f 5089 5090 5098
f 5090 5093 5098
f 5099 5089 5092
f 5099 5091 5089
f 5099 5092 5091
f 5102 5101 5100
f 5104 5100 5103
f 5106 5103 5101
f 5106 5105 5103
f 5105 5104 5103
f 5105 5107 5104
f 5107 5102 5104
f 5107 5108 5102
f 5108 5101 5102
f 5108 5106 5101
f 5109 5100 5104
f 5109 5102 5100
f 5109 5104 5102
f 5100 5110 5103
f 5101 5110 5100
f 5103 5110 5101
f 5113 5112 5111
f 5115 5111 5114
f 5117 5114 5112
f 5117 5116 5114
f 5116 5115 5114
f 5116 5118 5115
f 5118 5113 5115
f 5118 5119 5113
f 5119 5112 5113
f 5119 5117 5112
f 5120 5111 5115
f 5120 5113 5111
f 5120 5115 5113
f 5111 5121 5114
f 5112 5121 5111
f 5114 5121 5112
f 5067 5069 5068
f 5067 5071 5070
f 5070 5072 5069
f 5070 5073 5072
f 5071 5073 5070
f 5071 5074 5073
f 5068 5074 5071
f 5068 5075 5074
f 5069 5075 5068
f 5069 5072 5075
f 5071 5067 5076
f 5067 5068 5076
f 5068 5071 5076
f 5077 5067 5070
f 5077 5069 5067
f 5077 5070 5069
f 5045 5047 5046
f 5045 5049 5048
f 5048 5050 5047
f 5048 5051 5050
f 5049 5051 5048
f 5049 5052 5051
f 5046 5052 5049
f 5046 5053 5052
f 5047 5053 5046
f 5047 5050 5053
f 5049 5045 5054
f 5045 5046 5054
f 5046 5049 5054
f 5055 5045 5048
f 5055 5047 5045
f 5055 5048 5047
f 5058 5057 5056
f 5060 5056 5059
f 5062 5059 5057
f 5062 5061 5059
f 5061 5060 5059
f 5061 5063 5060
f 5063 5058 5060
f 5063 5064 5058
f 5064 5057 5058
f 5064 5062 5057
f 5065 5056 5060
f 5065 5058 5056
f 5065 5060 5058
f 5056 5066 5059
f 5057 5066 5056
f 5059 5066 5057
f 5037 5038 5044
f 5036 5044 5035
f 5043 5035 5038
f 5043 5040 5035
f 5040 5036 5035
f 5040 5041 5036
f 5041 5037 5036
f 5041 5042 5037
f 5042 5038 5037
f 5042 5043 5038
f 5039 5044 5036
f 5039 5037 5044
f 5039 5036 5037
f 5044 5034 5035
f 5038 5034 5044
f 5035 5034 5038
f 5478 5476 5477
f 5478 5475 5476
f 5479 5475 5478
f 5480 5475 5479
f 5481 5475 5480
f 5481 5476 5475
f 5483 5484 5482
f 5485 5483 5482
f 5486 5483 5485
f 5487 5483 5486
f 5488 5483 5487
f 5488 5484 5483
f 5477 5490 5478
f 5477 5489 5490
f 5490 5488 5487
f 5490 5489 5488
f 5478 5491 5479
f 5478 5490 5491
f 5491 5487 5486
f 5491 5490 5487
f 5479 5492 5480
f 5479 5491 5492
f 5492 5486 5485
f 5492 5491 5486
f 5480 5493 5481
f 5480 5492 5493
f 5493 5485 5482
f 5493 5492 5485
f 5497 5495 5496
f 5497 5494 5495
f 5498 5494 5497
f 5499 5494 5498
f 5500 5494 5499
f 5500 5495 5494
f 5502 5503 5501
f 5504 5502 5501
f 5505 5502 5504
f 5506 5502 5505
f 5507 5502 5506
f 5507 5503 5502
f 5496 5509 5497
f 5496 5508 5509
f 5509 5507 5506
f 5509 5508 5507
f 5497 5510 5498
f 5497 5509 5510
f 5510 5506 5505
f 5510 5509 5506
f 5498 5511 5499
f 5498 5510 5511
f 5511 5505 5504
f 5511 5510 5505
f 5499 5512 5500
f 5499 5511 5512
f 5512 5504 5501
f 5512 5511 5504
f 5514 5436 5513
f 5514 5429 5436
f 5517 5435 5516
f 5517 5515 5435
f 5513 5519 5514
f 5513 5518 5519
f 5519 5517 5516
f 5519 5518 5517
f 5514 5434 5429
f 5514 5519 5434
f 5434 5516 5435
f 5434 5519 5516
f 5456 5459 5458
f 5456 5457 5459
f 5457 5460 5459
f 5457 5461 5460
f 5457 5462 5461
f 5457 5456 5462
f 5465 5463 5464
f 5465 5464 5466
f 5464 5467 5466
f 5464 5468 5467
f 5464 5469 5468
f 5464 5463 5469
f 5471 5458 5459
f 5471 5470 5458
f 5469 5471 5468
f 5469 5470 5471
f 5472 5459 5460
f 5472 5471 5459
f 5468 5472 5467
f 5468 5471 5472
f 5473 5460 5461
f 5473 5472 5460
f 5467 5473 5466
f 5467 5472 5473
f 5474 5461 5462
f 5474 5473 5461
f 5466 5474 5465
f 5466 5473 5474
f 5437 5440 5439
f 5437 5438 5440
f 5438 5441 5440
f 5438 5442 5441
f 5438 5443 5442
f 5438 5437 5443
f 5446 5444 5445
f 5446 5445 5447
f 5445 5448 5447
f 5445 5449 5448
f 5445 5450 5449
f 5445 5444 5450
f 5452 5439 5440
f 5452 5451 5439
f 5450 5452 5449
f 5450 5451 5452
f 5453 5440 5441
f 5453 5452 5440
f 5449 5453 5448
f 5449 5452 5453
f 5454 5441 5442
f 5454 5453 5441
f 5448 5454 5447
f 5448 5453 5454
f 5455 5442 5443
f 5455 5454 5442
f 5447 5455 5446
f 5447 5454 5455
f 5436 5428 5427
f 5436 5429 5428
f 5435 5430 5431
f 5435 5515 5430
f 5433 5427 5428
f 5433 5432 5427
f 5430 5433 5431
f 5430 5432 5433
f 5434 5428 5429
f 5434 5433 5428
f 5431 5434 5435
f 5431 5433 5434
