# Acoustic Mesh Export
v 7.2215 16.1672 3.9033
v 7.2215 16.1672 3.8533
v 7.2215 16.3285 3.6921
v 7.2115 18.5172 3.7508
v 7.2215 18.4860 3.6921
v 7.2215 16.3285 0.9933
v 7.2800 18.1662 1.0288
v 7.2690 18.1972 0.9933
v 7.2690 18.1972 1.0333
v 7.2640 18.3872 0.9933
v 7.2800 16.6482 1.0288
v 7.2690 16.6172 1.0333
v 7.2665 16.5222 0.9933
v 7.1265 16.1672 3.8533
v 7.1115 16.1672 3.9033
v 7.1365 16.1672 3.8533
v 7.1677 16.2172 3.8158
v 7.1677 18.6222 3.8283
v 7.1115 18.6472 3.9033
v 7.1265 18.6472 3.8533
v 7.4707 18.0099 3.2777
v 7.4375 18.1096 3.1264
v 7.2935 16.8033 3.2802
v 7.4375 18.1572 1.0333
v 7.3655 18.0487 3.3183
v 7.5848 17.4056 3.3633
v 7.5815 16.7822 3.3633
v 7.5815 16.7822 3.3233
v 7.5814 16.7973 3.2883
v 7.5815 16.8072 3.2433
v 7.2935 16.7462 3.2266
v 7.4581 16.7023 3.1247
v 7.2725 18.1807 1.0098
v 7.2725 18.1807 1.0333
v 7.2725 16.6337 1.0333
v 7.2725 16.6337 1.0098
v 7.2095 18.4772 3.6833
v 7.2015 18.4672 3.6733
v 7.2015 18.4522 0.9933
v 7.2015 18.4522 3.6583
v 7.2095 18.4422 0.9933
v 7.2095 18.4422 3.6483
v 7.2215 16.3797 3.6408
v 7.2420 18.4232 3.6293
v 7.2585 18.4087 3.6148
v 7.2640 18.3872 3.5933
v 7.2690 18.1972 3.4033
v 7.2725 18.1807 3.3868
v 7.2800 18.1662 3.3723
v 7.2095 16.3372 3.6833
v 7.2095 16.3372 0.9933
v 7.2015 16.3472 3.6733
v 7.2015 16.3472 0.9933
v 7.2015 16.3622 3.6583
v 7.2015 16.3622 0.9933
v 7.2095 16.3722 3.6483
v 7.2420 16.3912 3.6293
v 7.2420 16.3912 0.9933
v 7.2585 16.4057 3.6148
v 7.2585 16.4057 0.9933
v 7.2640 16.4272 3.5933
v 7.2690 16.6172 3.4033
v 7.2725 16.6337 3.3868
v 7.2800 16.6482 3.3723
v 7.1890 16.2972 3.7583
v 7.2015 16.3272 3.6933
v 7.1865 18.4872 3.7433
v 7.2015 18.4872 3.6933
v 7.5815 18.0417 3.2198
v 7.5848 17.4056 1.0333
v 7.4375 16.6572 1.0333
v 7.2215 18.4347 3.6408
v 7.2215 16.3797 0.9933
v 0.0015 17.4072 -0.0067
v 0.0015 34.8172 -0.0067
v 7.8015 8.7022 -0.0067
v 0.0015 -0.0028 -0.0067
v -7.7985 13.0547 -0.0067
v -7.2185 25.5122 0.9933
v 0.0015 17.4072 0.9933
v 7.2420 21.4597 0.9933
v -7.2185 1.1972 0.9933
v -0.3975 33.6172 9.1296
v -0.6385 33.6647 7.8533
v -0.7261 33.6611 8.0736
v 0.6415 33.6647 7.8533
v 0.7924 33.6576 8.0075
v 0.0015 33.6892 8.1433
v -0.6208 33.7096 5.7422
v -0.6385 33.6647 5.7633
v -0.8285 33.6598 5.7233
v 0.6415 33.6647 5.7633
v 0.8315 33.6598 5.7233
v -0.4513 33.8735 7.7676
v -0.5509 33.8332 7.6163
v 0.4483 33.6892 7.7407
v 0.4765 33.6892 7.7183
v 0.4629 33.6892 7.7848
v -0.4830 33.9772 7.7098
v -0.4900 33.7612 7.7977
v 0.4765 33.9772 7.8533
v 0.0065 33.9797 7.8533
v 0.4765 33.9772 7.8133
v 0.4555 33.9772 7.7768
v 0.4673 33.9772 7.7727
v 0.4515 33.9772 7.7333
v 0.4800 33.9772 7.7158
v 0.5564 33.8538 7.6147
v 0.6015 33.9772 5.7633
v -0.3833 33.5912 9.1238
v -0.7271 33.5933 8.7729
v 0.0015 33.7673 9.1031
v -0.8812 33.5938 8.3776
v -0.8935 33.5972 8.1433
v -0.6148 33.6720 8.1411
v 0.0090 33.5930 9.2769
v 0.7021 33.5915 8.8111
v 0.8822 33.5981 8.3339
v 0.8463 33.6533 8.3185
v 0.8955 33.5979 8.3643
v 0.8965 33.5972 8.1433
v 0.8547 33.6172 8.3648
v -0.9185 33.6052 7.8533
v -0.9085 33.5972 7.8533
v -0.9114 33.5979 8.1335
v -0.8935 33.5972 7.8533
v -0.8835 33.6052 7.8533
v -0.8500 33.6542 7.8533
v -0.8433 33.6533 8.3185
v -0.9185 33.6052 5.7233
v -0.9085 33.5972 5.7233
v -0.8935 33.5972 5.7233
v -0.8835 33.6052 5.7233
v -0.8500 33.6542 5.7233
v -0.6220 33.6682 7.8533
v 0.5390 33.6892 7.8533
v 0.6250 33.6682 8.1198
v 0.9215 33.6052 7.8533
v 0.9115 33.5972 7.8533
v 0.8965 33.5972 7.8533
v 0.8865 33.6052 7.8533
v 0.8675 33.6377 7.8533
v 0.8530 33.6542 7.8533
v 0.7950 33.5943 8.6505
v 0.6250 33.6682 7.8533
v -0.6220 33.6682 5.7633
v 0.9115 33.5972 5.7233
v 0.8965 33.5972 5.7233
v 0.8865 33.6052 5.7233
v 0.8790 33.6172 5.7233
v 0.8675 33.6377 5.7233
v 0.8530 33.6542 5.7233
v 0.6250 33.6682 5.7633
v 0.6250 33.6682 5.7398
v -0.8024 33.6172 8.6680
v 0.0015 33.6172 9.3010
v 0.4005 33.6172 9.1296
v 0.7193 33.6172 8.7967
v -0.9273 33.6172 7.8533
v -0.8760 33.6172 7.8533
v -0.9273 33.6172 5.7233
v -0.0133 33.6172 9.1320
v -0.8760 33.6172 5.7233
v -0.8518 33.6172 8.3648
v -0.9171 33.6172 8.2985
v -0.6075 33.6757 8.1388
v 0.9201 33.6172 8.2985
v 0.0015 33.6172 9.2489
v 0.6177 33.6720 8.1411
v 0.6105 33.6757 8.1388
v 0.4860 33.6892 7.7098
v 0.9302 33.6172 7.8533
v 0.8790 33.6172 7.8533
v 0.6105 33.6757 5.7588
v 0.6105 33.6757 7.8578
v 0.6015 33.6892 5.7633
v 0.0065 33.9797 5.7633
v 0.4885 33.9772 7.7063
v 0.3818 33.5925 9.1229
v 0.9144 33.5979 8.1335
v -0.8645 33.6377 7.8533
v -0.8645 33.6377 5.7233
v 0.6250 33.6682 7.8768
v 0.9215 33.6052 5.7233
v -7.2185 16.4785 3.1233
v -7.2185 16.5038 3.6447
v -7.2185 16.6034 3.9380
v -7.2185 16.8851 4.3051
v -7.2185 17.4072 4.5710
v -7.2185 17.6719 4.4772
v -7.2185 18.0702 4.1216
v -7.2185 18.3107 3.6447
v -7.2185 18.3360 3.1233
v -7.2660 16.7672 3.1233
v -7.2605 16.6404 3.2753
v -7.2770 16.7982 3.1278
v -7.2660 18.0472 3.1633
v -7.2660 18.0472 3.1233
v -7.2905 17.4072 3.4133
v -7.2733 18.0235 3.4111
v -7.2770 16.7982 1.0288
v -7.2905 16.8072 1.0333
v -7.2660 16.7672 0.9933
v -7.2660 16.7672 1.0333
v -7.2611 16.5772 0.9933
v -7.2905 18.0072 1.0333
v -7.2770 18.0162 1.0288
v -7.2660 18.0472 1.0333
v -7.2660 18.0472 0.9933
v -7.2611 18.2372 0.9933
v -7.2905 16.9485 3.0667
v -7.5330 16.9557 3.0297
v -7.4345 16.8549 2.8864
v -7.4551 17.9621 2.8847
v -7.4505 17.8638 3.0422
v -7.5785 17.8942 2.9763
v -7.2905 16.9305 3.0121
v -7.2905 16.8697 3.1233
v -7.5785 17.8822 3.1233
v -7.5810 17.4072 3.1233
v -7.2905 17.9135 3.0558
v -7.5785 17.4072 1.0333
v -7.5785 17.9920 3.7183
v -7.1954 16.7155 4.1088
v -7.1993 16.5265 3.6039
v -7.1992 16.5132 3.6343
v -7.1992 16.4944 3.4035
v -7.1985 16.5122 3.4133
v -7.2733 16.7910 3.4111
v -7.1939 17.6946 4.4505
v -7.2546 18.2521 3.5885
v -7.2669 18.0477 3.3868
v -7.1992 18.3201 3.4035
v -7.1942 18.2840 3.6907
v -7.1985 18.3022 3.4133
v -7.2065 16.4872 3.1233
v -7.1985 16.4972 3.1233
v -7.1985 16.5122 3.1233
v -7.2065 16.5222 3.1233
v -7.2390 16.5412 3.1233
v -7.2555 16.5557 3.1233
v -7.2546 16.5624 3.5885
v -7.2065 16.4872 0.9933
v -7.1985 16.4972 0.9933
v -7.1985 16.5122 0.9933
v -7.2065 16.5222 0.9933
v -7.2185 17.0285 4.1039
v -7.2390 16.5412 0.9933
v -7.2555 16.5557 0.9933
v -7.1910 17.3327 4.5528
v -7.3445 17.0056 4.0814
v -7.2695 16.7837 3.3898
v -7.2695 16.7837 3.1233
v -7.2695 16.7837 3.1468
v -7.2695 18.0307 3.3898
v -7.2695 18.0307 3.1468
v -7.2065 18.3272 3.1233
v -7.1985 18.3172 3.1233
v -7.1985 18.3022 3.1233
v -7.2065 18.2922 3.1233
v -7.2390 18.2732 3.1233
v -7.2555 18.2587 3.1233
v -7.2866 17.5773 4.3738
v -7.1943 18.0528 4.1561
v -7.2743 17.9896 3.6369
v -7.2611 18.2353 3.4990
v -7.2695 18.0307 3.1233
v -7.2695 16.7837 1.0333
v -7.2065 18.3272 0.9933
v -7.1985 18.3172 0.9933
v -7.1985 18.3022 0.9933
v -7.2065 18.2922 0.9933
v -7.2390 18.2732 0.9933
v -7.2555 18.2587 0.9933
v -7.2695 18.0307 1.0333
v -7.2695 18.0307 1.0098
v -7.5785 16.9227 2.9798
v -7.2185 16.5540 3.6348
v -7.2185 18.0829 4.0385
v -7.2185 16.5297 3.1233
v -7.2185 16.5297 0.9933
v -7.2185 16.9252 4.2594
v -7.2770 16.7982 3.4088
v -7.2770 18.0162 3.4088
v -7.2185 18.2847 3.1233
v -7.2185 18.2605 3.6348
v -7.2185 17.6450 4.4226
v -7.2770 18.0162 3.1278
v -7.2185 18.2847 0.9933
v -7.2695 16.7837 1.0098
v 7.2190 20.8772 4.0634
v 7.2215 13.9372 2.3733
v 7.2190 13.9372 4.0634
v 7.2214 12.8955 4.3615
v 7.2215 12.0772 2.3733
v 7.2190 12.0772 4.0634
v 7.2212 21.4690 4.3372
v 7.2210 22.7372 4.3133
v 7.2210 22.5172 4.3133
v 7.2215 22.7372 2.3733
v 7.2190 22.7372 4.0634
v 7.2165 13.6572 4.0633
v 7.2726 13.0073 4.2142
v 7.2165 12.3572 4.0633
v 7.2184 21.8073 4.1838
v 7.2181 21.5727 4.1646
v 7.2181 22.0418 4.1646
v 7.2173 22.2760 4.1210
v 7.2178 21.4468 4.1438
v 7.2173 21.3225 4.1149
v 7.2168 21.2154 4.0828
v 7.2165 21.1572 4.0633
v 7.2165 22.4572 4.0633
v 7.3265 22.0227 4.1829
v 7.3265 21.1747 4.0759
v 7.2215 12.1272 2.4233
v 7.2215 13.8872 2.4233
v 7.2215 13.8872 4.0133
v 7.2215 12.1272 4.0133
v 7.2265 12.1772 2.4733
v 7.2265 13.8372 2.4733
v 7.2265 13.8372 3.9633
v 7.2265 12.1772 3.9633
v 7.2365 12.1772 2.4733
v 7.2365 13.8372 2.4733
v 7.2365 13.8372 3.9633
v 7.2365 12.1772 3.9633
v 7.2415 12.2072 2.5033
v 7.2415 13.8072 2.5033
v 7.2415 13.8072 3.9333
v 7.2415 12.2072 3.9333
v 7.2465 12.2372 2.5333
v 7.2465 13.7772 2.5333
v 7.2465 13.7772 3.9033
v 7.2465 12.2372 3.9033
v 7.2565 12.2372 2.5333
v 7.2565 13.7772 2.5333
v 7.2565 13.7772 3.9033
v 7.2565 12.2372 3.9033
v 7.2565 12.2872 2.5833
v 7.2565 13.7272 2.5833
v 7.2565 13.7272 3.8533
v 7.2565 12.2872 3.8533
v 7.2665 12.2872 2.5833
v 7.2665 13.7272 2.5833
v 7.3260 13.0071 2.6231
v 7.2951 13.6972 3.8293
v 7.3165 12.3171 3.8232
v 7.2215 20.9272 2.4233
v 7.2215 22.6872 2.4233
v 7.2215 20.9272 4.0133
v 7.2215 22.6872 4.0133
v 7.2265 20.9772 2.4733
v 7.2265 22.6372 2.4733
v 7.2265 20.9772 3.9633
v 7.2265 22.6372 3.9633
v 7.2365 20.9772 2.4733
v 7.2365 22.6372 2.4733
v 7.2365 20.9772 3.9633
v 7.2365 22.6372 3.9633
v 7.2415 21.0072 2.5033
v 7.2415 22.6072 2.5033
v 7.2415 21.0072 3.9333
v 7.2415 22.6072 3.9333
v 7.2465 21.0372 2.5333
v 7.2465 22.5772 2.5333
v 7.2465 21.0372 3.9033
v 7.2465 22.5772 3.9033
v 7.2565 21.0372 2.5333
v 7.2565 22.5772 2.5333
v 7.2565 21.0372 3.9033
v 7.2565 22.5772 3.9033
v 7.2565 21.0872 2.5833
v 7.2565 22.5272 2.5833
v 7.2565 21.0872 3.8533
v 7.2565 22.5272 3.8533
v 7.2665 21.0872 2.5833
v 7.2665 22.5272 2.5833
v 7.2951 21.1172 3.8293
v 7.3165 22.4972 3.8233
v 7.3265 21.8072 2.6233
v 2.8515 22.0472 6.8333
v 2.6818 21.8072 6.8333
v 2.5458 22.1129 6.7833
v 2.5458 21.5016 6.7833
v 3.1572 22.1129 6.7833
v 3.1572 21.5016 6.7833
v 2.8515 26.4472 6.8333
v 2.6818 26.2072 6.8333
v 2.5458 26.5129 6.7833
v 2.5458 25.9016 6.7833
v 3.1572 26.5129 6.7833
v 3.1572 25.9016 6.7833
v 2.6818 13.0072 6.8333
v 2.5458 12.7016 6.7833
v 2.5458 13.3129 6.7833
v 3.1572 12.7016 6.7833
v 3.1572 13.3129 6.7833
v 2.6818 8.7769 6.8333
v 2.6818 8.4375 6.8333
v 2.5458 8.3016 6.7833
v 2.5458 8.9129 6.7833
v 3.1572 8.3016 6.7833
v 3.1572 8.9129 6.7833
v -2.6788 21.8072 6.8333
v -2.5428 22.1129 6.7833
v -2.5428 21.5016 6.7833
v -3.1542 22.1129 6.7833
v -3.1542 21.5016 6.7833
v -2.6788 26.0375 6.8333
v -2.6788 26.3769 6.8333
v -2.5428 26.5129 6.7833
v -2.5428 25.9016 6.7833
v -3.1542 26.5129 6.7833
v -3.1542 25.9016 6.7833
v -2.6788 13.0072 6.8333
v -2.7972 12.8245 6.9075
v -2.5428 12.7016 6.7833
v -2.5428 13.3129 6.7833
v -3.1542 12.7016 6.7833
v -3.1542 13.3129 6.7833
v -2.8485 8.3672 6.8333
v -2.6788 8.6072 6.8333
v -2.5428 8.3016 6.7833
v -2.5428 8.9129 6.7833
v -3.1542 8.3016 6.7833
v -3.1542 8.9129 6.7833
v 0.0015 28.8972 6.8333
v -0.1682 28.8269 6.8333
v -0.1682 28.4875 6.8333
v -0.3042 28.9629 6.7833
v -0.3042 28.3516 6.7833
v 0.3072 28.9629 6.7833
v 0.3072 28.3516 6.7833
v 2.5458 17.7129 6.7833
v 2.5458 17.1016 6.7833
v 3.1572 17.7129 6.7833
v 3.1572 17.1016 6.7833
v 2.7886 17.5179 6.9180
v 2.6818 17.4072 6.8333
v -0.1682 6.1572 6.8333
v -0.3042 5.8516 6.7833
v -0.3042 6.4629 6.7833
v 0.3072 5.8516 6.7833
v 0.3072 6.4629 6.7833
v -2.5428 17.7129 6.7833
v -2.5428 17.1016 6.7833
v -3.1542 17.7129 6.7833
v -3.1542 17.1016 6.7833
v -2.6788 17.4072 6.8333
v -2.6677 17.2358 6.8890
v 2.5494 21.5051 6.8333
v 2.6115 21.5672 6.8333
v 2.5494 22.1094 6.8333
v 3.1536 21.5051 6.8333
v 3.1536 22.1094 6.8333
v 3.0915 22.0472 6.8333
v 2.5494 25.9051 6.8333
v 2.5494 26.5094 6.8333
v 3.1536 25.9051 6.8333
v 3.1536 26.5094 6.8333
v 3.0915 26.4472 6.8333
v 2.5494 13.3094 6.8333
v 3.1536 13.3094 6.8333
v 3.1536 12.7051 6.8333
v 2.6115 8.8472 6.8333
v 2.5494 8.9094 6.8333
v -2.5464 21.5051 6.8333
v -3.1524 21.5033 6.8308
v -2.6085 25.9672 6.8333
v -2.5464 25.9051 6.8333
v -3.1524 25.9033 6.8308
v -2.5464 13.3094 6.8333
v -2.6085 13.2472 6.8333
v -2.5464 12.7051 6.8333
v -3.1524 13.0072 6.8308
v -2.5464 8.9094 6.8333
v -2.5464 8.3051 6.8333
v -3.1524 8.9111 6.8308
v -3.1524 8.3033 6.8308
v -3.0885 8.3672 6.8333
v -0.3006 28.3551 6.8333
v -0.2385 28.4172 6.8333
v -0.3006 28.9594 6.8333
v 0.3036 28.3551 6.8333
v 0.3036 28.9594 6.8333
v 0.2415 28.8972 6.8333
v 2.5494 17.1051 6.8333
v 2.5494 17.7094 6.8333
v 3.1536 17.1051 6.8333
v 3.1536 17.7094 6.8333
v -0.3006 6.4594 6.8333
v 0.3036 6.4594 6.8333
v -2.5464 17.1051 6.8333
v -3.1524 17.1033 6.8308
v -3.1524 17.7111 6.8308
v 3.0980 26.1909 6.8886
v 2.6720 26.0412 6.8912
v 2.7096 26.3669 6.8987
v 2.6053 12.9887 6.8918
v 3.0210 8.7361 6.8996
v 2.7345 8.4122 6.8415
v -2.6023 21.8258 6.8918
v -3.0171 26.0790 6.9001
v -2.7315 26.4023 6.8415
v -2.8055 13.2399 6.8979
v -3.0949 8.6235 6.8887
v -2.6690 8.7732 6.8912
v -2.7066 8.4476 6.8987
v 0.1472 28.5257 6.9027
v 0.1826 6.2692 6.8861
v -0.2160 6.2695 6.8920
v -0.1179 5.9529 6.8409
v 2.8002 21.9900 6.9075
v 3.0203 21.6866 6.8980
v 2.6273 21.8859 6.8900
v 2.5458 22.1129 6.8283
v 3.1572 22.1129 6.8283
v 3.1572 21.5016 6.8283
v 2.5458 21.5016 6.8283
v 2.8465 26.3256 6.9157
v 2.5458 26.5129 6.8283
v 3.1572 26.5129 6.8283
v 3.1572 25.9016 6.8283
v 2.5458 25.9016 6.8283
v 3.0357 12.8780 6.8811
v 2.9711 13.2129 6.8866
v 2.5494 12.7051 6.8333
v 2.5458 12.7016 6.8283
v 3.1572 13.3129 6.8283
v 3.1572 12.7016 6.8283
v 2.5458 13.3129 6.8283
v 2.6395 8.5208 6.8917
v 2.5494 8.3051 6.8333
v 2.5458 8.3016 6.8283
v 3.1572 8.9129 6.8283
v 2.5458 8.9129 6.8283
v -3.0326 21.9366 6.8809
v -2.9681 21.6016 6.8866
v -2.5464 22.1094 6.8333
v -2.5428 22.1129 6.8283
v -2.5428 21.5016 6.8283
v -2.6365 26.2937 6.8917
v -2.5464 26.5094 6.8333
v -2.5428 26.5129 6.8283
v -2.5428 25.9016 6.8283
v -3.0944 13.0111 6.8852
v -2.6243 12.9286 6.8900
v -2.5428 12.7016 6.8283
v -2.5428 13.3129 6.8283
v -2.8435 8.4906 6.9164
v -2.5428 8.3016 6.8283
v -2.5428 8.9129 6.8283
v -0.0098 28.8060 6.9057
v -0.2013 28.7555 6.8885
v -0.1153 28.8535 6.8403
v -0.3042 28.9629 6.8283
v 0.3072 28.9629 6.8283
v 0.3072 28.3516 6.8283
v -0.3042 28.3516 6.8283
v 3.0326 17.5401 6.8813
v 2.6017 17.4193 6.8954
v 2.5458 17.7129 6.8283
v 2.5458 17.1016 6.8283
v 2.9342 17.1835 6.8888
v 3.1572 17.7129 6.8283
v 3.1572 17.1016 6.8283
v 0.1892 6.0300 6.8851
v 0.1714 5.9122 6.8599
v -0.3006 5.8551 6.8333
v -0.3042 5.8516 6.8283
v 0.3072 6.4629 6.8283
v 0.3072 5.8516 6.8283
v -0.3042 6.4629 6.8283
v -2.7344 17.5831 6.8883
v -2.5464 17.7094 6.8333
v -2.5428 17.7129 6.8283
v -2.5428 17.1016 6.8283
v -3.0926 17.4338 6.8864
v 2.6115 22.0472 6.8333
v 2.6115 26.4472 6.8333
v -3.1524 22.1111 6.8308
v -2.6085 8.3672 6.8333
v -0.2385 28.8972 6.8333
v 2.7425 12.8441 6.9433
v 2.8324 8.4017 6.9079
v -2.7395 21.9703 6.9433
v -2.9229 26.3530 6.8904
v -0.0176 5.9517 6.9079
v -2.8030 17.5851 6.9163
v -3.1524 13.3111 6.8308
v -2.0700 28.3272 10.1320
v 0.2391 28.8222 9.7720
v -2.3712 28.3272 9.1818
v -2.0969 28.3272 9.9131
v 0.6654 28.3272 10.0995
v 0.8340 28.3272 10.2910
v 2.3371 28.3272 9.7177
v -1.2511 6.4872 10.1820
v -0.3601 5.9922 9.7639
v -0.6624 6.4872 10.0995
v 1.9164 6.4872 10.1975
v 1.8537 6.4872 10.0625
v 2.5006 6.4872 9.2224
v 2.2610 6.4872 9.3767
v 1.9417 5.8272 9.7669
v 2.2684 6.4872 9.0233
v 2.5215 21.8072 10.1942
v 3.1815 21.2996 9.8322
v 2.8515 20.0961 9.4277
v 2.5215 20.4619 10.0519
v 2.5215 20.5678 10.3533
v 2.5215 20.0031 9.4827
v 2.5215 19.7744 9.3979
v 3.1815 22.3149 9.8322
v 2.5215 21.8072 9.0233
v 2.5215 21.8072 9.4338
v 2.5215 22.8372 10.1942
v 2.5215 23.4927 9.7981
v 2.5215 23.5481 9.8234
v 2.8515 23.5184 9.4277
v 2.5215 27.3014 10.2230
v 2.5215 26.2303 9.3568
v 2.5215 27.4467 10.3533
v 2.5215 25.1772 10.1942
v 2.8515 24.4961 9.4277
v 2.5215 24.8619 10.0519
v 2.5215 24.9678 10.3533
v 2.5215 24.4031 9.4827
v 2.5215 24.1744 9.3979
v 3.1815 17.9149 9.8322
v 2.5215 17.4072 9.0233
v 2.5215 17.4072 9.4338
v 2.5215 18.4372 10.1942
v 2.5215 19.0927 9.7981
v 2.5215 19.1481 9.8234
v 2.8515 19.1184 9.4277
v 3.1815 27.4286 10.2225
v 3.1815 27.5138 10.0778
v 2.5215 28.2401 9.3979
v 3.1815 27.9923 9.5287
v 2.5215 28.0114 9.4827
v 3.1815 28.0772 9.0233
v 2.5215 28.0772 9.0233
v 3.1815 27.9857 9.5897
v 2.8515 26.1828 9.3959
v 3.1815 13.5149 9.8322
v 2.5215 13.0072 9.0233
v 2.5215 13.0072 9.4338
v 2.5215 14.0372 10.1942
v 2.5215 14.6927 9.7981
v 2.5215 14.7481 9.8234
v 2.8515 14.7184 9.4277
v 2.5215 13.0072 10.1942
v 3.1815 12.4996 9.8322
v 2.8515 11.2961 9.4277
v 2.5215 11.6619 10.0519
v 2.5215 11.7678 10.3533
v 2.5215 11.2031 9.4827
v 2.5215 10.9744 9.3979
v 2.5215 9.6372 10.1942
v 3.1815 7.8384 10.0132
v 3.1815 9.1149 9.8322
v 2.5215 8.6072 9.0233
v 2.5215 8.5842 9.3568
v 2.5215 10.2927 9.7981
v 2.5215 10.3481 9.8234
v 2.8515 10.3184 9.4277
v 2.5215 17.4072 10.1942
v 3.1815 16.8996 9.8322
v 2.8515 15.6961 9.4277
v 2.5215 16.0619 10.0519
v 2.5215 16.1678 10.3533
v 2.5215 15.6031 9.4827
v 2.5215 15.3744 9.3979
v 2.5215 7.5131 10.2230
v 3.1815 7.3007 10.0778
v 3.1815 7.3858 10.2225
v 3.1815 6.8288 9.5897
v 2.5215 7.3678 10.3533
v 3.1815 6.8222 9.5287
v 2.5215 6.8031 9.4827
v 3.1815 6.7372 9.0233
v 2.5215 6.7372 9.0233
v 2.5215 6.5744 9.3979
v -3.1785 21.2996 9.8322
v -2.5185 21.8072 9.0233
v -2.5185 21.8072 9.4338
v -2.5185 20.7772 10.1942
v -2.5185 20.1218 9.7981
v -2.5185 20.0663 9.8234
v -2.8485 20.0961 9.4277
v -2.5185 21.8072 10.1942
v -3.1785 22.3149 9.8322
v -2.8485 23.5184 9.4277
v -2.5185 23.1526 10.0519
v -2.5185 23.0467 10.3533
v -2.5185 23.6114 9.4827
v -2.5185 23.8401 9.3979
v -2.5185 25.1772 10.1942
v -3.1785 26.9761 10.0132
v -3.1785 25.6996 9.8322
v -2.5185 26.2072 9.0233
v -2.5185 26.2303 9.3568
v -2.5185 24.5218 9.7981
v -2.5185 24.4663 9.8234
v -2.8485 24.4961 9.4277
v -2.5185 17.4072 10.1942
v -3.1785 17.9149 9.8322
v -2.8485 19.1184 9.4277
v -2.5185 18.7526 10.0519
v -2.5185 18.6467 10.3533
v -2.5185 19.2114 9.4827
v -2.5185 19.4401 9.3979
v -2.5185 27.3014 10.2230
v -3.1785 27.5138 10.0778
v -3.1785 27.4286 10.2225
v -3.1785 27.9857 9.5897
v -2.5185 27.4467 10.3533
v -3.1785 27.9923 9.5287
v -2.5185 28.0114 9.4827
v -3.1785 28.0772 9.0233
v -2.5185 28.0772 9.0233
v -2.5185 28.2401 9.3979
v -2.5185 13.0072 10.1942
v -3.1785 13.5149 9.8322
v -2.8485 14.7184 9.4277
v -2.5185 14.3526 10.0519
v -2.5185 14.2467 10.3533
v -2.5185 14.8114 9.4827
v -2.5185 15.0401 9.3979
v -3.1785 12.4996 9.8322
v -2.5185 13.0072 9.0233
v -2.5185 13.0072 9.4338
v -2.5185 11.9772 10.1942
v -2.5185 11.3218 9.7981
v -2.5185 11.2663 9.8234
v -2.8485 11.2961 9.4277
v -2.5185 7.5131 10.2230
v -2.5185 8.5842 9.3568
v -2.5185 7.3678 10.3533
v -2.5185 9.6372 10.1942
v -2.8485 10.3184 9.4277
v -2.5185 9.9526 10.0519
v -2.5185 9.8467 10.3533
v -2.5185 10.4114 9.4827
v -2.5185 10.6401 9.3979
v -3.1785 16.8996 9.8322
v -2.5185 17.4072 9.0233
v -2.5185 17.4072 9.4338
v -2.5185 16.3772 10.1942
v -2.5185 15.7218 9.7981
v -2.5185 15.6663 9.8234
v -2.8485 15.6961 9.4277
v -3.1785 7.3858 10.2225
v -3.1785 7.3007 10.0778
v -2.5185 6.5744 9.3979
v -3.1785 6.8222 9.5287
v -2.5185 6.8031 9.4827
v -3.1785 6.7372 9.0233
v -2.5185 6.7372 9.0233
v -3.1785 6.8288 9.5897
v -2.8485 8.6317 9.3959
v 2.5215 20.7772 10.1942
v 2.5215 11.9772 10.1942
v 2.5215 16.3772 10.1942
v -2.5185 22.8372 10.1942
v -2.5185 18.4372 10.1942
v -2.5185 14.0372 10.1942
v 2.5215 20.1247 15.7833
v 2.5215 19.4497 15.7833
v 2.5215 19.4472 15.4433
v 2.5155 20.0482 15.5803
v 2.5215 20.1272 16.1233
v 2.5215 19.5066 15.9708
v 2.5522 19.4855 15.6748
v 2.5215 24.5272 15.4433
v 2.5215 23.8497 15.7833
v 2.5155 24.4317 15.5626
v 2.4976 24.4893 15.8686
v 2.5215 23.9066 15.9708
v 2.4974 23.8645 15.8110
v 2.5215 14.6897 15.7833
v 2.5215 14.6872 15.4433
v 2.5215 15.3647 15.7833
v 2.5215 15.3672 15.4433
v 2.5215 14.6872 16.1233
v 2.5155 14.7662 15.9864
v 2.5215 10.2897 15.7833
v 2.5215 10.9079 15.5958
v 2.5215 10.9647 15.7833
v 2.5215 10.2872 16.1233
v 2.5155 10.3828 16.0040
v -2.5185 20.1247 15.7833
v -2.5185 20.1272 15.4433
v -2.5185 19.4497 15.7833
v -2.5185 19.4472 15.4433
v -2.5185 20.1272 16.1233
v -2.5125 20.0482 15.9864
v -2.5185 24.5247 15.7833
v -2.5185 23.9066 15.5958
v -2.5185 23.8497 15.7833
v -2.5185 24.5272 16.1233
v -2.5125 24.4317 16.0040
v -2.5185 14.6897 15.7833
v -2.5185 15.3647 15.7833
v -2.5185 15.3672 15.4433
v -2.5125 14.7662 15.5803
v -2.5185 14.6872 16.1233
v -2.5185 15.3079 15.9708
v -2.5492 15.3290 15.6748
v -2.5185 10.2872 15.4433
v -2.5185 10.9647 15.7833
v -2.5125 10.3828 15.5626
v -2.4947 10.3252 15.8686
v -2.5185 10.9079 15.9708
v -2.4944 10.9500 15.8110
v 2.5767 20.0251 15.7335
v 2.6118 19.8582 15.6055
v 2.5215 19.9905 15.5800
v 2.5215 19.9470 15.5443
v 2.5875 19.8399 15.6096
v 2.4988 19.8802 15.4769
v 2.5095 19.8665 15.4675
v 2.5520 19.8645 15.5242
v 2.5095 19.8160 15.4911
v 2.5215 19.7872 15.4958
v 2.5875 19.6848 15.6382
v 2.5095 19.7020 15.5024
v 2.5215 19.7312 15.5013
v 2.5155 19.5428 15.5626
v 2.5095 19.6010 15.5564
v 2.5520 19.6609 15.5442
v 2.5500 19.8993 15.5619
v 2.5215 19.5839 15.5800
v 2.5215 19.5482 15.6236
v 2.4999 19.5475 16.0012
v 2.5215 19.5839 15.9866
v 2.5215 19.6275 16.0224
v 2.6118 19.7172 15.9614
v 2.5500 19.7613 16.0465
v 2.5095 19.7037 16.0588
v 2.5520 19.7100 16.0424
v 2.5095 19.8188 16.1039
v 2.5215 19.7872 16.0708
v 2.5095 19.8725 16.0642
v 2.5215 19.8433 16.0653
v 2.5735 19.8667 16.0074
v 2.5500 19.9550 15.9878
v 2.4988 19.8186 16.1020
v 2.5095 19.9735 16.0102
v 2.5520 19.9136 16.0224
v 2.4984 20.1192 15.8062
v 2.5155 20.0482 15.9864
v 2.6005 19.9052 15.9257
v 2.5215 19.9905 15.9866
v 2.5500 19.9583 15.9918
v 2.6118 24.2582 15.6055
v 2.5215 24.3905 15.5800
v 2.5215 24.3470 15.5443
v 2.5875 24.2399 15.6096
v 2.5095 24.2826 15.4690
v 2.5723 24.2071 15.5451
v 2.5521 24.2645 15.5242
v 2.5095 24.2160 15.4911
v 2.5215 24.1872 15.4958
v 2.5095 24.0937 15.4751
v 2.5875 24.0848 15.6382
v 2.5500 24.1105 15.5302
v 2.5095 24.1020 15.5024
v 2.5215 24.1312 15.5013
v 2.4994 24.1169 15.4738
v 2.5095 24.0010 15.5564
v 2.5520 24.0609 15.5442
v 2.5297 23.9604 15.6158
v 2.5215 23.9839 15.5800
v 2.5215 23.9066 15.5958
v 2.6024 24.0718 15.6398
v 2.5095 23.9420 15.6194
v 2.4982 23.9245 15.5983
v 2.5740 24.0073 15.9368
v 2.4995 24.0038 16.0429
v 2.5095 24.0010 16.0102
v 2.5215 23.9839 15.9866
v 2.6118 24.1172 15.9614
v 2.5500 24.2785 16.0005
v 2.5095 24.1020 16.0642
v 2.5520 24.0609 16.0224
v 2.5215 24.1312 16.0653
v 2.5095 24.2188 16.1039
v 2.5095 24.2708 16.0588
v 2.5215 24.1872 16.0708
v 2.4995 24.1668 16.0977
v 2.5521 24.2645 16.0424
v 2.5735 24.2667 16.0074
v 2.5215 24.3470 16.0224
v 2.4985 24.3770 16.0442
v 2.5095 24.3956 16.0372
v 2.6005 24.3052 15.9257
v 2.5215 24.3905 15.9866
v 2.5500 24.3119 16.0166
v 2.5095 24.3958 15.9919
v 2.5215 24.4263 15.9430
v 2.5215 24.4963 15.8771
v 2.6180 14.9206 15.6534
v 2.5215 14.8239 15.5800
v 2.5500 14.8290 15.6038
v 2.5215 14.8675 15.5443
v 2.5520 14.9500 15.5242
v 2.5095 14.8537 15.5496
v 2.5140 15.0043 15.5373
v 2.6118 14.9563 15.6055
v 2.5875 14.9745 15.6096
v 2.5215 15.0272 15.4958
v 2.5095 14.9985 15.4911
v 2.4982 14.7560 15.5646
v 2.5215 15.0833 15.5013
v 2.4971 15.2973 15.5816
v 2.5521 15.1536 15.5443
v 2.5095 15.1125 15.5024
v 2.6024 15.1427 15.6398
v 2.5500 15.0013 15.5201
v 2.5215 15.2305 15.5800
v 2.5095 15.2135 15.5564
v 2.5215 15.3079 15.9708
v 2.5215 15.1870 16.0224
v 2.5215 15.2305 15.9866
v 2.5910 15.1546 15.9051
v 2.5521 15.1045 16.0424
v 2.4988 15.1202 16.0897
v 2.6012 14.8348 15.8221
v 2.5215 15.0272 16.0708
v 2.5095 15.1108 16.0588
v 2.5875 15.0182 15.9666
v 2.6118 15.0973 15.9614
v 2.5215 14.9712 16.0653
v 2.5095 14.9420 16.0642
v 2.5520 14.9009 16.0224
v 2.5095 15.1207 16.0915
v 2.6005 14.9092 15.9257
v 2.5215 14.8239 15.9866
v 2.5215 10.3466 15.5958
v 2.6180 10.5206 15.6534
v 2.5215 10.4239 15.5800
v 2.5215 10.4675 15.5443
v 2.4996 10.4878 15.4937
v 2.5520 10.5500 15.5242
v 2.5095 10.4537 15.5496
v 2.6118 10.5563 15.6055
v 2.5399 10.4472 15.5881
v 2.5095 10.4754 15.4992
v 2.5875 10.5745 15.6096
v 2.5215 10.6272 15.4958
v 2.5095 10.5985 15.4911
v 2.4994 10.6976 15.4738
v 2.5215 10.6833 15.5013
v 2.5521 10.7536 15.5443
v 2.5095 10.7125 15.5024
v 2.6024 10.7427 15.6398
v 2.4980 10.8617 15.5620
v 2.5095 10.7207 15.4751
v 2.5215 10.8305 15.5800
v 2.5095 10.8135 15.5564
v 2.5875 10.7297 15.6382
v 2.5215 10.8663 15.6236
v 2.4964 10.9536 15.7992
v 2.5215 10.9079 15.9708
v 2.5521 10.7536 16.0224
v 2.5095 10.8135 16.0102
v 2.5215 10.8305 15.9866
v 2.5215 10.6833 16.0653
v 2.5095 10.7125 16.0642
v 2.4995 10.6477 16.0977
v 2.5215 10.6272 16.0708
v 2.5095 10.7207 16.0915
v 2.5875 10.6803 15.9451
v 2.6118 10.6973 15.9614
v 2.5520 10.5500 16.0424
v 2.5095 10.5319 16.0976
v 2.6005 10.5092 15.9257
v 2.5095 10.5437 16.0588
v 2.5215 10.4675 16.0224
v 2.5215 10.4239 15.9866
v 2.5095 10.4186 15.9919
v -2.6150 19.8939 15.6534
v -2.5185 19.9905 15.5800
v -2.5470 19.9855 15.6038
v -2.5185 19.9470 15.5443
v -2.5491 19.8645 15.5242
v -2.5065 19.9607 15.5496
v -2.5110 19.8101 15.5373
v -2.6088 19.8582 15.6055
v -2.5845 19.8399 15.6096
v -2.5185 19.7872 15.4958
v -2.5065 19.8160 15.4911
v -2.4952 20.0585 15.5646
v -2.5185 19.7312 15.5013
v -2.4941 19.5172 15.5816
v -2.5491 19.6609 15.5442
v -2.5065 19.7020 15.5024
v -2.5994 19.6717 15.6398
v -2.5470 19.8132 15.5201
v -2.5185 19.5839 15.5800
v -2.5065 19.6010 15.5564
v -2.5185 19.5066 15.9708
v -2.5490 19.6609 16.0224
v -2.5185 19.5839 15.9866
v -2.5880 19.6599 15.9051
v -2.4959 19.6943 16.0897
v -2.5185 19.7312 16.0653
v -2.5983 19.9797 15.8221
v -2.5185 19.7872 16.0708
v -2.5065 19.7037 16.0588
v -2.5845 19.7963 15.9666
v -2.6088 19.7172 15.9614
v -2.5185 19.8433 16.0653
v -2.5065 19.8725 16.0642
v -2.5490 19.9136 16.0224
v -2.5065 19.6937 16.0915
v -2.5975 19.9052 15.9257
v -2.5185 19.9905 15.9866
v -2.5185 24.4679 15.5958
v -2.6150 24.2939 15.6534
v -2.5185 24.3905 15.5800
v -2.5185 24.3470 15.5443
v -2.4966 24.3267 15.4937
v -2.5491 24.2645 15.5242
v -2.5065 24.3607 15.5496
v -2.6088 24.2582 15.6055
v -2.5369 24.3672 15.5881
v -2.5065 24.3391 15.4992
v -2.5845 24.2399 15.6096
v -2.5185 24.1872 15.4958
v -2.5065 24.2160 15.4911
v -2.4965 24.1169 15.4738
v -2.5185 24.1312 15.5013
v -2.5490 24.0609 15.5442
v -2.5065 24.1020 15.5024
v -2.5994 24.0717 15.6398
v -2.4951 23.9528 15.5620
v -2.5065 24.0937 15.4751
v -2.5185 23.9839 15.5800
v -2.5065 24.0010 15.5564
v -2.5845 24.0848 15.6382
v -2.5065 23.9420 15.6194
v -2.4935 23.8609 15.7992
v -2.5185 23.9066 15.9708
v -2.5490 24.0609 16.0224
v -2.5065 24.0010 16.0102
v -2.5185 23.9839 15.9866
v -2.5185 24.1312 16.0653
v -2.5065 24.1020 16.0642
v -2.4965 24.1668 16.0977
v -2.5185 24.1872 16.0708
v -2.5065 24.0937 16.0915
v -2.5845 24.1342 15.9451
v -2.6088 24.1172 15.9614
v -2.5491 24.2645 16.0424
v -2.5065 24.2826 16.0976
v -2.5975 24.3052 15.9257
v -2.5065 24.2708 16.0588
v -2.5185 24.3470 16.0224
v -2.5185 24.3905 15.9866
v -2.5065 24.3958 15.9919
v -2.5738 14.7893 15.7335
v -2.6088 14.9563 15.6055
v -2.5185 14.8239 15.5800
v -2.5185 14.8675 15.5443
v -2.5845 14.9745 15.6096
v -2.4959 14.9343 15.4769
v -2.5065 14.9480 15.4675
v -2.5491 14.9500 15.5242
v -2.5065 14.9985 15.4911
v -2.5185 15.0272 15.4958
v -2.5845 15.1297 15.6382
v -2.5065 15.1125 15.5024
v -2.5185 15.0833 15.5013
v -2.5125 15.2717 15.5626
v -2.5065 15.2135 15.5564
v -2.5491 15.1536 15.5443
v -2.5470 14.9152 15.5619
v -2.5185 15.2305 15.5800
v -2.5185 15.2663 15.6236
v -2.4969 15.2670 16.0012
v -2.5185 15.2305 15.9866
v -2.5185 15.1870 16.0224
v -2.6088 15.0973 15.9614
v -2.5470 15.0532 16.0465
v -2.5065 15.1108 16.0588
v -2.5491 15.1045 16.0424
v -2.5065 14.9957 16.1039
v -2.5185 15.0272 16.0708
v -2.5065 14.9420 16.0642
v -2.5185 14.9712 16.0653
v -2.5705 14.9478 16.0074
v -2.5470 14.8594 15.9878
v -2.4959 14.9959 16.1020
v -2.5065 14.8410 16.0102
v -2.5490 14.9009 16.0224
v -2.4954 14.6952 15.8062
v -2.5125 14.7662 15.9864
v -2.5975 14.9092 15.9257
v -2.5185 14.8239 15.9866
v -2.5470 14.8561 15.9918
v -2.6088 10.5563 15.6055
v -2.5185 10.4239 15.5800
v -2.5185 10.4675 15.5443
v -2.5845 10.5745 15.6096
v -2.5065 10.5319 15.4690
v -2.5694 10.6074 15.5451
v -2.5490 10.5500 15.5242
v -2.5065 10.5985 15.4911
v -2.5185 10.6272 15.4958
v -2.5065 10.7207 15.4751
v -2.5845 10.7297 15.6382
v -2.5470 10.7040 15.5302
v -2.5065 10.7125 15.5024
v -2.5185 10.6833 15.5013
v -2.4965 10.6976 15.4738
v -2.5065 10.8135 15.5564
v -2.5491 10.7536 15.5443
v -2.5268 10.8541 15.6158
v -2.5185 10.8305 15.5800
v -2.5185 10.9079 15.5958
v -2.5994 10.7427 15.6398
v -2.5185 10.8663 15.6236
v -2.4952 10.8900 15.5983
v -2.5710 10.8072 15.9368
v -2.4965 10.8106 16.0429
v -2.5065 10.8135 16.0102
v -2.5185 10.8305 15.9866
v -2.6088 10.6973 15.9614
v -2.5470 10.5360 16.0005
v -2.5065 10.7125 16.0642
v -2.5490 10.7536 16.0224
v -2.5185 10.6833 16.0653
v -2.5065 10.5957 16.1039
v -2.5065 10.5437 16.0588
v -2.5185 10.6272 16.0708
v -2.4965 10.6477 16.0977
v -2.5491 10.5500 16.0424
v -2.5705 10.5478 16.0074
v -2.5185 10.4675 16.0224
v -2.4956 10.4375 16.0442
v -2.5065 10.4189 16.0372
v -2.5975 10.5092 15.9257
v -2.5185 10.4239 15.9866
v -2.5470 10.5025 16.0166
v -2.5065 10.4186 15.9919
v -2.5185 10.3882 15.9430
v -2.5185 10.3182 15.8771
v -0.3296 6.5241 15.7833
v 0.0015 6.5124 15.4399
v 0.0015 6.4216 15.5567
v 0.1932 6.5032 15.5262
v 0.0410 6.5072 15.5074
v 0.2289 6.4221 15.7837
v 0.2807 6.5062 15.8306
v -0.1298 6.4972 16.0756
v 0.0015 6.5125 16.1267
v -0.2252 6.4216 15.7835
v -0.2890 6.5072 15.8714
v 2.6024 19.6717 15.6398
v 2.6215 19.6383 15.6892
v 2.5215 20.0263 15.9430
v 2.6415 19.7286 15.9499
v 2.5269 24.4821 15.6431
v 2.5744 23.9394 15.7395
v 2.5716 15.0899 15.5467
v 2.5875 15.1297 15.6382
v 2.5582 15.3009 15.8951
v 2.5095 15.2358 15.9919
v 2.5095 14.8410 16.0102
v 2.5134 14.7264 15.9258
v 2.5875 14.9121 15.9236
v 2.6415 15.0601 15.6081
v 2.5993 10.5341 15.5848
v 2.5489 10.8843 15.9190
v 2.5875 10.5121 15.9236
v 2.5288 10.3095 15.9342
v 2.6415 10.6601 15.6081
v -2.5686 19.7246 15.5467
v -2.5845 19.6848 15.6382
v -2.5552 19.5136 15.8951
v -2.5065 19.5786 15.9919
v -2.5065 19.9735 16.0102
v -2.5104 20.0881 15.9258
v -2.5845 19.9024 15.9236
v -2.6385 19.7544 15.6081
v -2.5963 24.2804 15.5848
v -2.5459 23.9302 15.9190
v -2.5845 24.3024 15.9236
v -2.5258 24.5049 15.9342
v -2.6385 24.1544 15.6081
v -2.5994 15.1427 15.6398
v -2.6185 15.1762 15.6892
v -2.5065 15.2358 15.9919
v -2.5185 14.7882 15.9430
v -2.6385 15.0859 15.9499
v -2.5239 10.3324 15.6431
v -2.5715 10.8751 15.7395
v -2.6285 10.7328 15.9122
v -0.1547 6.3967 15.8683
v 0.0921 6.3972 15.6136
v -0.1716 6.3990 15.6975
v 2.5095 19.9607 15.5496
v 2.6180 19.8939 15.6534
v 2.5500 19.6161 15.5748
v 2.5095 19.6324 16.0729
v 2.5875 19.7963 15.9666
v 2.5399 19.5840 15.9662
v 2.5875 19.9024 15.9236
v 2.5095 24.3607 15.5496
v 2.6180 24.2939 15.6534
v 2.5500 24.3255 15.5645
v 2.5095 24.0324 16.0729
v 2.5875 24.1963 15.9666
v 2.5500 23.9890 15.9628
v 2.5875 24.3024 15.9236
v 2.5215 14.7882 15.6236
v 2.5500 14.9025 15.5500
v 2.5297 15.2541 15.6158
v 2.5500 15.1983 15.5748
v 2.5997 15.0262 15.7656
v 2.5500 15.1519 16.0166
v 2.5449 15.0761 15.9808
v 2.5500 14.8561 15.9918
v 2.5215 10.3882 15.6236
v 2.5500 10.5025 15.5500
v 2.5399 10.7791 15.5730
v 2.5997 10.6262 15.7656
v 2.5500 10.5360 16.0005
v 2.5500 10.5025 16.0166
v -2.5185 20.0263 15.6236
v -2.5470 19.9119 15.5500
v -2.5268 19.5604 15.6158
v -2.5470 19.6161 15.5748
v -2.5968 19.7883 15.7656
v -2.5470 19.6161 15.9918
v -2.5419 19.7384 15.9808
v -2.5470 19.9583 15.9918
v -2.5185 24.4263 15.6236
v -2.5470 24.3119 15.5500
v -2.5369 24.0354 15.5730
v -2.5968 24.1883 15.7656
v -2.5470 24.2785 16.0005
v -2.5470 24.3119 16.0166
v -2.5065 14.8537 15.5496
v -2.6150 14.9206 15.6534
v -2.5470 15.1983 15.5748
v -2.5065 15.1821 16.0729
v -2.5845 15.0182 15.9666
v -2.5369 15.2304 15.9662
v -2.5845 14.9121 15.9236
v -2.5065 10.4537 15.5496
v -2.6150 10.5206 15.6534
v -2.5470 10.4890 15.5645
v -2.5065 10.7821 16.0729
v -2.5845 10.6182 15.9666
v -2.5470 10.8255 15.9628
v -2.5845 10.5121 15.9236
v -0.0941 6.4872 15.4681
v 0.0990 6.4872 15.4619
v 0.1330 6.4212 15.6518
v 0.1703 6.4972 16.0640
v -0.0314 6.4872 16.1176
v -0.2794 6.5072 15.9334
v -0.2947 6.4872 15.9416
v 2.5215 20.0263 15.6236
v 2.5500 19.9119 15.5500
v 2.6415 19.7544 15.6081
v 2.5500 19.7222 15.5239
v 2.5997 19.7883 15.7656
v 2.5910 19.6599 15.9051
v 2.5215 19.5482 15.9430
v 2.5095 19.5786 15.9919
v 2.5500 19.6625 16.0166
v 2.5500 19.8523 16.0427
v 2.6315 19.8928 15.9122
v 2.5215 24.4263 15.6236
v 2.5500 24.3119 15.5500
v 2.5500 24.1608 15.5149
v 2.6415 24.1544 15.6081
v 2.5971 24.2279 15.8152
v 2.5500 24.0279 15.5686
v 2.6215 24.0473 15.6796
v 2.5875 24.0721 15.9236
v 2.5095 23.9420 15.9472
v 2.5500 24.0279 15.9980
v 2.5500 24.1608 16.0517
v 2.6315 24.0817 15.9122
v 2.6215 24.3340 15.8814
v 2.5500 15.0923 15.5239
v 2.6215 15.1796 15.6920
v 2.5215 15.2663 15.6236
v 2.6415 15.1005 15.9402
v 2.5215 15.2663 15.9430
v 2.5500 14.9622 16.0427
v 2.6315 14.9217 15.9122
v 2.5215 14.7882 15.9430
v 2.5500 10.6537 15.5149
v 2.5500 10.7866 15.5686
v 2.6215 10.7796 15.6920
v 2.6315 10.7137 15.9228
v 2.5500 10.7866 15.9980
v 2.5095 10.8725 15.9472
v 2.5500 10.6537 16.0517
v 2.6315 10.5217 15.9122
v 2.5215 10.3882 15.9430
v -2.5470 19.7222 15.5239
v -2.6185 19.6349 15.6920
v -2.5185 19.5482 15.6236
v -2.6385 19.7140 15.9402
v -2.5185 19.5482 15.9430
v -2.5470 19.7806 16.0420
v -2.6285 19.8928 15.9122
v -2.5185 20.0263 15.9430
v -2.5470 24.1608 15.5149
v -2.5470 24.0279 15.5686
v -2.6185 24.0349 15.6920
v -2.6285 24.1237 15.9206
v -2.5470 24.0279 15.9980
v -2.5065 23.9420 15.9472
v -2.5470 24.1608 16.0517
v -2.6185 24.3340 15.8814
v -2.5185 24.4263 15.9430
v -2.5185 14.7882 15.6236
v -2.5470 14.9025 15.5500
v -2.6385 15.0601 15.6081
v -2.5470 15.0923 15.5239
v -2.5968 15.0262 15.7656
v -2.5880 15.1546 15.9051
v -2.5185 15.2663 15.9430
v -2.5470 15.1519 16.0166
v -2.5470 14.9622 16.0427
v -2.6285 14.9217 15.9122
v -2.5185 10.3882 15.6236
v -2.5470 10.5025 15.5500
v -2.5470 10.6537 15.5149
v -2.6385 10.6601 15.6081
v -2.5941 10.5866 15.8152
v -2.5470 10.7866 15.5686
v -2.6185 10.7672 15.6796
v -2.5845 10.7424 15.9236
v -2.5065 10.8725 15.9472
v -2.5470 10.7866 15.9980
v -2.5470 10.6537 16.0517
v -2.6285 10.5217 15.9122
v -0.2947 6.4872 15.6250
v -0.0969 6.4155 15.5990
v 0.1767 6.3672 15.7833
v 0.0043 28.2280 9.8715
v 0.0015 28.2272 9.8905
v 0.0015 6.5872 9.8905
v 0.0063 28.3014 9.6642
v -0.2449 28.2472 10.2229
v -0.1427 28.2230 10.1003
v -0.3755 28.3094 10.1557
v -0.5864 28.2221 10.4584
v -0.5207 28.2898 10.3701
v -0.7387 28.3096 10.3832
v -1.1434 28.3096 10.4707
v -1.2518 28.2229 10.6089
v -1.5006 28.2472 10.5402
v -1.6928 28.2472 10.5403
v -1.5953 28.2893 10.5412
v -1.9335 28.2217 10.4268
v -2.4295 28.2472 9.9750
v -1.4113 28.2472 10.3860
v -2.6237 28.2432 9.4146
v -2.4326 28.2216 9.9560
v -1.3516 28.3272 10.2641
v -2.6433 28.2221 9.3760
v -2.5318 28.2916 9.7123
v -2.5241 28.3095 9.2874
v 0.0015 28.2472 9.9315
v 0.0012 28.2242 9.9062
v 0.1455 28.2472 10.1249
v 0.2574 28.3094 10.0359
v 0.5852 28.2221 10.4791
v 0.3120 28.2472 10.2210
v 0.6952 28.3130 10.3695
v 0.9610 28.2874 10.5321
v 1.1501 28.3104 10.4702
v 1.3248 28.2219 10.5957
v 0.7832 28.2472 10.4930
v 1.7770 28.2898 10.4522
v 1.4496 28.3089 10.4558
v 1.8102 28.3088 10.3504
v 1.8483 28.2472 10.4232
v 2.1838 28.2472 10.2585
v 1.9115 28.2240 10.4432
v 2.3388 28.3252 9.7084
v 2.5348 28.2916 9.7123
v 2.4325 28.2472 9.9750
v 2.2611 28.3096 9.9761
v 2.6320 28.2432 9.4146
v 2.5114 28.3097 9.4576
v -0.0011 6.5863 9.8712
v -0.1992 6.5051 9.9766
v -1.4409 6.4883 10.0391
v -0.4345 6.5929 10.3703
v -0.6922 6.5014 10.3695
v -1.1472 6.5041 10.4702
v -1.1345 6.5929 10.6074
v -0.9588 6.5672 10.5285
v -0.9581 6.5270 10.5321
v -1.7740 6.5247 10.4522
v -1.4466 6.5056 10.4558
v -1.8072 6.5056 10.3504
v -1.8453 6.5672 10.4232
v -2.1809 6.5672 10.2585
v -1.9086 6.5905 10.4432
v -2.5318 6.5229 9.7123
v -2.4295 6.5672 9.9750
v -2.2581 6.5049 9.9761
v -2.6290 6.5712 9.4146
v -2.5085 6.5048 9.4576
v 0.0015 6.5672 9.9315
v -0.0042 6.5137 9.6630
v 0.2479 6.5672 10.2229
v 0.2096 6.5923 10.1623
v -0.0004 6.5867 9.9197
v 0.0015 6.4872 9.5537
v 0.3785 6.5050 10.1557
v 0.5894 6.5924 10.4585
v 0.0015 6.5672 9.8369
v 0.7416 6.5049 10.3832
v 0.9610 6.5270 10.5321
v 1.1464 6.5049 10.4707
v 1.2548 6.5916 10.6089
v 1.5035 6.5672 10.5402
v 1.6958 6.5672 10.5403
v 1.3857 6.5672 10.5184
v 1.7770 6.5247 10.4522
v 1.9364 6.5928 10.4268
v 2.4325 6.5672 9.9750
v 2.6266 6.5712 9.4146
v 2.4355 6.5929 9.9560
v 1.5747 6.4872 10.1834
v 2.6463 6.5924 9.3760
v 2.5348 6.5229 9.7123
v 2.5271 6.5050 9.2874
v 0.0015 28.3272 9.5537
v 0.0032 28.2774 9.8123
v -1.6384 28.3098 10.4191
v 0.0015 28.2942 9.7388
v -2.1444 28.3096 10.1036
v -2.4310 28.3096 9.6822
v 1.3121 28.3272 10.4026
v 0.2504 28.2910 10.1546
v 2.5992 28.2472 9.4446
v 2.4629 28.2231 9.9188
v 2.6470 28.2222 9.3721
v -0.3801 6.5254 10.2564
v -2.5814 6.5202 9.0233
v -2.4599 6.5914 9.9188
v -2.6440 6.5923 9.3721
v 0.0032 6.5370 9.8123
v 0.0015 6.5202 9.7388
v 0.2504 6.5235 10.1546
v 1.6413 6.5047 10.4191
v 2.1474 6.5049 10.1036
v 2.4340 6.5049 9.6823
v -0.4194 28.2472 10.3019
v -0.5897 28.2472 10.4680
v -1.1349 28.2472 10.6015
v -0.9588 28.2472 10.5285
v -1.8453 28.2472 10.4232
v -2.1809 28.2472 10.2585
v -2.3781 28.2472 9.9406
v -2.5814 28.2942 9.0233
v -2.5250 28.3152 9.1400
v 0.5926 28.2472 10.4680
v 1.1378 28.2472 10.6015
v 1.9734 28.2472 10.2829
v 1.5035 28.2472 10.5402
v 1.6958 28.2472 10.5403
v -0.5897 6.5672 10.4680
v -1.1349 6.5672 10.6015
v -1.9705 6.5672 10.2829
v -1.6928 6.5672 10.5403
v 0.5926 6.5672 10.4680
v 1.1378 6.5672 10.6015
v 1.8483 6.5672 10.4232
v 2.1838 6.5672 10.2585
v 2.3811 6.5672 9.9406
v 2.5280 6.4992 9.1400
v 0.0015 28.2991 9.6801
v -0.1292 28.2997 9.9071
v -0.3567 28.2997 10.1666
v 0.0015 28.2472 9.8369
v -0.7647 28.2997 10.4053
v -1.1420 28.2997 10.4918
v -1.4865 28.2997 10.4693
v -1.7356 28.2997 10.3967
v -1.9956 28.2997 10.2433
v -2.2797 28.2997 9.9791
v -2.4143 28.2997 9.7573
v -2.5962 28.2472 9.4446
v -2.5422 28.2997 9.3455
v 0.1321 28.2997 9.9071
v 0.2946 28.2997 10.1094
v 0.6467 28.2997 10.3583
v 1.0168 28.2997 10.4721
v 1.4894 28.2997 10.4693
v 1.8163 28.2997 10.3583
v 2.2255 28.2997 10.0443
v 2.3811 28.2472 9.9406
v 2.4835 28.2997 9.5975
v 2.5452 28.2997 9.3455
v 0.0015 6.5154 9.6801
v -0.1292 6.5147 9.9071
v -0.2916 6.5147 10.1094
v -0.2449 6.5672 10.2229
v -0.4194 6.5672 10.3019
v -0.6437 6.5147 10.3583
v -1.0138 6.5147 10.4721
v -1.4865 6.5147 10.4693
v -1.8133 6.5147 10.3583
v -2.2226 6.5147 10.0443
v -2.3781 6.5672 9.9406
v -2.4805 6.5147 9.5975
v -2.5962 6.5672 9.4446
v -2.5422 6.5147 9.3455
v 0.1321 6.5147 9.9071
v 0.3120 6.5672 10.2210
v 0.3597 6.5147 10.1666
v 0.7832 6.5672 10.4930
v 0.7676 6.5147 10.4053
v 1.1450 6.5147 10.4918
v 1.4894 6.5147 10.4693
v 1.7385 6.5147 10.3967
v 1.9986 6.5147 10.2433
v 2.2827 6.5147 9.9791
v 2.4173 6.5147 9.7573
v 2.5992 6.5672 9.4446
v 2.5452 6.5147 9.3455
v 2.4940 21.8072 9.5448
v 2.4791 21.8070 9.6840
v 2.4940 26.2072 9.5448
v 2.4185 24.2925 10.0521
v 2.4557 24.0988 9.5804
v 2.4780 24.0074 9.2380
v 2.4940 17.4072 9.5448
v 2.4780 19.6074 9.2380
v 2.4549 19.6072 9.2592
v 2.4185 19.8925 10.0521
v 2.4557 19.6988 9.5804
v 2.4940 8.6072 9.5448
v 2.4705 10.7961 9.3870
v 2.4557 10.8988 9.5804
v 2.4763 17.4034 9.7069
v 2.4557 15.2988 9.5804
v 2.4705 15.1961 9.3870
v -2.4911 26.2072 9.5448
v -2.4676 24.0183 9.3870
v -2.4528 23.9156 9.5804
v -2.4528 19.5156 9.5804
v -2.4676 19.6183 9.3870
v -2.4911 13.0072 9.5448
v -2.4761 13.0075 9.6840
v -2.4911 8.6072 9.5448
v -2.4156 10.5220 10.0521
v -2.4528 10.7156 9.5804
v -2.4750 10.8071 9.2380
v -2.4750 15.2071 9.2380
v -2.4519 15.2072 9.2592
v -2.4156 14.9220 10.0521
v -2.4528 15.1156 9.5804
v 2.4823 20.7772 10.5516
v 2.4415 20.3451 10.2331
v 2.4181 21.2413 10.4132
v 2.4415 21.2828 10.3785
v 2.5038 21.2848 10.2266
v 2.5075 20.7772 10.4640
v 2.4837 21.4954 10.1564
v 2.5037 21.6217 9.8645
v 2.4149 21.6695 10.0163
v 2.4415 21.8062 9.8441
v 2.5026 20.9514 10.4094
v 2.4975 20.7772 10.4808
v 2.4836 20.1205 10.2046
v 2.4415 20.7772 10.6199
v 2.5215 19.8539 9.6227
v 2.4415 20.0933 10.2593
v 2.5038 20.2697 10.2266
v 2.5037 19.9328 9.8645
v 2.4832 19.7615 9.7068
v 2.4415 19.7865 9.8883
v 2.4940 19.6847 9.3202
v 2.5026 20.6031 10.4094
v 2.4415 21.8072 9.7334
v 2.4836 22.1805 10.2046
v 2.4181 22.3732 10.4132
v 2.4415 22.3317 10.3785
v 2.5038 22.3297 10.2266
v 2.5037 21.9928 9.8645
v 2.5215 21.8072 9.4361
v 2.4161 22.9134 10.5976
v 2.4415 22.8372 10.6199
v 2.5026 22.6631 10.4094
v 2.4975 22.8372 10.4808
v 2.5038 23.3448 10.2266
v 2.5075 22.8372 10.4640
v 2.4415 23.5212 10.2593
v 2.5037 23.6817 9.8645
v 2.4163 23.5954 10.1727
v 2.4415 22.8372 10.5691
v 2.4415 23.8817 9.7952
v 2.4415 23.8669 9.7284
v 2.4157 24.0115 9.4900
v 2.5027 23.8952 9.4140
v 2.5215 23.7606 9.6227
v 2.4823 22.8372 10.5516
v 2.5026 23.0114 10.4094
v 2.4415 26.5952 10.2115
v 2.4156 27.2372 10.6273
v 2.4415 27.2372 10.6199
v 2.5037 26.8095 10.2767
v 2.4939 27.1829 10.6032
v 2.4163 26.4809 10.1743
v 2.4415 26.5533 10.2593
v 2.5037 26.5133 10.0198
v 2.5045 27.2226 10.4688
v 2.4415 25.1772 10.5691
v 2.5038 25.6848 10.2266
v 2.5075 25.1772 10.4640
v 2.4151 25.7925 10.2992
v 2.5037 26.0217 9.8645
v 2.4415 26.2083 9.8441
v 2.4836 25.8340 10.2046
v 2.4779 26.2015 9.7043
v 2.4415 26.2072 9.7334
v 2.4173 26.2120 9.7997
v 2.4823 25.1772 10.5516
v 2.4187 25.1594 10.6212
v 2.4415 25.6828 10.3785
v 2.5026 25.3514 10.4094
v 2.4975 25.1772 10.4808
v 2.4415 25.1772 10.6199
v 2.4836 24.5205 10.2046
v 2.5215 24.2539 9.6227
v 2.4415 24.4933 10.2593
v 2.5038 24.6697 10.2266
v 2.5037 24.3328 9.8645
v 2.4832 24.1615 9.7068
v 2.4415 24.1865 9.8883
v 2.4940 24.0847 9.3202
v 2.5026 25.0031 10.4094
v 2.4864 17.8267 10.2344
v 2.4415 17.4072 9.7334
v 2.4415 18.4372 10.6199
v 2.4415 17.7533 10.2593
v 2.5038 17.9297 10.2266
v 2.4164 17.6810 10.1744
v 2.5037 17.5928 9.8645
v 2.5215 17.4072 9.4361
v 2.5026 18.2631 10.4094
v 2.4975 18.4372 10.4808
v 2.4823 18.4372 10.5516
v 2.4181 18.9013 10.4132
v 2.4415 18.7644 10.4977
v 2.5038 18.9448 10.2266
v 2.5075 18.4372 10.4640
v 2.4415 19.1212 10.2593
v 2.5037 19.2817 9.8645
v 2.4415 18.4372 10.5691
v 2.4415 19.5117 9.7504
v 2.4415 19.4669 9.7284
v 2.4101 19.6114 9.5851
v 2.5027 19.4952 9.4140
v 2.5215 19.3606 9.6227
v 2.5026 18.6114 10.4094
v 2.4940 18.4372 10.4945
v 2.4415 27.2372 10.5691
v 2.4415 27.7428 10.3785
v 2.5047 27.5899 10.3269
v 2.5215 27.6633 10.2595
v 2.5037 27.9612 10.0198
v 2.5215 27.9551 10.0036
v 2.4163 27.9954 10.1727
v 2.4415 28.1443 10.0262
v 2.4415 28.2669 9.7284
v 2.4415 28.3117 9.7504
v 2.5037 28.1808 9.6949
v 2.5215 28.1707 9.6809
v 2.4165 28.3931 9.5424
v 2.4415 28.4706 9.2384
v 2.4650 28.4074 9.1276
v 2.5215 27.2372 10.4577
v 2.4940 27.2372 10.4945
v 2.4837 13.3191 10.1564
v 2.4415 13.0072 9.7334
v 2.4415 14.0372 10.6199
v 2.4415 13.5516 10.3487
v 2.5215 13.0072 9.4361
v 2.4415 13.3533 10.2593
v 2.5038 13.5297 10.2266
v 2.4163 13.2809 10.1743
v 2.5037 13.1928 9.8645
v 2.5145 13.8882 10.3969
v 2.5019 14.0372 10.4811
v 2.4823 14.0372 10.5516
v 2.4161 14.3498 10.4860
v 2.4415 14.3644 10.4977
v 2.5038 14.5448 10.2266
v 2.4415 14.8746 10.0738
v 2.5037 14.8817 9.8645
v 2.4415 14.0372 10.5691
v 2.5215 14.5884 10.1078
v 2.4415 15.0669 9.7284
v 2.5027 15.0952 9.4140
v 2.5215 15.0798 9.3595
v 2.4181 12.4413 10.4132
v 2.4415 12.4828 10.3785
v 2.5038 12.4848 10.2266
v 2.5075 11.9772 10.4640
v 2.5037 12.8217 9.8645
v 2.4415 13.0083 9.8441
v 2.4073 13.0014 9.8396
v 2.4201 13.0131 9.8002
v 2.4823 11.9772 10.5516
v 2.4415 11.9772 10.6199
v 2.5026 12.1514 10.4094
v 2.4975 11.9772 10.4808
v 2.4482 10.7654 9.4209
v 2.4836 11.3205 10.2046
v 2.5215 11.0539 9.6227
v 2.4168 11.0732 10.0326
v 2.4415 11.4717 10.3785
v 2.5038 11.4697 10.2266
v 2.5037 11.1328 9.8645
v 2.4415 11.0103 9.9367
v 2.4940 10.8847 9.3202
v 2.5026 11.8031 10.4094
v 2.4415 7.0341 10.0758
v 2.4181 8.0413 10.4132
v 2.4415 8.0828 10.3785
v 2.5037 8.0050 10.2767
v 2.5038 8.3653 9.9507
v 2.4833 8.1493 10.2658
v 2.5215 7.5772 10.4577
v 2.4149 8.4695 10.0163
v 2.4415 8.6062 9.8441
v 2.4415 8.6072 9.7334
v 2.4779 8.6130 9.7043
v 2.4175 8.6015 9.7980
v 2.4823 7.5772 10.5516
v 2.4415 7.5772 10.6199
v 2.5045 7.5919 10.4688
v 2.4836 8.9805 10.2046
v 2.4151 9.0219 10.2992
v 2.5215 8.6072 9.4361
v 2.4415 9.1317 10.3785
v 2.5038 9.1297 10.2266
v 2.4415 8.9952 10.2115
v 2.5037 8.7928 9.8645
v 2.4200 9.5854 10.5975
v 2.4415 9.6372 10.6199
v 2.5145 9.4882 10.3969
v 2.5019 9.6372 10.4811
v 2.4161 9.9498 10.4860
v 2.4415 9.9644 10.4977
v 2.5038 10.1448 10.2266
v 2.4415 10.4746 10.0738
v 2.5037 10.4817 9.8645
v 2.4415 9.6372 10.5691
v 2.5215 10.1884 10.1078
v 2.4415 10.6669 9.7284
v 2.5027 10.6952 9.4140
v 2.4171 10.8106 9.4441
v 2.5215 10.6798 9.3595
v 2.4823 9.6372 10.5516
v 2.4940 9.6372 10.4945
v 2.5012 8.6072 9.4919
v 2.4823 16.3772 10.5516
v 2.4415 16.3772 10.5691
v 2.4415 16.8828 10.3785
v 2.5038 16.8848 10.2266
v 2.5075 16.3772 10.4640
v 2.4837 17.0954 10.1564
v 2.4164 17.1384 10.1701
v 2.4415 17.2843 10.0262
v 2.5018 17.2789 9.7876
v 2.4156 16.3772 10.6273
v 2.4415 16.3772 10.6199
v 2.5026 16.5514 10.4094
v 2.4975 16.3772 10.4808
v 2.4836 15.7205 10.2046
v 2.5215 15.4539 9.6227
v 2.4415 15.8717 10.3785
v 2.5038 15.8697 10.2266
v 2.4168 15.4732 10.0326
v 2.5037 15.5328 9.8645
v 2.4415 15.4103 9.9367
v 2.4940 15.2847 9.3202
v 2.5026 16.2031 10.4094
v 2.4161 7.5011 10.5976
v 2.5215 7.1512 10.2595
v 2.5215 6.8594 10.0036
v 2.4873 6.8870 10.1733
v 2.4415 7.0717 10.3785
v 2.5037 6.8533 10.0198
v 2.4415 6.9352 10.2115
v 2.4163 6.8191 10.1727
v 2.4415 6.6702 10.0262
v 2.4837 6.4758 9.5250
v 2.5215 6.6438 9.6809
v 2.4415 6.5028 9.7504
v 2.5078 6.4921 9.2679
v 2.4415 6.5476 9.7284
v 2.4165 6.4213 9.5424
v 2.5033 6.5031 9.3165
v 2.4415 6.3438 9.2384
v 2.5047 7.2246 10.3269
v -2.4807 21.4954 10.1564
v -2.4385 21.8072 9.7334
v -2.4385 20.7772 10.6199
v -2.4385 21.2629 10.3487
v -2.5185 21.8072 9.4361
v -2.4385 21.4612 10.2593
v -2.5009 21.2848 10.2266
v -2.4134 21.5336 10.1743
v -2.5007 21.6217 9.8645
v -2.5115 20.9263 10.3969
v -2.4990 20.7772 10.4811
v -2.4793 20.7772 10.5516
v -2.4131 20.4647 10.4860
v -2.4385 20.4501 10.4977
v -2.5009 20.2697 10.2266
v -2.4385 19.9399 10.0738
v -2.5007 19.9328 9.8645
v -2.4385 20.7772 10.5691
v -2.5185 20.2261 10.1078
v -2.4385 19.7476 9.7284
v -2.4997 19.7193 9.4140
v -2.5185 19.7347 9.3595
v -2.4152 22.3732 10.4132
v -2.4385 22.3317 10.3785
v -2.5009 22.3297 10.2266
v -2.5045 22.8372 10.4640
v -2.5007 21.9928 9.8645
v -2.4385 21.8062 9.8441
v -2.4044 21.8131 9.8396
v -2.4171 21.8014 9.8002
v -2.4793 22.8372 10.5516
v -2.4385 22.8372 10.6199
v -2.4997 22.6631 10.4094
v -2.4945 22.8372 10.4808
v -2.4452 24.0491 9.4209
v -2.4807 23.4940 10.2046
v -2.5185 23.7606 9.6227
v -2.4138 23.7413 10.0326
v -2.4385 23.3428 10.3785
v -2.5009 23.3448 10.2266
v -2.5007 23.6817 9.8645
v -2.4385 23.8042 9.9367
v -2.4911 23.9297 9.3202
v -2.4997 23.0114 10.4094
v -2.4385 27.7804 10.0758
v -2.4152 26.7732 10.4132
v -2.4385 26.7317 10.3785
v -2.5007 26.8095 10.2767
v -2.5009 26.4492 9.9507
v -2.4804 26.6652 10.2658
v -2.5185 27.2372 10.4577
v -2.4119 26.3450 10.0163
v -2.4385 26.2083 9.8441
v -2.4385 26.2072 9.7334
v -2.4750 26.2015 9.7043
v -2.4146 26.2130 9.7979
v -2.4793 27.2372 10.5516
v -2.4385 27.2372 10.6199
v -2.5015 27.2226 10.4688
v -2.4807 25.8340 10.2046
v -2.4122 25.7925 10.2992
v -2.5185 26.2072 9.4361
v -2.4385 25.6828 10.3785
v -2.5009 25.6848 10.2266
v -2.4385 25.8193 10.2115
v -2.5007 26.0217 9.8645
v -2.4170 25.2291 10.5975
v -2.4385 25.1772 10.6199
v -2.5115 25.3263 10.3969
v -2.4990 25.1772 10.4811
v -2.4131 24.8647 10.4860
v -2.4385 24.8501 10.4977
v -2.5009 24.6697 10.2266
v -2.4385 24.3399 10.0738
v -2.5007 24.3328 9.8645
v -2.4385 25.1772 10.5691
v -2.5185 24.6261 10.1078
v -2.4385 24.1476 9.7284
v -2.4997 24.1193 9.4140
v -2.4141 24.0038 9.4441
v -2.5185 24.1347 9.3595
v -2.4793 25.1772 10.5516
v -2.4911 25.1772 10.4945
v -2.4983 26.2072 9.4919
v -2.4793 18.4372 10.5516
v -2.4385 18.4372 10.5691
v -2.5009 17.9297 10.2266
v -2.5045 18.4372 10.4640
v -2.4385 17.7533 10.2593
v -2.4834 17.8267 10.2344
v -2.5007 17.5928 9.8645
v -2.4157 17.4072 9.7964
v -2.4385 17.4080 9.8439
v -2.4127 18.4372 10.6273
v -2.4385 18.4372 10.6199
v -2.4997 18.2631 10.4094
v -2.4945 18.4372 10.4808
v -2.4807 19.0940 10.2046
v -2.5185 19.3606 9.6227
v -2.4385 18.9428 10.3785
v -2.5009 18.9448 10.2266
v -2.4138 19.3413 10.0326
v -2.5007 19.2817 9.8645
v -2.4385 19.4042 9.9367
v -2.4911 19.5297 9.3202
v -2.4997 18.6114 10.4094
v -2.4132 27.3134 10.5976
v -2.5185 27.6633 10.2595
v -2.5185 27.9551 10.0036
v -2.4844 27.9275 10.1733
v -2.4385 27.7428 10.3785
v -2.5007 27.9612 10.0198
v -2.4385 27.8793 10.2115
v -2.4134 27.9954 10.1727
v -2.4385 28.1443 10.0262
v -2.4807 28.3386 9.5250
v -2.5185 28.1707 9.6809
v -2.4385 28.3117 9.7504
v -2.5048 28.3223 9.2679
v -2.4385 28.2669 9.7284
v -2.4136 28.3931 9.5424
v -2.5003 28.3114 9.3165
v -2.4385 28.4706 9.2384
v -2.5018 27.5899 10.3269
v -2.4793 14.0372 10.5516
v -2.4385 14.4693 10.2331
v -2.4152 13.5732 10.4132
v -2.4385 13.5317 10.3785
v -2.5009 13.5297 10.2266
v -2.5045 14.0372 10.4640
v -2.4807 13.3191 10.1564
v -2.5007 13.1928 9.8645
v -2.4119 13.1450 10.0163
v -2.4385 13.0083 9.8441
v -2.4997 13.8631 10.4094
v -2.4945 14.0372 10.4808
v -2.4807 14.6940 10.2046
v -2.4385 14.0372 10.6199
v -2.5185 14.9606 9.6227
v -2.4385 14.7212 10.2593
v -2.5009 14.5448 10.2266
v -2.5007 14.8817 9.8645
v -2.4802 15.0530 9.7068
v -2.4385 15.0280 9.8883
v -2.4911 15.1297 9.3202
v -2.4997 14.2114 10.4094
v -2.4385 13.0072 9.7334
v -2.4807 12.6340 10.2046
v -2.4152 12.4413 10.4132
v -2.4385 12.4828 10.3785
v -2.5009 12.4848 10.2266
v -2.5007 12.8217 9.8645
v -2.5185 13.0072 9.4361
v -2.4132 11.9011 10.5976
v -2.4385 11.9772 10.6199
v -2.4997 12.1514 10.4094
v -2.4945 11.9772 10.4808
v -2.5009 11.4697 10.2266
v -2.5045 11.9772 10.4640
v -2.4385 11.2933 10.2593
v -2.5007 11.1328 9.8645
v -2.4134 11.2191 10.1727
v -2.4385 11.9772 10.5691
v -2.4385 10.9327 9.7952
v -2.4385 10.9476 9.7284
v -2.4127 10.8029 9.4900
v -2.4997 10.9193 9.4140
v -2.5185 11.0539 9.6227
v -2.4793 11.9772 10.5516
v -2.4997 11.8031 10.4094
v -2.4385 8.2193 10.2115
v -2.4127 7.5772 10.6273
v -2.4385 7.5772 10.6199
v -2.5007 8.0050 10.2767
v -2.4910 7.6315 10.6032
v -2.4134 8.3336 10.1743
v -2.4385 8.2612 10.2593
v -2.5007 8.3012 10.0198
v -2.5015 7.5919 10.4688
v -2.4385 9.6372 10.5691
v -2.5009 9.1297 10.2266
v -2.5045 9.6372 10.4640
v -2.4122 9.0219 10.2992
v -2.5007 8.7928 9.8645
v -2.4385 8.6062 9.8441
v -2.4807 8.9805 10.2046
v -2.4750 8.6130 9.7043
v -2.4385 8.6072 9.7334
v -2.4144 8.6025 9.7997
v -2.4793 9.6372 10.5516
v -2.4157 9.6551 10.6212
v -2.4385 9.1317 10.3785
v -2.4997 9.4631 10.4094
v -2.4945 9.6372 10.4808
v -2.4385 9.6372 10.6199
v -2.4807 10.2940 10.2046
v -2.5185 10.5606 9.6227
v -2.4385 10.3212 10.2593
v -2.5009 10.1448 10.2266
v -2.5007 10.4817 9.8645
v -2.4802 10.6530 9.7068
v -2.4385 10.6280 9.8883
v -2.4911 10.7297 9.3202
v -2.4997 9.8114 10.4094
v -2.4385 17.0193 10.2115
v -2.5185 17.4072 9.4361
v -2.4807 17.0954 10.1564
v -2.4385 16.8828 10.3785
v -2.5009 16.8848 10.2266
v -2.4134 17.1384 10.1701
v -2.4385 17.2843 10.0262
v -2.5007 17.2217 9.8645
v -2.4385 16.3772 10.6199
v -2.5115 16.5263 10.3969
v -2.4990 16.3772 10.4811
v -2.4793 16.3772 10.5516
v -2.4152 15.9132 10.4132
v -2.4385 16.0501 10.4977
v -2.5009 15.8697 10.2266
v -2.4385 15.6933 10.2593
v -2.5007 15.5328 9.8645
v -2.4385 16.3772 10.5691
v -2.5185 15.8261 10.1078
v -2.4385 15.3028 9.7504
v -2.4385 15.3476 9.7284
v -2.4071 15.2031 9.5851
v -2.4997 15.3193 9.4140
v -2.5185 15.3347 9.3595
v -2.4385 7.5772 10.5691
v -2.4385 7.0717 10.3785
v -2.5018 7.2246 10.3269
v -2.5185 7.1512 10.2595
v -2.5007 6.8533 10.0198
v -2.5185 6.8594 10.0036
v -2.4134 6.8191 10.1727
v -2.4385 6.6702 10.0262
v -2.4385 6.5476 9.7284
v -2.4385 6.5028 9.7504
v -2.5007 6.6337 9.6949
v -2.5185 6.6438 9.6809
v -2.4136 6.4213 9.5424
v -2.4385 6.3438 9.2384
v -2.4620 6.4071 9.1276
v -2.5185 7.5772 10.4577
v -2.4911 7.5772 10.4945
v 2.4940 21.3056 10.2332
v 2.4940 21.5213 10.0267
v 2.4940 20.5042 10.3881
v 2.4161 20.7011 10.5976
v 2.4940 20.2489 10.2332
v 2.4940 20.0331 10.0267
v 2.4940 19.8124 9.6964
v 2.5027 19.7193 9.4140
v 2.4940 22.5642 10.3881
v 2.4940 22.3089 10.2332
v 2.4940 22.0931 10.0267
v 2.4170 21.9589 10.0324
v 2.4940 23.3656 10.2332
v 2.4940 23.5813 10.0267
v 2.4836 23.4940 10.2046
v 2.4940 23.8020 9.6964
v 2.4832 23.8530 9.7068
v 2.4940 23.9297 9.3202
v 2.4188 21.8019 9.7896
v 2.5012 21.8072 9.4919
v 2.4940 26.9642 10.3881
v 2.4940 26.6339 10.1674
v 2.5215 26.2072 9.4361
v 2.4940 25.7056 10.2332
v 2.4940 25.9213 10.0267
v 2.4981 26.2023 9.5211
v 2.4940 24.9042 10.3881
v 2.4940 24.6489 10.2332
v 2.4940 24.4331 10.0267
v 2.4940 24.2124 9.6964
v 2.5027 24.1193 9.4140
v 2.4415 24.0072 9.5049
v 2.4415 24.0072 9.5204
v 2.4940 18.1642 10.3881
v 2.4161 18.3611 10.5976
v 2.4940 17.9089 10.2332
v 2.4940 17.6931 10.0267
v 2.4940 18.9656 10.2332
v 2.4940 19.1813 10.0267
v 2.4836 19.0940 10.2046
v 2.4940 19.4020 9.6964
v 2.4832 19.4530 9.7068
v 2.4940 19.5297 9.3202
v 2.5011 17.4077 9.4923
v 2.4415 19.6072 9.5049
v 2.4415 19.6072 9.5204
v 2.4940 27.8406 10.1674
v 2.4940 28.1025 9.8687
v 2.4940 28.2782 9.5125
v 2.4874 28.2730 9.7314
v 2.5033 28.3114 9.3165
v 2.5078 28.3223 9.2679
v 2.4415 28.3236 9.5826
v 2.4940 13.7642 10.3881
v 2.4161 13.9611 10.5976
v 2.4940 13.5089 10.2332
v 2.4940 13.2931 10.0267
v 2.4940 14.5656 10.2332
v 2.4940 14.7813 10.0267
v 2.4851 14.8552 10.0694
v 2.4940 15.0020 9.6964
v 2.4163 14.8726 10.1016
v 2.4940 15.1297 9.3202
v 2.4940 12.5056 10.2332
v 2.4940 12.7213 10.0267
v 2.4836 12.6340 10.2046
v 2.4791 13.0075 9.6840
v 2.5012 13.0072 9.4919
v 2.4940 11.7042 10.3881
v 2.4161 11.9011 10.5976
v 2.4940 11.4489 10.2332
v 2.4940 11.2331 10.0267
v 2.4940 11.0124 9.6964
v 2.5027 10.9193 9.4140
v 2.4940 8.1806 10.1674
v 2.4940 8.4425 9.8687
v 2.4940 9.3642 10.3881
v 2.4940 9.1089 10.2332
v 2.4940 8.8931 10.0267
v 2.4940 10.1656 10.2332
v 2.4940 10.3813 10.0267
v 2.4836 10.2940 10.2046
v 2.4940 10.6020 9.6964
v 2.4832 10.6530 9.7068
v 2.4163 10.4726 10.1016
v 2.4940 10.7297 9.3202
v 2.4415 10.8072 9.5049
v 2.4415 10.8072 9.5204
v 2.4940 16.9056 10.2332
v 2.4940 17.1213 10.0267
v 2.4173 17.4094 9.7903
v 2.4940 16.1042 10.3881
v 2.4940 15.8489 10.2332
v 2.4940 15.6331 10.0267
v 2.4940 15.4124 9.6964
v 2.5027 15.3193 9.4140
v 2.4415 15.2072 9.5049
v 2.4415 15.2072 9.5204
v 2.4171 15.2106 9.4441
v 2.4940 7.3042 10.3881
v 2.4940 6.9739 10.1674
v 2.4940 6.7120 9.8687
v 2.5037 6.6337 9.6949
v 2.4940 6.5363 9.5125
v -2.4911 21.0503 10.3881
v -2.4132 20.8534 10.5976
v -2.4911 21.3056 10.2332
v -2.4911 21.5213 10.0267
v -2.4911 20.2489 10.2332
v -2.4911 20.0331 10.0267
v -2.4821 19.9593 10.0694
v -2.4911 19.8124 9.6964
v -2.4134 19.9419 10.1016
v -2.4911 19.6847 9.3202
v -2.4911 22.3089 10.2332
v -2.4911 22.0931 10.0267
v -2.4807 22.1805 10.2046
v -2.4761 21.8070 9.6840
v -2.4983 21.8072 9.4919
v -2.4911 23.1103 10.3881
v -2.4132 22.9134 10.5976
v -2.4911 23.3656 10.2332
v -2.4911 23.5813 10.0267
v -2.4911 23.8020 9.6964
v -2.4997 23.8952 9.4140
v -2.4911 26.6339 10.1674
v -2.4911 26.3720 9.8687
v -2.4911 25.4503 10.3881
v -2.4911 25.7056 10.2332
v -2.4911 25.9213 10.0267
v -2.4911 24.6489 10.2332
v -2.4911 24.4331 10.0267
v -2.4807 24.5205 10.2046
v -2.4911 24.2124 9.6964
v -2.4802 24.1615 9.7068
v -2.4134 24.3419 10.1016
v -2.4911 24.0847 9.3202
v -2.4385 24.0072 9.5049
v -2.4385 24.0072 9.5204
v -2.4911 17.9089 10.2332
v -2.4911 17.6931 10.0267
v -2.4129 17.6868 10.1806
v -2.4733 17.4034 9.7069
v -2.4983 17.4072 9.4919
v -2.4911 18.7103 10.3881
v -2.4911 18.9656 10.2332
v -2.4911 19.1813 10.0267
v -2.4911 19.4020 9.6964
v -2.4997 19.4952 9.4140
v -2.4385 19.6072 9.5049
v -2.4385 19.6072 9.5204
v -2.4141 19.6038 9.4441
v -2.4911 27.5103 10.3881
v -2.4911 27.8406 10.1674
v -2.4911 28.1025 9.8687
v -2.5007 28.1808 9.6949
v -2.4911 28.2782 9.5125
v -2.4911 13.5089 10.2332
v -2.4911 13.2931 10.0267
v -2.4911 14.3103 10.3881
v -2.4132 14.1134 10.5976
v -2.4911 14.5656 10.2332
v -2.4911 14.7813 10.0267
v -2.4911 15.0020 9.6964
v -2.4997 15.0952 9.4140
v -2.4911 12.2503 10.3881
v -2.4911 12.5056 10.2332
v -2.4911 12.7213 10.0267
v -2.4141 12.8556 10.0324
v -2.4911 11.4489 10.2332
v -2.4911 11.2331 10.0267
v -2.4807 11.3205 10.2046
v -2.4911 11.0124 9.6964
v -2.4802 10.9615 9.7068
v -2.4911 10.8847 9.3202
v -2.4159 13.0126 9.7896
v -2.4983 13.0072 9.4919
v -2.4911 7.8503 10.3881
v -2.4911 8.1806 10.1674
v -2.5185 8.6072 9.4361
v -2.4911 9.1089 10.2332
v -2.4911 8.8931 10.0267
v -2.4952 8.6121 9.5211
v -2.4911 9.9103 10.3881
v -2.4911 10.1656 10.2332
v -2.4911 10.3813 10.0267
v -2.4911 10.6020 9.6964
v -2.4997 10.6952 9.4140
v -2.4385 10.8072 9.5049
v -2.4385 10.8072 9.5204
v -2.4911 16.6503 10.3881
v -2.4132 16.4534 10.5976
v -2.4911 16.9056 10.2332
v -2.4911 17.1213 10.0267
v -2.4911 15.8489 10.2332
v -2.4911 15.6331 10.0267
v -2.4807 15.7205 10.2046
v -2.4911 15.4124 9.6964
v -2.4802 15.3615 9.7068
v -2.4911 15.2847 9.3202
v -2.4385 15.2072 9.5049
v -2.4385 15.2072 9.5204
v -2.4911 6.9739 10.1674
v -2.4911 6.7120 9.8687
v -2.4911 6.5363 9.5125
v -2.4844 6.5415 9.7314
v -2.5003 6.5031 9.3165
v -2.5048 6.4921 9.2679
v -2.4385 6.4909 9.5826
v 2.4415 21.4193 10.2115
v 2.4415 20.7772 10.5691
v 2.4415 23.4793 10.2115
v 2.4415 25.8193 10.2115
v 2.4549 24.0072 9.2592
v 2.4415 19.0793 10.2115
v 2.4415 27.8793 10.2115
v 2.4415 14.6793 10.2115
v 2.4415 12.6193 10.2115
v 2.4415 11.9772 10.5691
v 2.4415 8.2193 10.2115
v 2.4415 10.2793 10.2115
v 2.4415 17.0193 10.2115
v 2.4482 15.1654 9.4209
v 2.4415 7.5772 10.5691
v -2.4385 20.1352 10.2115
v -2.4385 22.1952 10.2115
v -2.4385 22.8372 10.5691
v -2.4385 26.5952 10.2115
v -2.4385 24.5352 10.2115
v -2.4385 17.7952 10.2115
v -2.4452 19.6491 9.4209
v -2.4385 27.2372 10.5691
v -2.4385 13.3952 10.2115
v -2.4385 14.0372 10.5691
v -2.4385 11.3352 10.2115
v -2.4385 8.9952 10.2115
v -2.4519 10.8072 9.2592
v -2.4385 15.7352 10.2115
v -2.4385 6.9352 10.2115
v 2.4940 21.0503 10.3881
v 2.4940 20.7772 10.4945
v 2.4940 21.6979 9.7858
v 2.4415 21.5757 10.0744
v 2.4415 20.1352 10.2115
v 2.4783 19.6072 9.0233
v 2.4415 19.6551 9.6538
v 2.4415 22.1952 10.2115
v 2.4940 21.9166 9.7858
v 2.4940 22.8372 10.4945
v 2.4940 23.1103 10.3881
v 2.4815 24.0312 9.5871
v 2.4415 23.9593 9.6538
v 2.4940 26.3720 9.8687
v 2.4940 25.4503 10.3881
v 2.4940 25.1772 10.4945
v 2.4940 26.0979 9.7858
v 2.4783 24.0072 9.0233
v 2.4415 24.5352 10.2115
v 2.4415 17.7952 10.2115
v 2.4940 17.5166 9.7858
v 2.4415 17.4080 9.8439
v 2.4940 18.7103 10.3881
v 2.4815 19.5833 9.5871
v 2.4940 27.5103 10.3881
v 2.4940 13.0072 9.5448
v 2.4940 13.0724 9.6964
v 2.4940 14.0372 10.4945
v 2.4940 14.3103 10.3881
v 2.4815 15.2312 9.5871
v 2.4415 15.1593 9.6538
v 2.4940 12.2503 10.3881
v 2.4940 11.9772 10.4945
v 2.4940 12.8979 9.7858
v 2.4415 11.3352 10.2115
v 2.4783 10.8072 9.0233
v 2.4415 10.8551 9.6538
v 2.4940 7.8503 10.3881
v 2.4940 7.5772 10.4945
v 2.4940 8.7166 9.7858
v 2.4940 9.9103 10.3881
v 2.4815 10.7833 9.5871
v 2.4940 16.6503 10.3881
v 2.4940 16.3772 10.4945
v 2.4940 17.2979 9.7858
v 2.4415 17.1757 10.0744
v 2.4415 15.7352 10.2115
v 2.4783 15.2072 9.0233
v 2.4650 6.4071 9.1276
v -2.4911 21.8072 9.5448
v -2.4911 21.7420 9.6964
v -2.4911 20.7772 10.4945
v -2.4911 20.5042 10.3881
v -2.4785 19.5833 9.5871
v -2.4385 19.6551 9.6538
v -2.4911 22.5642 10.3881
v -2.4911 22.8372 10.4945
v -2.4911 21.9166 9.7858
v -2.4385 23.4793 10.2115
v -2.4753 24.0072 9.0233
v -2.4385 23.9593 9.6538
v -2.4911 26.9642 10.3881
v -2.4911 27.2372 10.4945
v -2.4911 26.0979 9.7858
v -2.4911 24.9042 10.3881
v -2.4785 24.0312 9.5871
v -2.4911 18.1642 10.3881
v -2.4911 18.4372 10.4945
v -2.4911 17.5166 9.7858
v -2.4911 17.4072 9.5448
v -2.4753 19.6072 9.0233
v -2.4385 19.0793 10.2115
v -2.4620 28.4074 9.1276
v -2.4911 13.7642 10.3881
v -2.4911 14.0372 10.4945
v -2.4911 13.1166 9.7858
v -2.4385 13.2387 10.0744
v -2.4385 14.6793 10.2115
v -2.4753 15.2072 9.0233
v -2.4385 15.1593 9.6538
v -2.4385 12.6193 10.2115
v -2.4911 12.8979 9.7858
v -2.4911 11.9772 10.4945
v -2.4911 11.7042 10.3881
v -2.4785 10.7833 9.5871
v -2.4385 10.8551 9.6538
v -2.4911 8.4425 9.8687
v -2.4911 9.3642 10.3881
v -2.4911 9.6372 10.4945
v -2.4911 8.7166 9.7858
v -2.4753 10.8072 9.0233
v -2.4385 10.2793 10.2115
v -2.4385 17.4072 9.7334
v -2.4911 17.3420 9.6964
v -2.4911 16.3772 10.4945
v -2.4911 16.1042 10.3881
v -2.4785 15.2312 9.5871
v -2.4911 7.3042 10.3881
v -0.7522 28.3272 13.8152
v 1.7815 28.3272 13.3033
v 1.3315 28.3272 13.3033
v -1.2785 28.3272 13.3033
v -0.3060 28.3272 11.9533
v 1.3806 4.9097 5.1562
v 1.6039 5.1280 4.9863
v 1.7993 5.3195 4.7926
v 1.9637 5.4784 4.5783
v 2.7180 6.2509 4.0616
v 2.2024 5.7144 4.1058
v -4.8585 29.2871 11.0071
v -1.3776 4.9097 5.1562
v -1.6009 5.1280 4.9863
v -1.7963 5.3195 4.7926
v -1.9607 5.4784 4.5783
v 1.6034 29.7008 4.9863
v 1.6039 29.6865 4.9863
v 1.3806 29.9048 5.1562
v 1.3806 29.9236 5.1562
v 1.7988 29.5054 4.7926
v 1.7993 29.4950 4.7926
v 1.9637 29.3360 4.5783
v 1.6034 5.1137 4.9863
v 1.3806 4.8909 5.1562
v 1.7988 5.3091 4.7926
v -1.3776 29.9048 5.1562
v -1.6009 29.6865 4.9863
v -1.6004 29.7008 4.9863
v -1.3776 29.9236 5.1562
v -1.7963 29.4950 4.7926
v -1.7958 29.5054 4.7926
v -1.9607 29.3360 4.5783
v -3.2660 29.2184 4.4968
v -1.6004 5.1137 4.9863
v -1.3776 4.8909 5.1562
v -1.7958 5.3091 4.7926
v 7.2122 15.3690 9.9971
v 5.1630 18.9079 5.6560
v -0.6956 28.4458 4.2268
v 4.9864 24.5847 11.1220
v 7.2153 20.5188 4.7230
v 5.3097 32.2332 5.8017
v 0.3084 31.2476 5.6566
v 1.1342 30.1463 5.2994
v 3.2536 28.8838 4.4369
v 6.4154 33.2370 5.1292
v 3.1941 15.1511 4.5304
v 5.2830 6.3617 5.7407
v 7.2090 4.4944 4.6771
v 7.2215 2.9092 10.5671
v 6.0406 2.5445 10.8091
v 6.6279 1.8683 10.3948
v 7.1715 1.2454 9.0233
v 6.1865 2.3555 10.7294
v 6.4007 2.1140 10.5862
v -2.1826 1.2236 10.0786
v 6.1865 2.3323 10.7294
v 6.4007 2.0957 10.5862
v 6.5945 1.8817 10.4163
v 7.0798 1.3559 9.7002
v 6.4976 1.1964 10.5013
v 6.0406 2.5444 5.3791
v 6.6279 1.8683 4.9648
v 7.2090 1.3700 4.0923
v 6.1865 2.3555 5.2994
v 6.4007 2.1140 5.1562
v 1.1342 4.6682 5.2994
v -0.1009 1.2026 4.6157
v 6.1865 2.3323 5.2994
v 6.4007 2.0957 5.1562
v 6.5945 1.8817 4.9863
v 6.4865 1.1964 5.0586
v 7.0798 1.3559 4.2702
v 7.0470 1.1964 4.2198
v -1.5528 9.4770 11.0419
v -3.1303 16.6772 4.5298
v -7.2185 31.8660 10.6708
v -6.0376 32.2700 10.8091
v -6.6250 32.9462 10.3948
v -7.1267 33.5884 9.4035
v -6.1835 32.4590 10.7294
v -6.3978 32.7005 10.5862
v 3.5665 31.6420 9.9008
v -6.1835 32.4822 10.7294
v -6.3978 32.7188 10.5862
v -6.5915 32.9328 10.4163
v -7.0768 33.4586 9.7002
v -6.2906 33.6180 10.6578
v -6.0376 32.2700 5.3791
v -6.6250 32.9462 4.9648
v -7.1664 33.4529 4.1823
v -6.1835 32.4590 5.2994
v -6.3978 32.7005 5.1562
v -4.9190 29.5379 5.9253
v -1.0353 30.2604 5.3465
v -1.1312 30.1463 5.2994
v -1.3585 33.6024 4.5999
v -6.1835 32.4822 5.2994
v -6.3978 32.7188 5.1562
v -6.5915 32.9328 4.9863
v -7.0768 33.4586 4.2702
v -6.5618 33.6172 4.9566
v -0.0677 16.6226 10.0937
v -5.3335 17.6185 5.7490
v -7.2096 16.6062 10.0297
v -7.2064 18.7759 4.4952
v -7.2185 3.7837 5.1452
v -7.0768 1.3559 4.2702
v -6.1835 2.3555 5.2994
v -6.3978 2.1140 5.1562
v 0.0015 2.2741 5.7902
v -1.1312 4.6682 5.2994
v -4.8226 7.1823 5.4935
v -6.3064 1.1964 5.1320
v -4.3436 2.2131 5.5358
v -6.0376 2.5445 5.3791
v -6.1835 2.3323 5.2994
v -6.3978 2.0957 5.1562
v -6.5915 1.8817 4.9863
v -6.6250 1.8683 4.9648
v -7.1267 1.2333 4.0051
v 0.5050 5.8272 4.9196
v 2.4940 17.4072 6.6583
v 2.4940 28.2998 6.6583
v 2.4975 28.3032 6.6453
v 2.4975 17.4072 6.6453
v 2.4885 17.4072 6.6898
v 2.4885 28.2942 6.6898
v 2.4215 17.4072 6.7483
v 2.4215 28.2272 6.7483
v 2.4295 28.2352 6.7383
v 2.4295 17.4072 6.7383
v 2.4215 28.2272 6.7633
v 2.4215 17.4072 6.7633
v 2.4295 17.4072 6.7733
v 2.4295 28.2352 6.7733
v 3.2055 17.4072 6.6453
v 3.2055 29.0112 6.6453
v 3.2089 29.0147 6.6583
v 3.2089 17.4072 6.6583
v 3.2145 29.0202 6.6898
v 3.2145 17.4072 6.6898
v 3.2815 17.4072 6.7483
v 3.2735 17.4072 6.7383
v 3.2735 29.0792 6.7383
v 3.2815 29.0872 6.7483
v 3.2735 29.0792 6.7733
v 3.2735 17.4072 6.7733
v 3.2815 17.4072 6.7633
v 3.2815 29.0872 6.7633
v 2.4940 17.4072 11.8283
v 2.4940 28.2998 11.8283
v 2.4975 28.3032 11.8153
v 2.4975 17.4072 11.8153
v 2.4885 17.4072 11.8598
v 2.4885 28.2942 11.8598
v 2.4215 17.4072 11.9183
v 2.4215 28.2272 11.9183
v 2.4295 28.2352 11.9083
v 2.4295 17.4072 11.9083
v 2.4215 28.2272 11.9333
v 2.4215 17.4072 11.9333
v 2.4295 17.4072 11.9433
v 2.4295 28.2352 11.9433
v 2.4940 17.4072 16.4283
v 2.4940 28.2998 16.4283
v 2.4975 28.3032 16.4153
v 2.4975 17.4072 16.4153
v 2.4885 17.4072 16.4598
v 2.4885 28.2942 16.4598
v 2.4215 17.4072 16.5183
v 2.4215 28.2272 16.5183
v 2.4295 28.2352 16.5083
v 2.4295 17.4072 16.5083
v 2.4215 28.2272 16.5333
v 2.4215 17.4072 16.5333
v 2.4295 17.4072 16.5433
v 2.4295 28.2352 16.5433
v 2.4975 6.5112 6.6453
v 2.4940 6.5147 6.6583
v 2.4885 6.5202 6.6898
v 2.4295 6.5792 6.7383
v 2.4215 6.5872 6.7483
v 2.4215 6.5872 6.7633
v 2.4295 6.5792 6.7733
v 3.2089 5.7998 6.6583
v 3.2055 5.8032 6.6453
v 3.2145 5.7942 6.6898
v 3.2735 5.7352 6.7383
v 3.2815 5.7272 6.7483
v 3.2735 5.7352 6.7733
v 3.2815 5.7272 6.7633
v 2.4975 6.5112 11.8153
v 2.4940 6.5147 11.8283
v 2.4885 6.5202 11.8598
v 2.4295 6.5792 11.9083
v 2.4215 6.5872 11.9183
v 2.4215 6.5872 11.9333
v 2.4295 6.5792 11.9433
v 2.4975 6.5112 16.4153
v 2.4940 6.5147 16.4283
v 2.4885 6.5202 16.4598
v 2.4295 6.5792 16.5083
v 2.4215 6.5872 16.5183
v 2.4215 6.5872 16.5333
v 2.4295 6.5792 16.5433
v -2.4945 28.3032 6.6453
v -2.4911 28.2998 6.6583
v -2.4911 17.4072 6.6583
v -2.4945 17.4072 6.6453
v -2.4855 28.2942 6.6898
v -2.4855 17.4072 6.6898
v -2.4265 28.2352 6.7383
v -2.4185 28.2272 6.7483
v -2.4185 17.4072 6.7483
v -2.4265 17.4072 6.7383
v -2.4265 17.4072 6.7733
v -2.4185 17.4072 6.7633
v -2.4185 28.2272 6.7633
v -2.4265 28.2352 6.7733
v -3.2025 29.0112 6.6453
v -3.2025 17.4072 6.6453
v -3.2115 29.0202 6.6898
v -3.2115 17.4072 6.6898
v -3.2705 29.0792 6.7383
v -3.2705 17.4072 6.7383
v -3.2785 17.4072 6.7483
v -3.2785 29.0872 6.7483
v -3.2785 17.4072 6.7633
v -3.2705 17.4072 6.7733
v -3.2705 29.0792 6.7733
v -3.2785 29.0872 6.7633
v -2.4945 28.3032 11.8153
v -2.4911 28.2998 11.8283
v -2.4911 17.4072 11.8283
v -2.4945 17.4072 11.8153
v -2.4855 28.2942 11.8598
v -2.4855 17.4072 11.8598
v -2.4265 28.2352 11.9083
v -2.4185 28.2272 11.9183
v -2.4185 17.4072 11.9183
v -2.4265 17.4072 11.9083
v -2.4265 17.4072 11.9433
v -2.4185 17.4072 11.9333
v -2.4185 28.2272 11.9333
v -2.4265 28.2352 11.9433
v -2.4945 28.3032 16.4153
v -2.4911 28.2998 16.4283
v -2.4911 17.4072 16.4283
v -2.4945 17.4072 16.4153
v -2.4855 28.2942 16.4598
v -2.4855 17.4072 16.4598
v -2.4265 28.2352 16.5083
v -2.4185 28.2272 16.5183
v -2.4185 17.4072 16.5183
v -2.4265 17.4072 16.5083
v -2.4265 17.4072 16.5433
v -2.4185 17.4072 16.5333
v -2.4185 28.2272 16.5333
v -2.4265 28.2352 16.5433
v -2.4911 6.5147 6.6583
v -2.4945 6.5112 6.6453
v -2.4855 6.5202 6.6898
v -2.4185 6.5872 6.7483
v -2.4265 6.5792 6.7383
v -2.4185 6.5872 6.7633
v -2.4265 6.5792 6.7733
v -3.2025 5.8032 6.6453
v -3.2060 17.4072 6.6583
v -3.2115 5.7942 6.6898
v -3.2705 5.7352 6.7383
v -3.2785 5.7272 6.7483
v -3.2705 5.7352 6.7733
v -3.2785 5.7272 6.7633
v -2.4911 6.5147 11.8283
v -2.4945 6.5112 11.8153
v -2.4855 6.5202 11.8598
v -2.4185 6.5872 11.9183
v -2.4265 6.5792 11.9083
v -2.4185 6.5872 11.9333
v -2.4265 6.5792 11.9433
v -2.4911 6.5147 16.4283
v -2.4945 6.5112 16.4153
v -2.4855 6.5202 16.4598
v -2.4185 6.5872 16.5183
v -2.4265 6.5792 16.5083
v -2.4185 6.5872 16.5333
v -2.4265 6.5792 16.5433
v 2.5075 17.4072 6.6293
v 2.5075 28.3132 6.6293
v 2.5215 28.3272 6.6233
v 2.5215 17.4072 6.6233
v 2.4700 17.4072 6.7143
v 2.4700 28.2757 6.7143
v 2.4415 17.4072 6.7308
v 2.4415 28.2472 6.7308
v 2.4415 17.4072 6.7808
v 2.4415 28.2472 6.7808
v 2.5215 17.4072 6.7833
v 2.5215 28.3272 6.7833
v 3.1815 17.4072 6.6233
v 3.1815 28.9872 6.6233
v 3.1955 29.0012 6.6293
v 3.1955 17.4072 6.6293
v 3.2330 29.0387 6.7143
v 3.2330 17.4072 6.7143
v 3.2615 17.4072 6.7308
v 3.2615 17.4072 6.7808
v 3.1815 28.9872 6.7833
v 3.1815 17.4072 6.7833
v 2.5075 17.4072 11.7993
v 2.5075 28.3132 11.7993
v 2.5215 28.3272 11.7933
v 2.5215 17.4072 11.7933
v 2.4700 17.4072 11.8843
v 2.4700 28.2757 11.8843
v 2.4415 17.4072 11.9008
v 2.4415 28.2472 11.9008
v 2.4415 17.4072 11.9508
v 2.4415 28.2472 11.9508
v 2.5215 17.4072 11.9533
v 2.5215 28.3272 11.9533
v 0.0015 28.3132 6.6293
v 0.0015 28.3272 6.6233
v 0.0015 28.3032 6.6453
v 0.0015 28.2998 6.6583
v 0.0015 28.2942 6.6898
v 0.0015 28.2757 6.7143
v 0.0015 28.2352 6.7383
v 0.0015 28.2272 6.7483
v 0.0015 28.2272 6.7633
v 0.0015 28.2352 6.7733
v 0.0015 29.0012 6.6293
v 0.0015 29.0112 6.6453
v 0.0015 29.0147 6.6583
v 0.0015 29.0202 6.6898
v 0.0015 29.0387 6.7143
v 0.0015 29.0672 6.7308
v 0.0015 29.0792 6.7383
v 0.0015 29.0872 6.7483
v 0.0015 29.0872 6.7633
v 0.0015 29.0792 6.7733
v 0.0015 29.0672 6.7808
v 0.0015 28.3132 11.7993
v 0.0015 28.3272 11.7933
v 0.0015 28.3032 11.8153
v 0.0015 28.2998 11.8283
v 0.0015 28.2942 11.8598
v 0.0015 28.2757 11.8843
v 0.0015 28.2472 11.9008
v 0.0015 28.2352 11.9083
v 0.0015 28.2272 11.9183
v 0.0015 28.2272 11.9333
v 0.0015 28.2352 11.9433
v 2.5075 17.4072 16.3993
v 2.5075 28.3132 16.3993
v 2.5215 17.4072 16.3933
v 2.4700 17.4072 16.4843
v 2.4700 28.2757 16.4843
v 2.4415 17.4072 16.5008
v 2.4415 28.2472 16.5008
v 2.4415 17.4072 16.5508
v 2.4415 28.2472 16.5508
v 2.5215 17.4072 16.5533
v 2.5215 28.3272 16.5533
v 0.0015 28.3132 16.3993
v 0.0015 28.3272 16.3933
v 0.0015 28.3032 16.4153
v 0.0015 28.2998 16.4283
v 0.0015 28.2942 16.4598
v 0.0015 28.2757 16.4843
v 0.0015 28.2352 16.5083
v 0.0015 28.2272 16.5183
v 0.0015 28.2272 16.5333
v 0.0015 28.2352 16.5433
v 2.5215 6.4872 6.6233
v 2.5075 6.5012 6.6293
v 2.4700 6.5387 6.7143
v 2.4415 6.5672 6.7308
v 2.4415 6.5672 6.7808
v 2.5215 6.4872 6.7833
v 3.1955 5.8132 6.6293
v 3.1815 5.8272 6.6233
v 3.2330 5.7757 6.7143
v 3.1815 5.8272 6.7833
v 2.5215 6.4872 11.7933
v 2.5075 6.5012 11.7993
v 2.4700 6.5387 11.8843
v 2.4415 6.5672 11.9008
v 2.4415 6.5672 11.9508
v 2.5215 6.4872 11.9533
v 0.0015 6.4872 6.6233
v 0.0015 6.5012 6.6293
v 0.0015 6.5112 6.6453
v 0.0015 6.5202 6.6898
v 0.0015 6.5387 6.7143
v 0.0015 6.5792 6.7383
v 0.0015 6.5872 6.7483
v 0.0015 6.5872 6.7633
v 0.0015 6.5792 6.7733
v 0.0015 5.8132 6.6293
v 0.0015 5.8032 6.6453
v 0.0015 5.7998 6.6583
v 0.0015 5.7942 6.6898
v 0.0015 5.7757 6.7143
v 0.0015 5.7472 6.7308
v 0.0015 5.7352 6.7383
v 0.0015 5.7272 6.7483
v 0.0015 5.7272 6.7633
v 0.0015 5.7352 6.7733
v 0.0015 5.7472 6.7808
v 0.0015 6.4872 11.7933
v 0.0015 6.5012 11.7993
v 0.0015 6.5112 11.8153
v 0.0015 6.5202 11.8598
v 0.0015 6.5387 11.8843
v 0.0015 6.5792 11.9083
v 0.0015 6.5872 11.9183
v 0.0015 6.5872 11.9333
v 0.0015 6.5792 11.9433
v 2.5075 6.5012 16.3993
v 2.4700 6.5387 16.4843
v 2.4415 6.5672 16.5008
v 2.4415 6.5672 16.5508
v 2.5215 6.4872 16.5533
v 0.0015 6.4872 16.3933
v 0.0015 6.5012 16.3993
v 0.0015 6.5112 16.4153
v 0.0015 6.5202 16.4598
v 0.0015 6.5387 16.4843
v 0.0015 6.5792 16.5083
v 0.0015 6.5872 16.5183
v 0.0015 6.5872 16.5333
v 0.0015 6.5792 16.5433
v -2.5185 28.3272 6.6233
v -2.5045 28.3132 6.6293
v -2.5045 17.4072 6.6293
v -2.5185 17.4072 6.6233
v -2.4670 28.2757 6.7143
v -2.4670 17.4072 6.7143
v -2.4385 28.2472 6.7308
v -2.4385 17.4072 6.7308
v -2.4385 17.4072 6.7808
v -2.4385 28.2472 6.7808
v -2.5185 17.4072 6.7833
v -2.5185 28.3272 6.7833
v -3.1925 29.0012 6.6293
v -3.1785 28.9872 6.6233
v -3.1785 17.4072 6.6233
v -3.1925 17.4072 6.6293
v -3.2300 29.0387 6.7143
v -3.2300 17.4072 6.7143
v -3.2585 29.0672 6.7308
v -3.2585 17.4072 6.7308
v -3.2585 17.4072 6.7808
v -3.2585 29.0672 6.7808
v -3.1785 17.4072 6.7833
v -3.1785 28.9872 6.7833
v -2.5185 28.3272 11.7933
v -2.5045 28.3132 11.7993
v -2.5045 17.4072 11.7993
v -2.5185 17.4072 11.7933
v -2.4670 28.2757 11.8843
v -2.4670 17.4072 11.8843
v -2.4385 28.2472 11.9008
v -2.4385 17.4072 11.9008
v -2.4385 17.4072 11.9508
v -2.4385 28.2472 11.9508
v -2.5185 17.4072 11.9533
v -2.5185 28.3272 11.9533
v -2.5185 28.3272 16.3933
v -2.5045 28.3132 16.3993
v -2.5045 17.4072 16.3993
v -2.5185 17.4072 16.3933
v -2.4670 28.2757 16.4843
v -2.4670 17.4072 16.4843
v -2.4385 28.2472 16.5008
v -2.4385 17.4072 16.5008
v -2.4385 17.4072 16.5508
v -2.4385 28.2472 16.5508
v -2.5185 17.4072 16.5533
v -2.5185 28.3272 16.5533
v -2.5045 6.5012 6.6293
v -2.5185 6.4872 6.6233
v -2.4670 6.5387 6.7143
v -2.4385 6.5672 6.7308
v -2.4385 6.5672 6.7808
v -2.5185 6.4872 6.7833
v -3.1785 5.8272 6.6233
v -3.1925 5.8132 6.6293
v -3.2300 5.7757 6.7143
v -3.2585 5.7472 6.7308
v -3.2585 5.7472 6.7808
v -3.1785 5.8272 6.7833
v -2.5045 6.5012 11.7993
v -2.5185 6.4872 11.7933
v -2.4670 6.5387 11.8843
v -2.4385 6.5672 11.9008
v -2.4385 6.5672 11.9508
v -2.5185 6.4872 11.9533
v -2.5045 6.5012 16.3993
v -2.5185 6.4872 16.3933
v -2.4670 6.5387 16.4843
v -2.4385 6.5672 16.5008
v -2.4385 6.5672 16.5508
v -2.5185 6.4872 16.5533
v -3.2060 29.0147 6.6583
v -3.2060 5.7998 6.6583
v 3.2615 29.0672 6.7308
v 3.2615 29.0672 6.7808
v 0.0015 28.2472 6.7308
v 0.0015 28.2472 6.7808
v 0.0015 28.9872 6.6233
v 0.0015 28.2472 11.9508
v 2.5215 28.3272 16.3933
v 0.0015 28.2472 16.5008
v 0.0015 28.2472 16.5508
v 3.2615 5.7472 6.7308
v 3.2615 5.7472 6.7808
v 0.0015 6.5147 6.6583
v 0.0015 6.5672 6.7308
v 0.0015 6.5147 11.8283
v 0.0015 6.5672 11.9008
v 2.5215 6.4872 16.3933
v 0.0015 6.5147 16.4283
v 0.0015 6.5672 16.5008
v 0.0015 6.5672 6.7808
v 0.0015 5.8272 6.6233
v 0.0015 6.5672 11.9508
v 0.0015 6.5672 16.5508
v 3.0966 21.7585 8.5176
v 2.8752 21.6878 8.6433
v 2.5974 21.8072 7.6278
v 2.8332 21.9231 7.0483
v 3.0910 26.2549 7.8521
v 2.8793 26.1780 8.6433
v 2.6266 26.1141 8.4058
v 2.8291 26.2856 6.9958
v 2.8332 12.8914 7.0483
v 3.0966 13.0560 8.5176
v 2.8752 13.1266 8.6433
v 2.5974 13.0072 7.6279
v 2.8291 8.5289 6.9958
v 3.0910 8.5596 7.8521
v 2.8793 8.6365 8.6433
v 2.6266 8.7004 8.4058
v -2.8302 21.9231 7.0483
v -3.0936 21.7585 8.5176
v -2.8723 21.6878 8.6433
v -2.5945 21.8072 7.6279
v -2.8261 26.2856 6.9958
v -3.0881 26.2549 7.8521
v -2.8763 26.1780 8.6433
v -2.6236 26.1141 8.4059
v -3.0936 13.0560 8.5176
v -2.8723 13.1266 8.6433
v -2.5945 13.0072 7.6279
v -2.8302 12.8914 7.0483
v -3.0881 8.5596 7.8521
v -2.8763 8.6365 8.6433
v -2.6236 8.7004 8.4058
v -2.8261 8.5289 6.9958
v 0.2410 28.7049 7.8521
v 0.0293 28.6280 8.6433
v -0.2234 28.5641 8.4058
v -0.0209 28.7356 6.9958
v 3.0966 17.3585 8.5176
v 2.5974 17.4072 7.6279
v 2.8629 17.4616 6.9958
v 2.8317 17.4112 8.6433
v -0.0209 6.0789 6.9958
v 0.2410 6.1096 7.8521
v 0.0293 6.1865 8.6433
v -0.2234 6.2504 8.4058
v -2.8599 17.4616 6.9958
v -2.8287 17.4112 8.6433
v -2.5945 17.4072 7.6279
v -3.0936 17.3585 8.5177
v 2.5095 22.3372 13.0233
v 2.5015 22.3272 13.0133
v 2.5015 22.3122 11.9533
v 2.5015 22.3122 12.9983
v 2.5095 22.3022 11.9533
v 2.5095 22.3022 12.9883
v 2.5215 22.2947 12.4671
v 2.5500 22.2782 12.9643
v 2.5685 22.2537 12.9398
v 2.5740 22.2222 11.9533
v 2.5740 22.2222 12.9083
v 2.5775 22.2092 11.9533
v 2.5775 22.2092 12.8953
v 2.5875 22.1932 11.9533
v 2.5875 22.1932 12.8793
v 2.6015 22.1872 12.8733
v 2.6095 22.0157 11.9533
v 2.6069 22.0203 12.7072
v 2.6280 21.8072 12.6773
v 2.5215 21.2697 12.4921
v 2.5095 21.2772 13.0233
v 2.5095 21.2772 11.9533
v 2.5015 21.2872 13.0133
v 2.5015 21.2872 11.9533
v 2.5015 21.3022 12.9983
v 2.5095 21.3122 12.9883
v 2.5215 21.3197 12.4671
v 2.5500 21.3362 12.9643
v 2.5500 21.3362 11.9533
v 2.5685 21.3607 12.9398
v 2.5685 21.3607 11.9533
v 2.5740 21.3922 12.9083
v 2.5740 21.3922 11.9533
v 2.5775 21.4052 12.8953
v 2.5875 21.4212 12.8793
v 2.6015 21.4272 12.8733
v 2.6039 21.5672 11.9533
v 2.6069 21.5934 12.7063
v 2.5095 26.7372 13.0233
v 2.5015 26.7272 13.0133
v 2.5015 26.7122 11.9533
v 2.5015 26.7122 12.9983
v 2.5095 26.7022 11.9533
v 2.5095 26.7022 12.9883
v 2.5215 26.6947 12.4671
v 2.5500 26.6782 12.9643
v 2.5685 26.6537 12.9398
v 2.5740 26.6222 11.9533
v 2.5740 26.6222 12.9083
v 2.5775 26.6092 11.9533
v 2.5775 26.6092 12.8953
v 2.5875 26.5932 11.9533
v 2.5875 26.5932 12.8793
v 2.6015 26.5872 12.8733
v 2.6095 26.4157 11.9533
v 2.6069 26.4203 12.7072
v 2.6280 26.2072 12.6773
v 2.5215 25.6697 12.4921
v 2.5095 25.6772 13.0233
v 2.5095 25.6772 11.9533
v 2.5015 25.6872 13.0133
v 2.5015 25.6872 11.9533
v 2.5015 25.7022 12.9983
v 2.5095 25.7122 12.9883
v 2.5215 25.7197 12.4671
v 2.5500 25.7362 12.9643
v 2.5500 25.7362 11.9533
v 2.5685 25.7607 12.9398
v 2.5685 25.7607 11.9533
v 2.5740 25.7922 12.9083
v 2.5740 25.7922 11.9533
v 2.5775 25.8052 12.8953
v 2.5875 25.8212 12.8793
v 2.6015 25.8272 12.8733
v 2.6039 25.9672 11.9533
v 2.6069 25.9934 12.7063
v 2.5015 12.4872 13.0133
v 2.5095 12.4772 13.0233
v 2.5015 12.5022 12.9983
v 2.5015 12.5022 11.9533
v 2.5095 12.5122 12.9883
v 2.5095 12.5122 11.9533
v 2.5215 12.5197 12.4671
v 2.5685 12.5607 12.9398
v 2.5500 12.5362 12.9643
v 2.5740 12.5922 12.9083
v 2.5740 12.5922 11.9533
v 2.5775 12.6052 12.8953
v 2.5775 12.6052 11.9533
v 2.5875 12.6212 12.8793
v 2.5875 12.6212 11.9533
v 2.6069 12.7942 12.7072
v 2.6015 12.6272 12.8733
v 2.6095 12.7987 11.9533
v 2.5215 13.5447 12.4921
v 2.5095 13.5372 11.9533
v 2.5095 13.5372 13.0233
v 2.5015 13.5272 11.9533
v 2.5015 13.5272 13.0133
v 2.5095 13.5022 12.9883
v 2.5015 13.5122 12.9983
v 2.5215 13.4947 12.4671
v 2.5500 13.4782 11.9533
v 2.5500 13.4782 12.9643
v 2.5685 13.4537 11.9533
v 2.5685 13.4537 12.9398
v 2.5740 13.4222 11.9533
v 2.5740 13.4222 12.9083
v 2.5875 13.3932 12.8793
v 2.5775 13.4092 12.8953
v 2.6015 13.3872 12.8733
v 2.6039 13.2472 11.9533
v 2.6069 13.2211 12.7063
v 2.6280 13.0072 12.6773
v 2.5015 8.0872 13.0133
v 2.5095 8.0772 13.0233
v 2.5015 8.1022 12.9983
v 2.5015 8.1022 11.9533
v 2.5095 8.1122 12.9883
v 2.5095 8.1122 11.9533
v 2.5215 8.1197 12.4671
v 2.5685 8.1607 12.9398
v 2.5500 8.1362 12.9643
v 2.5740 8.1922 12.9083
v 2.5740 8.1922 11.9533
v 2.5775 8.2052 12.8953
v 2.5775 8.2052 11.9533
v 2.5875 8.2212 12.8793
v 2.5875 8.2212 11.9533
v 2.6069 8.3942 12.7072
v 2.6015 8.2272 12.8733
v 2.6095 8.3987 11.9533
v 2.5215 9.1447 12.4921
v 2.5095 9.1372 11.9533
v 2.5095 9.1372 13.0233
v 2.5015 9.1272 11.9533
v 2.5015 9.1272 13.0133
v 2.5095 9.1022 12.9883
v 2.5015 9.1122 12.9983
v 2.5215 9.0947 12.4671
v 2.5500 9.0782 11.9533
v 2.5500 9.0782 12.9643
v 2.5685 9.0537 11.9533
v 2.5685 9.0537 12.9398
v 2.5740 9.0222 11.9533
v 2.5740 9.0222 12.9083
v 2.5875 8.9932 12.8793
v 2.5775 9.0092 12.8953
v 2.6015 8.9872 12.8733
v 2.6039 8.8472 11.9533
v 2.6069 8.8211 12.7063
v 2.6280 8.6072 12.6773
v -2.4985 22.3272 13.0133
v -2.5065 22.3372 13.0233
v -2.4985 22.3122 12.9983
v -2.4985 22.3122 11.9533
v -2.5065 22.3022 12.9883
v -2.5065 22.3022 11.9533
v -2.5185 22.2947 12.4671
v -2.5655 22.2537 12.9398
v -2.5470 22.2782 12.9643
v -2.5711 22.2222 12.9083
v -2.5711 22.2222 11.9533
v -2.5745 22.2092 12.8953
v -2.5745 22.2092 11.9533
v -2.5845 22.1932 12.8793
v -2.5845 22.1932 11.9533
v -2.6040 22.0203 12.7072
v -2.5985 22.1872 12.8733
v -2.6065 22.0157 11.9533
v -2.5185 21.2697 11.9533
v -2.5065 21.2772 11.9533
v -2.5065 21.2772 13.0233
v -2.4985 21.2872 11.9533
v -2.4985 21.2872 13.0133
v -2.5065 21.3122 12.9883
v -2.4985 21.3022 12.9983
v -2.5185 21.3197 11.9533
v -2.5470 21.3362 11.9533
v -2.5470 21.3362 12.9643
v -2.5655 21.3607 11.9533
v -2.5655 21.3607 12.9398
v -2.5711 21.3922 11.9533
v -2.5711 21.3922 12.9083
v -2.5845 21.4212 12.8793
v -2.5745 21.4052 12.8953
v -2.5985 21.4272 12.8733
v -2.6010 21.5672 11.9533
v -2.6040 21.5934 12.7063
v -2.6250 21.8072 12.6773
v -2.4985 26.7272 13.0133
v -2.5065 26.7372 13.0233
v -2.4985 26.7122 12.9983
v -2.4985 26.7122 11.9533
v -2.5065 26.7022 12.9883
v -2.5065 26.7022 11.9533
v -2.5185 26.6947 12.4671
v -2.5655 26.6537 12.9398
v -2.5470 26.6782 12.9643
v -2.5711 26.6222 12.9083
v -2.5711 26.6222 11.9533
v -2.5745 26.6092 12.8953
v -2.5745 26.6092 11.9533
v -2.5845 26.5932 12.8793
v -2.5845 26.5932 11.9533
v -2.6040 26.4203 12.7072
v -2.5985 26.5872 12.8733
v -2.6065 26.4157 11.9533
v -2.5185 25.6697 12.4921
v -2.5065 25.6772 11.9533
v -2.5065 25.6772 13.0233
v -2.4985 25.6872 11.9533
v -2.4985 25.6872 13.0133
v -2.5065 25.7122 12.9883
v -2.4985 25.7022 12.9983
v -2.5185 25.7197 12.4671
v -2.5470 25.7362 11.9533
v -2.5470 25.7362 12.9643
v -2.5655 25.7607 11.9533
v -2.5655 25.7607 12.9398
v -2.5711 25.7922 11.9533
v -2.5711 25.7922 12.9083
v -2.5845 25.8212 12.8793
v -2.5745 25.8052 12.8953
v -2.5985 25.8272 12.8733
v -2.6010 25.9672 11.9533
v -2.6040 25.9934 12.7063
v -2.6250 26.2072 12.6773
v -2.5065 12.4772 13.0233
v -2.4985 12.4872 13.0133
v -2.4985 12.5022 11.9533
v -2.4985 12.5022 12.9983
v -2.5065 12.5122 11.9533
v -2.5065 12.5122 12.9883
v -2.5185 12.5197 12.4671
v -2.5470 12.5362 12.9643
v -2.5655 12.5607 12.9398
v -2.5711 12.5922 11.9533
v -2.5711 12.5922 12.9083
v -2.5745 12.6052 11.9533
v -2.5745 12.6052 12.8953
v -2.5845 12.6212 11.9533
v -2.5845 12.6212 12.8793
v -2.5985 12.6272 12.8733
v -2.6065 12.7987 11.9533
v -2.6040 12.7942 12.7072
v -2.6250 13.0072 12.6773
v -2.5185 13.5447 12.4921
v -2.5065 13.5372 13.0233
v -2.5065 13.5372 11.9533
v -2.4985 13.5272 13.0133
v -2.4985 13.5272 11.9533
v -2.4985 13.5122 12.9983
v -2.5065 13.5022 12.9883
v -2.5185 13.4947 11.9533
v -2.5470 13.4782 12.9643
v -2.5470 13.4782 11.9533
v -2.5655 13.4537 12.9398
v -2.5655 13.4537 11.9533
v -2.5711 13.4222 12.9083
v -2.5711 13.4222 11.9533
v -2.5745 13.4092 12.8953
v -2.5845 13.3932 12.8793
v -2.5985 13.3872 12.8733
v -2.6010 13.2472 11.9533
v -2.6040 13.2211 12.7063
v -2.5065 8.0772 13.0233
v -2.4985 8.0872 13.0133
v -2.4985 8.1022 11.9533
v -2.4985 8.1022 12.9983
v -2.5065 8.1122 11.9533
v -2.5065 8.1122 12.9883
v -2.5185 8.1197 12.4671
v -2.5470 8.1362 12.9643
v -2.5655 8.1607 12.9398
v -2.5711 8.1922 11.9533
v -2.5711 8.1922 12.9083
v -2.5745 8.2052 11.9533
v -2.5745 8.2052 12.8953
v -2.5845 8.2212 11.9533
v -2.5845 8.2212 12.8793
v -2.5985 8.2272 12.8733
v -2.6065 8.3987 11.9533
v -2.6040 8.3942 12.7072
v -2.6250 8.6072 12.6773
v -2.5185 9.1447 11.9533
v -2.5065 9.1372 13.0233
v -2.5065 9.1372 11.9533
v -2.4985 9.1272 13.0133
v -2.4985 9.1272 11.9533
v -2.4985 9.1122 12.9983
v -2.5065 9.1022 12.9883
v -2.5185 9.0947 11.9533
v -2.5470 9.0782 12.9643
v -2.5470 9.0782 11.9533
v -2.5655 9.0537 12.9398
v -2.5655 9.0537 11.9533
v -2.5711 9.0222 12.9083
v -2.5711 9.0222 11.9533
v -2.5745 9.0092 12.8953
v -2.5845 8.9932 12.8793
v -2.5985 8.9872 12.8733
v -2.6010 8.8472 11.9533
v -2.6040 8.8211 12.7063
v 2.5095 17.9372 13.0233
v 2.5015 17.9272 13.0133
v 2.5015 17.9122 11.9533
v 2.5015 17.9122 12.9983
v 2.5095 17.9022 11.9533
v 2.5095 17.9022 12.9883
v 2.5500 17.8782 12.9643
v 2.5685 17.8537 12.9398
v 2.5740 17.8222 12.9083
v 2.5775 17.8092 12.8953
v 2.5875 17.7932 12.8793
v 2.6069 17.6203 12.7072
v 2.5215 16.8697 12.4921
v 2.5095 16.8772 13.0233
v 2.5095 16.8772 11.9533
v 2.5015 16.8872 13.0133
v 2.5015 16.8872 11.9533
v 2.5015 16.9022 12.9983
v 2.5095 16.9122 12.9883
v 2.5500 16.9362 12.9643
v 2.5685 16.9607 12.9398
v 2.5740 16.9922 12.9083
v 2.5775 17.0052 12.8953
v 2.5875 17.0212 12.8793
v 2.6069 17.1934 12.7063
v -2.4985 17.9272 13.0133
v -2.5065 17.9372 13.0233
v -2.4985 17.9122 12.9983
v -2.4985 17.9122 11.9533
v -2.5065 17.9022 12.9883
v -2.5065 17.9022 11.9533
v -2.5185 17.8947 12.4671
v -2.5655 17.8537 12.9398
v -2.5711 17.8222 12.9083
v -2.5745 17.8092 12.8953
v -2.5845 17.7932 12.8793
v -2.6040 17.6203 12.7072
v -2.5185 16.8697 12.4921
v -2.5065 16.8772 11.9533
v -2.5065 16.8772 13.0233
v -2.4985 16.8872 11.9533
v -2.4985 16.8872 13.0133
v -2.5065 16.9122 12.9883
v -2.4985 16.9022 12.9983
v -2.5185 16.9197 12.4671
v -2.5470 16.9362 12.9643
v -2.5655 16.9607 12.9398
v -2.5711 16.9922 12.9083
v -2.5745 17.0052 12.8953
v -2.5985 17.0272 12.8733
v -2.6040 17.1934 12.7063
v 2.5215 17.8947 12.4671
v 2.5740 17.8222 11.9533
v 2.5775 17.8092 11.9533
v 2.5875 17.7932 11.9533
v 2.6015 17.7872 12.8733
v 2.6095 17.6157 11.9533
v 2.6280 17.4072 12.6773
v 2.5215 16.9197 12.4671
v 2.5500 16.9362 11.9533
v 2.5685 16.9607 11.9533
v 2.5740 16.9922 11.9533
v 2.6015 17.0272 12.8733
v 2.6039 17.1672 11.9533
v -2.5470 17.8782 12.9643
v -2.5711 17.8222 11.9533
v -2.5745 17.8092 11.9533
v -2.5845 17.7932 11.9533
v -2.5985 17.7872 12.8733
v -2.6065 17.6157 11.9533
v -2.5470 16.9362 11.9533
v -2.5655 16.9607 11.9533
v -2.5711 16.9922 11.9533
v -2.5845 17.0212 12.8793
v -2.6010 17.1672 11.9533
v -2.6250 17.4072 12.6773
v 2.4995 19.2552 8.6533
v 2.5065 19.9522 8.6433
v 2.4995 19.2552 8.6733
v 2.5065 19.2622 8.6833
v 2.5065 19.9522 8.6833
v 2.4995 19.9592 8.6733
v 2.4715 19.9872 8.9433
v 2.4465 19.2022 8.9433
v 2.4465 20.0122 8.9433
v 2.4415 19.1972 8.9533
v 2.4415 19.1972 8.9733
v 2.4415 20.0172 8.9733
v 2.4415 20.0172 8.9533
v 3.1965 19.9522 8.6433
v 2.5215 19.2772 8.6833
v 2.5215 19.9372 8.6833
v 2.4746 19.2352 8.9285
v 2.4930 19.9657 8.8733
v 2.4295 20.0292 8.9733
v 2.4295 19.1852 8.9733
v 2.4295 19.1852 9.0233
v 2.4295 20.0292 9.0233
v 3.2035 19.2552 8.6533
v 2.8515 19.3023 8.5860
v 3.2035 19.9592 8.6533
v 3.2035 19.9592 8.6733
v 3.1965 19.9522 8.6833
v 3.1965 19.2622 8.6833
v 3.2035 19.2552 8.6733
v 3.2615 19.1972 8.9533
v 3.2565 19.2022 8.9433
v 3.2565 20.0122 8.9433
v 3.2615 20.0172 8.9533
v 3.2735 19.1852 8.9733
v 3.2615 19.1972 8.9733
v 3.2615 20.0172 8.9733
v 3.2735 20.0292 8.9983
v 3.1815 19.9372 8.6833
v 3.1815 19.2772 8.6833
v 3.2315 19.9872 8.9283
v 3.2142 19.2413 8.8859
v 3.2315 19.2272 8.9433
v 3.2735 19.1852 9.0233
v 2.4995 23.6552 8.6533
v 2.5065 24.3522 8.6433
v 2.4995 23.6552 8.6733
v 2.5065 23.6622 8.6833
v 2.5065 24.3522 8.6833
v 2.4995 24.3592 8.6733
v 2.4715 24.3872 8.9433
v 2.4465 23.6022 8.9433
v 2.4465 24.4122 8.9433
v 2.4415 23.5972 8.9533
v 2.4415 23.5972 8.9733
v 2.4415 24.4172 8.9733
v 2.4415 24.4172 8.9533
v 3.1965 24.3522 8.6433
v 2.5215 23.6772 8.6833
v 2.5215 24.3372 8.6833
v 2.4746 23.6352 8.9285
v 2.4930 24.3657 8.8733
v 2.4295 24.4292 8.9733
v 2.4295 23.5852 8.9733
v 2.4295 23.5852 9.0233
v 2.4295 24.4292 9.0233
v 3.2035 23.6552 8.6533
v 2.8515 23.7023 8.5860
v 3.2035 24.3592 8.6533
v 3.2035 24.3592 8.6733
v 3.1965 24.3522 8.6833
v 3.1965 23.6622 8.6833
v 3.2035 23.6552 8.6733
v 3.2615 23.5972 8.9533
v 3.2565 23.6022 8.9433
v 3.2565 24.4122 8.9433
v 3.2615 24.4172 8.9533
v 3.2735 23.5852 8.9733
v 3.2615 23.5972 8.9733
v 3.2615 24.4172 8.9733
v 3.2735 24.4292 8.9983
v 3.1815 24.3372 8.6833
v 3.1815 23.6772 8.6833
v 3.2315 24.3872 8.9283
v 3.2142 23.6413 8.8859
v 3.2315 23.6272 8.9433
v 3.2735 23.5852 9.0233
v 2.4995 15.5592 8.6533
v 2.8515 15.5121 8.5860
v 2.5065 14.8622 8.6433
v 2.5065 14.8622 8.6833
v 2.5065 15.5522 8.6833
v 2.4995 15.5592 8.6733
v 2.4995 14.8552 8.6733
v 2.4465 15.6122 8.9433
v 2.4746 15.5793 8.9285
v 2.4715 14.8272 8.9433
v 2.4465 14.8022 8.9433
v 2.4415 14.7972 8.9733
v 2.4415 15.6172 8.9733
v 2.4415 15.6172 8.9533
v 2.4415 14.7972 8.9533
v 2.5215 14.8772 8.6833
v 2.5215 15.5372 8.6833
v 2.4930 14.8487 8.8733
v 2.4295 14.7852 8.9733
v 2.4295 15.6292 8.9733
v 2.4295 14.7852 9.0233
v 2.4295 15.6292 9.0233
v 3.1965 14.8622 8.6433
v 3.2035 15.5592 8.6533
v 3.2035 14.8552 8.6533
v 3.1965 15.5522 8.6833
v 3.1965 14.8622 8.6833
v 3.2035 14.8552 8.6733
v 3.2035 15.5592 8.6733
v 3.2565 14.8022 8.9433
v 3.2565 15.6122 8.9433
v 3.2615 15.6172 8.9533
v 3.2615 14.7972 8.9533
v 3.2615 14.7972 8.9733
v 3.2615 15.6172 8.9733
v 3.2735 15.6292 8.9733
v 3.1815 15.5372 8.6833
v 3.1815 14.8772 8.6833
v 3.2142 15.5732 8.8859
v 3.2315 15.5872 8.9433
v 3.2315 14.8272 8.9283
v 3.2735 15.6292 9.0233
v 3.2735 14.7852 8.9983
v 2.4995 11.1592 8.6533
v 2.8515 11.1121 8.5860
v 2.5065 10.4622 8.6433
v 2.5065 10.4622 8.6833
v 2.5065 11.1522 8.6833
v 2.4995 11.1592 8.6733
v 2.4995 10.4552 8.6733
v 2.4465 11.2122 8.9433
v 2.4746 11.1793 8.9285
v 2.4715 10.4272 8.9433
v 2.4465 10.4022 8.9433
v 2.4415 10.3972 8.9733
v 2.4415 11.2172 8.9733
v 2.4415 11.2172 8.9533
v 2.4415 10.3972 8.9533
v 2.5215 10.4772 8.6833
v 2.5215 11.1372 8.6833
v 2.4930 10.4487 8.8733
v 2.4295 10.3852 8.9733
v 2.4295 11.2292 8.9733
v 2.4295 10.3852 9.0233
v 2.4295 11.2292 9.0233
v 3.1965 10.4622 8.6433
v 3.2035 11.1592 8.6533
v 3.2035 10.4552 8.6533
v 3.1965 11.1522 8.6833
v 3.1965 10.4622 8.6833
v 3.2035 10.4552 8.6733
v 3.2035 11.1592 8.6733
v 3.2565 10.4022 8.9433
v 3.2565 11.2122 8.9433
v 3.2615 11.2172 8.9533
v 3.2615 10.3972 8.9533
v 3.2615 10.3972 8.9733
v 3.2615 11.2172 8.9733
v 3.2735 11.2292 8.9733
v 3.1815 11.1372 8.6833
v 3.1815 10.4772 8.6833
v 3.2142 11.1732 8.8859
v 3.2315 11.1872 8.9433
v 3.2315 10.4272 8.9283
v 3.2735 11.2292 9.0233
v 3.2735 10.3852 8.9983
v -2.4965 19.2552 8.6533
v -2.8485 19.3023 8.5860
v -2.5035 19.9522 8.6433
v -2.5035 19.9522 8.6833
v -2.5035 19.2622 8.6833
v -2.4965 19.2552 8.6733
v -2.4965 19.9592 8.6733
v -2.4435 19.2022 8.9433
v -2.4716 19.2352 8.9285
v -2.4685 19.9872 8.9433
v -2.4435 20.0122 8.9433
v -2.4385 20.0172 8.9733
v -2.4385 19.1972 8.9733
v -2.4385 19.1972 8.9533
v -2.4385 20.0172 8.9533
v -2.5185 19.9372 8.6833
v -2.5185 19.2772 8.6833
v -2.4900 19.9657 8.8733
v -2.4265 20.0292 8.9733
v -2.4265 19.1852 8.9733
v -2.4265 20.0292 9.0233
v -2.4265 19.1852 9.0233
v -3.1935 19.9522 8.6433
v -3.2005 19.2552 8.6533
v -3.2005 19.9592 8.6533
v -3.1935 19.2622 8.6833
v -3.1935 19.9522 8.6833
v -3.2005 19.9592 8.6733
v -3.2005 19.2552 8.6733
v -3.2535 20.0122 8.9433
v -3.2535 19.2022 8.9433
v -3.2585 19.1972 8.9533
v -3.2585 20.0172 8.9533
v -3.2585 20.0172 8.9733
v -3.2585 19.1972 8.9733
v -3.2705 19.1852 8.9733
v -3.1785 19.2772 8.6833
v -3.1785 19.9372 8.6833
v -3.2112 19.2413 8.8859
v -3.2285 19.2272 8.9433
v -3.2285 19.9872 8.9283
v -3.2705 19.1852 9.0233
v -3.2705 20.0292 8.9983
v -2.4965 23.6552 8.6533
v -2.8485 23.7023 8.5860
v -2.5035 24.3522 8.6433
v -2.5035 24.3522 8.6833
v -2.5035 23.6622 8.6833
v -2.4965 23.6552 8.6733
v -2.4965 24.3592 8.6733
v -2.4435 23.6022 8.9433
v -2.4716 23.6352 8.9285
v -2.4685 24.3872 8.9433
v -2.4435 24.4122 8.9433
v -2.4385 24.4172 8.9733
v -2.4385 23.5972 8.9733
v -2.4385 23.5972 8.9533
v -2.4385 24.4172 8.9533
v -2.5185 24.3372 8.6833
v -2.5185 23.6772 8.6833
v -2.4900 24.3657 8.8733
v -2.4265 24.4292 8.9733
v -2.4265 23.5852 8.9733
v -2.4265 24.4292 9.0233
v -2.4265 23.5852 9.0233
v -3.1935 24.3522 8.6433
v -3.2005 23.6552 8.6533
v -3.2005 24.3592 8.6533
v -3.1935 23.6622 8.6833
v -3.1935 24.3522 8.6833
v -3.2005 24.3592 8.6733
v -3.2005 23.6552 8.6733
v -3.2535 24.4122 8.9433
v -3.2535 23.6022 8.9433
v -3.2585 23.5972 8.9533
v -3.2585 24.4172 8.9533
v -3.2585 24.4172 8.9733
v -3.2585 23.5972 8.9733
v -3.2705 23.5852 8.9733
v -3.1785 23.6772 8.6833
v -3.1785 24.3372 8.6833
v -3.2112 23.6413 8.8859
v -3.2285 23.6272 8.9433
v -3.2285 24.3872 8.9283
v -3.2705 23.5852 9.0233
v -3.2705 24.4292 8.9983
v -2.4965 15.5592 8.6533
v -2.5035 14.8622 8.6433
v -2.4965 15.5592 8.6733
v -2.5035 15.5522 8.6833
v -2.5035 14.8622 8.6833
v -2.4965 14.8552 8.6733
v -2.4685 14.8272 8.9433
v -2.4435 15.6122 8.9433
v -2.4435 14.8022 8.9433
v -2.4385 15.6172 8.9533
v -2.4385 15.6172 8.9733
v -2.4385 14.7972 8.9733
v -2.4385 14.7972 8.9533
v -3.1935 14.8622 8.6433
v -2.5185 15.5372 8.6833
v -2.5185 14.8772 8.6833
v -2.4716 15.5793 8.9285
v -2.4900 14.8487 8.8733
v -2.4265 14.7852 8.9733
v -2.4265 15.6292 8.9733
v -2.4265 15.6292 9.0233
v -2.4265 14.7852 9.0233
v -3.2005 15.5592 8.6533
v -2.8485 15.5121 8.5860
v -3.2005 14.8552 8.6533
v -3.2005 14.8552 8.6733
v -3.1935 14.8622 8.6833
v -3.1935 15.5522 8.6833
v -3.2005 15.5592 8.6733
v -3.2585 15.6172 8.9533
v -3.2535 15.6122 8.9433
v -3.2535 14.8022 8.9433
v -3.2585 14.7972 8.9533
v -3.2705 15.6292 8.9733
v -3.2585 15.6172 8.9733
v -3.2585 14.7972 8.9733
v -3.2705 14.7852 8.9983
v -3.1785 14.8772 8.6833
v -3.1785 15.5372 8.6833
v -3.2285 14.8272 8.9283
v -3.2112 15.5732 8.8859
v -3.2285 15.5872 8.9433
v -3.2705 15.6292 9.0233
v -2.4965 11.1592 8.6533
v -2.5035 10.4622 8.6433
v -2.4965 11.1592 8.6733
v -2.5035 11.1522 8.6833
v -2.5035 10.4622 8.6833
v -2.4965 10.4552 8.6733
v -2.4685 10.4272 8.9433
v -2.4435 11.2122 8.9433
v -2.4435 10.4022 8.9433
v -2.4385 11.2172 8.9533
v -2.4385 11.2172 8.9733
v -2.4385 10.3972 8.9733
v -2.4385 10.3972 8.9533
v -3.1935 10.4622 8.6433
v -2.5185 11.1372 8.6833
v -2.5185 10.4772 8.6833
v -2.4716 11.1793 8.9285
v -2.4900 10.4487 8.8733
v -2.4265 10.3852 8.9733
v -2.4265 11.2292 8.9733
v -2.4265 11.2292 9.0233
v -2.4265 10.3852 9.0233
v -3.2005 11.1592 8.6533
v -2.8485 11.1121 8.5860
v -3.2005 10.4552 8.6533
v -3.2005 10.4552 8.6733
v -3.1935 10.4622 8.6833
v -3.1935 11.1522 8.6833
v -3.2005 11.1592 8.6733
v -3.2585 11.2172 8.9533
v -3.2535 11.2122 8.9433
v -3.2535 10.4022 8.9433
v -3.2585 10.3972 8.9533
v -3.2705 11.2292 8.9733
v -3.2585 11.2172 8.9733
v -3.2585 10.3972 8.9733
v -3.2705 10.3852 8.9983
v -3.1785 10.4772 8.6833
v -3.1785 11.1372 8.6833
v -3.2285 10.4272 8.9283
v -3.2112 11.1732 8.8859
v -3.2285 11.1872 8.9433
v -3.2705 11.2292 9.0233
v 3.2735 5.7352 8.9983
v 2.1795 6.5792 9.0233
v 2.4329 6.5759 8.9837
v 3.2735 6.8292 9.0233
v 2.4295 6.8292 9.0233
v -2.1765 5.7352 8.9983
v -2.1765 6.5792 9.0233
v -2.4265 6.8292 9.0233
v -3.2705 6.8292 9.0233
v 2.1795 29.0792 8.9983
v 2.1795 28.2352 9.0233
v 2.4295 27.9852 9.0233
v 3.2735 27.9852 9.0233
v -3.2705 29.0792 8.9983
v -2.1765 28.2352 9.0233
v -2.4299 28.2386 8.9837
v -3.2705 27.9852 9.0233
v -2.4265 27.9852 9.0233
v 2.2495 28.3052 8.6733
v 2.2565 28.3122 8.6833
v 2.2565 29.0022 8.6833
v 2.2495 29.0092 8.6733
v 2.2715 28.9872 8.6833
v 2.1965 29.0622 8.9433
v 2.2215 29.0372 8.9433
v 2.2215 28.2772 8.9433
v 2.1965 28.2522 8.9433
v 2.1915 29.0672 8.9733
v 2.1915 29.0672 8.9533
v 2.1915 28.2472 8.9533
v 2.1915 28.2472 8.9733
v 2.7265 29.0022 8.6433
v 2.3972 28.3141 8.6551
v 2.2495 28.3052 8.6533
v 2.1795 28.2352 8.9733
v 2.4731 28.2789 8.9356
v 2.4329 28.2386 8.9837
v 2.4995 28.0552 8.6733
v 3.2035 28.0552 8.6733
v 3.1965 28.0622 8.6833
v 3.1815 28.0772 8.6833
v 2.5215 28.0772 8.6833
v 2.5065 28.0622 8.6833
v 2.4924 28.0521 8.8733
v 3.2236 28.0303 8.9285
v 2.4295 27.9852 8.9733
v 2.4415 27.9972 8.9733
v 3.2615 27.9972 8.9733
v 3.2735 27.9852 8.9733
v 3.2565 28.0022 8.9433
v 3.2615 27.9972 8.9533
v 2.8214 28.1146 8.4926
v 2.4715 28.0272 8.9433
v 2.4415 27.9972 8.9533
v 2.4465 28.0022 8.9433
v 3.2735 29.0792 8.9983
v 2.2565 5.8122 8.6833
v 2.2565 6.5022 8.6833
v 2.2495 6.5092 8.6733
v 2.2495 5.8052 8.6733
v 2.2715 5.8272 8.6833
v 2.2215 6.5372 8.9433
v 2.1965 5.7522 8.9433
v 2.1965 6.5622 8.9433
v 2.1915 6.5672 8.9533
v 2.1915 5.7472 8.9533
v 2.1915 5.7472 8.9733
v 2.1915 6.5672 8.9733
v 2.2495 6.5092 8.6533
v 2.3972 6.5003 8.6551
v 2.1795 6.5792 8.9733
v 2.1795 5.7352 8.9983
v 2.4731 6.5356 8.9356
v 2.8214 6.6999 8.4926
v 2.4995 6.7592 8.6733
v 3.2035 6.7592 8.6733
v 2.5215 6.7372 8.6833
v 3.1815 6.7372 8.6833
v 3.1965 6.7522 8.6833
v 2.5065 6.7522 8.6833
v 2.4924 6.7624 8.8733
v 3.2615 6.8172 8.9733
v 2.4415 6.8172 8.9733
v 2.4295 6.8292 8.9733
v 3.2735 6.8292 8.9733
v 3.2236 6.7842 8.9285
v 3.2565 6.8122 8.9433
v 3.2615 6.8172 8.9533
v 2.4715 6.7872 8.9433
v 2.4415 6.8172 8.9533
v 2.4465 6.8122 8.9433
v 2.7265 5.8122 8.6433
v -2.2535 29.0022 8.6833
v -2.2535 28.3122 8.6833
v -2.2465 28.3052 8.6733
v -2.2465 29.0092 8.6733
v -2.2685 28.9872 8.6833
v -2.2185 28.2772 8.9433
v -2.1935 29.0622 8.9433
v -2.1935 28.2522 8.9433
v -2.1885 28.2472 8.9533
v -2.1885 29.0672 8.9533
v -2.1885 29.0672 8.9733
v -2.1885 28.2472 8.9733
v -2.2465 28.3052 8.6533
v -2.3942 28.3141 8.6551
v -2.1765 28.2352 8.9733
v -2.1765 29.0792 8.9983
v -2.4701 28.2789 8.9356
v -2.8184 28.1146 8.4926
v -2.4965 28.0552 8.6733
v -3.2005 28.0552 8.6733
v -2.5185 28.0772 8.6833
v -3.1785 28.0772 8.6833
v -3.1935 28.0622 8.6833
v -2.5035 28.0622 8.6833
v -2.4894 28.0521 8.8733
v -3.2585 27.9972 8.9733
v -2.4385 27.9972 8.9733
v -2.4265 27.9852 8.9733
v -3.2705 27.9852 8.9733
v -3.2206 28.0303 8.9285
v -3.2535 28.0022 8.9433
v -3.2585 27.9972 8.9533
v -2.4685 28.0272 8.9433
v -2.4385 27.9972 8.9533
v -2.4435 28.0022 8.9433
v -2.7235 29.0022 8.6433
v -2.2465 6.5092 8.6733
v -2.2535 6.5022 8.6833
v -2.2535 5.8122 8.6833
v -2.2465 5.8052 8.6733
v -2.2684 6.4794 8.7349
v -2.2685 5.8272 8.6833
v -2.1935 5.7522 8.9433
v -2.2185 5.7772 8.9433
v -2.2185 6.5372 8.9433
v -2.1935 6.5622 8.9433
v -2.1885 5.7472 8.9733
v -2.1885 5.7472 8.9533
v -2.1885 6.5672 8.9533
v -2.1885 6.5672 8.9733
v -2.2535 5.8122 8.6433
v -2.2535 6.5022 8.6433
v -2.2465 6.5092 8.6533
v -2.1765 6.5792 8.9733
v -2.4984 6.5074 8.6703
v -2.4701 6.5356 8.9356
v -2.4299 6.5759 8.9837
v -2.4965 6.7592 8.6733
v -2.4965 6.7592 8.6533
v -3.2005 6.7592 8.6533
v -3.2005 6.7592 8.6733
v -3.1935 6.7522 8.6833
v -3.1785 6.7372 8.6833
v -2.5185 6.7372 8.6833
v -2.5035 6.7522 8.6833
v -2.4894 6.7624 8.8733
v -3.2206 6.7842 8.9285
v -2.4265 6.8292 8.9733
v -2.4385 6.8172 8.9733
v -3.2585 6.8172 8.9733
v -3.2705 6.8292 8.9733
v -3.2535 6.8122 8.9433
v -3.2585 6.8172 8.9533
v -2.5035 6.7522 8.6433
v -3.1935 6.7522 8.6433
v -2.4685 6.7872 8.9433
v -2.4385 6.8172 8.9533
v -2.4435 6.8122 8.9433
v -3.1935 5.8122 8.6433
v -3.2705 5.7352 8.9983
v -2.5185 6.4872 8.6433
v -2.8485 6.7372 8.6433
v 2.2495 29.0092 8.6533
v 3.2035 29.0092 8.6533
v 3.2035 29.0092 8.6733
v 3.1815 28.9872 8.6833
v 3.2100 29.0157 8.8733
v 3.2315 29.0372 8.9433
v 3.2565 29.0622 8.9433
v 3.2615 29.0672 8.9533
v 3.2615 29.0672 8.9733
v 3.1965 29.0022 8.6833
v 2.2495 5.8052 8.6533
v 2.2215 5.7772 8.9433
v 3.2035 5.8052 8.6533
v 3.2035 5.8052 8.6733
v 3.1815 5.8272 8.6833
v 3.2315 5.7772 8.9433
v 3.2565 5.7522 8.9433
v 3.2615 5.7472 8.9533
v 3.2615 5.7472 8.9733
v 3.1965 5.8122 8.6833
v 3.2100 5.7987 8.8733
v -2.2465 29.0092 8.6533
v -2.2185 29.0372 8.9433
v -3.2005 29.0092 8.6533
v -3.2005 29.0092 8.6733
v -3.1785 28.9872 8.6833
v -3.2285 29.0372 8.9433
v -3.2535 29.0622 8.9433
v -3.2585 29.0672 8.9533
v -3.2585 29.0672 8.9733
v -3.1935 29.0022 8.6833
v -3.2070 29.0157 8.8733
v -2.2465 5.8052 8.6533
v -3.2005 5.8052 8.6533
v -3.2005 5.8052 8.6733
v -3.1785 5.8272 8.6833
v -3.2070 5.7987 8.8733
v -3.2285 5.7772 8.9433
v -3.2535 5.7522 8.9433
v -3.2585 5.7472 8.9533
v -3.2585 5.7472 8.9733
v -3.1935 5.8122 8.6833
v -3.1785 6.2822 8.6433
v 3.1215 22.0772 8.9433
v 3.1282 21.5306 8.9414
v 3.1798 22.1356 9.0233
v 2.5231 22.1356 9.0233
v 3.1798 21.4789 9.0233
v 2.5231 21.4789 9.0233
v 3.1215 26.4772 8.9433
v 3.1282 25.9306 8.9414
v 3.1798 26.5356 9.0233
v 2.5231 26.5356 9.0233
v 3.1798 25.8789 9.0233
v 2.5231 25.8789 9.0233
v 2.5980 22.0270 8.9261
v 2.5754 21.5311 8.9398
v 2.5980 26.4270 8.9261
v 2.5754 25.9311 8.9398
v 2.5943 13.0029 8.9333
v 2.8515 12.7372 8.9433
v 2.6020 13.1106 8.9433
v 2.5754 13.2834 8.9398
v 2.8966 12.7592 8.9325
v 3.1798 12.6789 9.0233
v 2.5231 12.6789 9.0233
v 3.1798 13.3356 9.0233
v 2.5231 13.3356 9.0233
v 2.5943 8.6029 8.9333
v 2.8515 8.3372 8.9433
v 2.6020 8.7106 8.9433
v 2.5754 8.8834 8.9398
v 2.8966 8.3592 8.9325
v 3.1798 8.2789 9.0233
v 2.5231 8.2789 9.0233
v 3.1798 8.9356 9.0233
v 2.5231 8.9356 9.0233
v 2.6014 12.9657 8.6681
v -2.5913 21.8116 8.9333
v -2.8485 22.0772 8.9433
v -2.5991 21.7039 8.9433
v -2.5724 21.5311 8.9398
v -2.8937 22.0553 8.9325
v -3.1769 22.1356 9.0233
v -2.5202 22.1356 9.0233
v -3.1769 21.4789 9.0233
v -2.5202 21.4789 9.0233
v -2.5913 26.2116 8.9333
v -2.8485 26.4772 8.9433
v -2.5991 26.1039 8.9433
v -2.5724 25.9311 8.9398
v -2.8937 26.4553 8.9325
v -3.1769 26.5356 9.0233
v -2.5202 26.5356 9.0233
v -3.1769 25.8789 9.0233
v -2.5202 25.8789 9.0233
v -2.5984 21.8488 8.6681
v -3.1185 12.7372 8.9433
v -3.1252 13.2839 8.9414
v -3.1769 12.6789 9.0233
v -2.5202 12.6789 9.0233
v -3.1769 13.3356 9.0233
v -2.5202 13.3356 9.0233
v -3.1185 8.3372 8.9433
v -3.1252 8.8839 8.9414
v -3.1769 8.2789 9.0233
v -2.5202 8.2789 9.0233
v -3.1769 8.9356 9.0233
v -2.5202 8.9356 9.0233
v -2.5950 12.7875 8.9261
v -2.5724 13.2834 8.9398
v -2.5950 8.3875 8.9261
v -2.5724 8.8834 8.9398
v 0.2715 28.9272 8.9433
v 0.2782 28.3806 8.9414
v 0.3298 28.9856 9.0233
v -0.3269 28.9856 9.0233
v 0.3298 28.3289 9.0233
v -0.3269 28.3289 9.0233
v -0.2520 28.8770 8.9261
v -0.2746 28.3811 8.9398
v 3.1215 17.6772 8.9433
v 3.1282 17.1306 8.9414
v 3.1798 17.7356 9.0233
v 2.5231 17.7356 9.0233
v 3.1798 17.0789 9.0233
v 2.5231 17.0789 9.0233
v 2.5980 17.6270 8.9261
v 2.6029 17.4514 8.6702
v 2.5754 17.1311 8.9398
v 2.8966 17.6553 8.9325
v 2.8515 17.1504 8.9347
v -0.2557 6.1529 8.9333
v 0.0015 5.8872 8.9433
v -0.2480 6.2606 8.9433
v -0.2746 6.4334 8.9398
v 0.0466 5.9092 8.9325
v 0.3298 5.8289 9.0233
v -0.3269 5.8289 9.0233
v 0.3298 6.4856 9.0233
v -0.3269 6.4856 9.0233
v -2.5913 17.4116 8.9333
v -2.5991 17.3039 8.9433
v -2.5724 17.1311 8.9398
v -2.9595 17.6606 8.9374
v -3.1769 17.7356 9.0233
v -2.5202 17.7356 9.0233
v -3.1769 17.0789 9.0233
v -2.5202 17.0789 9.0233
v -3.1023 17.5917 8.9241
v 2.5606 21.5163 8.9433
v 2.5606 22.0982 8.9433
v 2.5606 25.9163 8.9433
v 2.5606 26.4982 8.9433
v 3.1424 13.2982 8.9433
v 2.5606 13.2982 8.9433
v 3.1215 12.7372 8.9433
v 3.1424 8.8982 8.9433
v 2.5606 8.8982 8.9433
v 3.1215 8.3372 8.9433
v -3.1394 21.5163 8.9433
v -2.5576 21.5163 8.9433
v -3.1185 22.0772 8.9433
v -3.1394 25.9163 8.9433
v -2.5576 25.9163 8.9433
v -3.1185 26.4772 8.9433
v -2.5576 13.2982 8.9433
v -2.5576 12.7163 8.9433
v -2.5576 8.8982 8.9433
v -2.5576 8.3163 8.9433
v -0.2894 28.3663 8.9433
v -0.2894 28.9482 8.9433
v 2.5606 17.6982 8.9433
v 2.5606 17.1163 8.9433
v 2.8515 17.6172 8.6433
v 0.2924 6.4482 8.9433
v -0.2894 6.4482 8.9433
v 0.2715 5.8872 8.9433
v -2.5576 17.1163 8.9433
v -3.1394 17.1163 8.9433
v 2.9000 21.7886 8.6722
v 3.1622 21.4966 8.9433
v 3.1685 21.4902 8.9533
v 2.5345 21.4902 8.9533
v 2.5408 21.4966 8.9433
v 2.7269 26.0059 8.7227
v 3.0927 26.1347 8.6725
v 2.5345 13.3243 8.9533
v 3.1685 13.3243 8.9533
v 3.1622 13.3179 8.9433
v 2.5408 13.3179 8.9433
v 2.5992 8.5798 8.6741
v -2.5315 21.4902 8.9533
v -3.1655 21.4902 8.9533
v -3.1592 21.4966 8.9433
v -2.5378 21.4966 8.9433
v -2.5962 26.2347 8.6741
v -2.8970 13.0259 8.6722
v -3.1592 13.3179 8.9433
v -3.1655 13.3243 8.9533
v -2.5315 13.3243 8.9533
v -2.5378 13.3179 8.9433
v -2.8970 8.6259 8.6722
v 0.0500 28.6386 8.6722
v -0.2508 6.1298 8.6741
v 2.8515 21.5504 8.9347
v 2.9624 22.0606 8.9374
v 3.1622 22.1179 8.9433
v 2.5408 22.1179 8.9433
v 2.5345 22.1243 8.9533
v 3.1685 22.1243 8.9533
v 2.5345 22.1243 8.9733
v 3.1685 22.1243 8.9733
v 3.1798 22.1356 8.9733
v 2.5231 22.1356 8.9733
v 3.1685 21.4902 8.9733
v 3.1798 21.4789 8.9733
v 2.5345 21.4902 8.9733
v 2.5231 21.4789 8.9733
v 2.6565 26.3428 8.6687
v 3.0575 26.3587 8.7684
v 2.9624 26.4606 8.9374
v 3.1622 26.5179 8.9433
v 2.5408 26.5179 8.9433
v 2.5345 26.5243 8.9533
v 3.1685 26.5243 8.9533
v 2.5345 26.5243 8.9733
v 3.1685 26.5243 8.9733
v 3.1798 26.5356 8.9733
v 2.5231 26.5356 8.9733
v 3.1622 25.8966 8.9433
v 3.1685 25.8902 8.9533
v 3.1685 25.8902 8.9733
v 3.1798 25.8789 8.9733
v 2.5408 25.8966 8.9433
v 2.5345 25.8902 8.9533
v 2.5345 25.8902 8.9733
v 2.5231 25.8789 8.9733
v 2.6039 12.7625 8.9350
v 3.0681 13.1306 8.7228
v 3.1622 12.6966 8.9433
v 2.5408 12.6966 8.9433
v 3.1685 12.6902 8.9533
v 2.5345 12.6902 8.9533
v 3.1685 12.6902 8.9733
v 2.5345 12.6902 8.9733
v 3.1798 12.6789 8.9733
v 2.5231 12.6789 8.9733
v 3.1685 13.3243 8.9733
v 3.1798 13.3356 8.9733
v 2.5345 13.3243 8.9733
v 2.5231 13.3356 8.9733
v 2.6039 8.3625 8.9350
v 3.0688 8.7288 8.7230
v 3.1622 8.2966 8.9433
v 2.5408 8.2966 8.9433
v 3.1685 8.2902 8.9533
v 2.5345 8.2902 8.9533
v 3.1685 8.2902 8.9733
v 2.5345 8.2902 8.9733
v 3.1798 8.2789 8.9733
v 2.5231 8.2789 8.9733
v 3.1622 8.9179 8.9433
v 3.1685 8.9243 8.9533
v 3.1685 8.9243 8.9733
v 3.1798 8.9356 8.9733
v 2.5408 8.9179 8.9433
v 2.5345 8.9243 8.9533
v 2.5345 8.9243 8.9733
v 2.5231 8.9356 8.9733
v -2.6009 22.0520 8.9350
v -3.0651 21.6839 8.7228
v -3.1592 22.1179 8.9433
v -2.5378 22.1179 8.9433
v -3.1655 22.1243 8.9533
v -2.5315 22.1243 8.9533
v -3.1655 22.1243 8.9733
v -2.5315 22.1243 8.9733
v -3.1769 22.1356 8.9733
v -2.5202 22.1356 8.9733
v -3.1655 21.4902 8.9733
v -3.1769 21.4789 8.9733
v -2.5315 21.4902 8.9733
v -2.5202 21.4789 8.9733
v -2.6009 26.4520 8.9350
v -3.0658 26.0856 8.7230
v -3.1592 26.5179 8.9433
v -2.5378 26.5179 8.9433
v -3.1655 26.5243 8.9533
v -2.5315 26.5243 8.9533
v -3.1655 26.5243 8.9733
v -2.5315 26.5243 8.9733
v -3.1769 26.5356 8.9733
v -2.5202 26.5356 8.9733
v -3.1592 25.8966 8.9433
v -3.1655 25.8902 8.9533
v -3.1655 25.8902 8.9733
v -3.1769 25.8789 8.9733
v -2.5378 25.8966 8.9433
v -2.5315 25.8902 8.9533
v -2.5315 25.8902 8.9733
v -2.5202 25.8789 8.9733
v -2.8485 13.2641 8.9347
v -2.9595 12.7538 8.9374
v -3.1592 12.6966 8.9433
v -2.5378 12.6966 8.9433
v -2.5315 12.6902 8.9533
v -3.1655 12.6902 8.9533
v -2.5315 12.6902 8.9733
v -3.1655 12.6902 8.9733
v -3.1769 12.6789 8.9733
v -2.5202 12.6789 8.9733
v -3.1655 13.3243 8.9733
v -3.1769 13.3356 8.9733
v -2.5315 13.3243 8.9733
v -2.5202 13.3356 8.9733
v -2.8485 8.8641 8.9347
v -2.9595 8.3538 8.9374
v -3.1592 8.2966 8.9433
v -2.5378 8.2966 8.9433
v -2.5315 8.2902 8.9533
v -3.1655 8.2902 8.9533
v -2.5315 8.2902 8.9733
v -3.1655 8.2902 8.9733
v -3.1769 8.2789 8.9733
v -2.5202 8.2789 8.9733
v -3.1592 8.9179 8.9433
v -3.1655 8.9243 8.9533
v -3.1655 8.9243 8.9733
v -3.1769 8.9356 8.9733
v -2.5378 8.9179 8.9433
v -2.5315 8.9243 8.9533
v -2.5315 8.9243 8.9733
v -2.5202 8.9356 8.9733
v 0.0015 28.4004 8.9347
v 0.1124 28.9106 8.9374
v 0.3122 28.9679 8.9433
v -0.3092 28.9679 8.9433
v -0.3155 28.9743 8.9533
v 0.3185 28.9743 8.9533
v -0.3155 28.9743 8.9733
v 0.3185 28.9743 8.9733
v 0.3298 28.9856 8.9733
v -0.3269 28.9856 8.9733
v 0.3122 28.3466 8.9433
v 0.3185 28.3402 8.9533
v 0.3185 28.3402 8.9733
v 0.3298 28.3289 8.9733
v -0.3092 28.3466 8.9433
v -0.3155 28.3402 8.9533
v -0.3155 28.3402 8.9733
v -0.3269 28.3289 8.9733
v 3.1622 17.7179 8.9433
v 2.5408 17.7179 8.9433
v 2.5345 17.7243 8.9533
v 3.1685 17.7243 8.9533
v 2.5345 17.7243 8.9733
v 3.1685 17.7243 8.9733
v 3.1798 17.7356 8.9733
v 2.5231 17.7356 8.9733
v 2.5408 17.0966 8.9433
v 2.5345 17.0902 8.9533
v 2.5345 17.0902 8.9733
v 2.5231 17.0789 8.9733
v 3.0644 17.3240 8.6906
v 3.1622 17.0966 8.9433
v 3.1685 17.0902 8.9533
v 3.1685 17.0902 8.9733
v 3.1798 17.0789 8.9733
v -0.2461 5.9125 8.9350
v 0.2188 6.2788 8.7230
v 0.3122 5.8466 8.9433
v -0.3092 5.8466 8.9433
v 0.3185 5.8402 8.9533
v -0.3155 5.8402 8.9533
v 0.3185 5.8402 8.9733
v -0.3155 5.8402 8.9733
v 0.3298 5.8289 8.9733
v -0.3269 5.8289 8.9733
v 0.3122 6.4679 8.9433
v 0.3185 6.4743 8.9533
v 0.3185 6.4743 8.9733
v 0.3298 6.4856 8.9733
v -0.3092 6.4679 8.9433
v -0.3155 6.4743 8.9533
v -0.3155 6.4743 8.9733
v -0.3269 6.4856 8.9733
v -2.6016 17.3295 8.6603
v -2.6009 17.6520 8.9350
v -3.1592 17.7179 8.9433
v -2.5378 17.7179 8.9433
v -3.1655 17.7243 8.9533
v -2.5315 17.7243 8.9533
v -3.1655 17.7243 8.9733
v -2.5315 17.7243 8.9733
v -3.1769 17.7356 8.9733
v -2.5202 17.7356 8.9733
v -2.5378 17.0966 8.9433
v -2.5315 17.0902 8.9533
v -2.5315 17.0902 8.9733
v -2.5202 17.0789 8.9733
v -3.1049 17.4353 8.6718
v -3.0561 17.1511 8.9312
v -3.1592 17.0966 8.9433
v -3.1655 17.0902 8.9533
v -3.1655 17.0902 8.9733
v -3.1769 17.0789 8.9733
v 2.6020 21.7039 8.9433
v 2.8257 22.0265 8.7289
v 2.6020 26.1039 8.9433
v 2.8515 26.4222 8.6483
v -2.5991 13.1106 8.9433
v -2.8227 12.7880 8.7289
v -2.5991 8.7106 8.9433
v -2.8227 8.3880 8.7289
v -0.2480 28.5539 8.9433
v -0.0243 28.8765 8.7289
v 2.6020 17.3039 8.9433
v -2.8485 17.6772 8.9433
v -3.1185 17.6772 8.9433
v 2.8515 22.0772 8.9433
v 2.8515 26.4772 8.9433
v 2.8257 12.7877 8.7236
v 2.8257 8.3877 8.7236
v -2.8227 22.0268 8.7236
v -2.8227 26.4268 8.7236
v -2.8485 12.7372 8.9433
v -2.8485 8.3372 8.9433
v 0.0015 28.9272 8.9433
v 2.8515 17.6772 8.9433
v -0.0243 5.9377 8.7236
v -2.8485 17.6172 8.6433
v -3.1394 17.6982 8.9433
v 2.4515 20.0072 6.8333
v 3.2515 20.0072 6.8333
v 3.2615 20.0172 6.8283
v 2.4392 20.0195 6.8103
v 3.2085 19.9642 6.8433
v 3.2085 19.9642 6.8333
v 2.4945 19.9642 6.8333
v 2.4945 19.9642 6.8433
v 2.5245 19.9342 6.8733
v 3.1785 19.9342 6.8733
v 3.1875 19.9432 6.8513
v 2.5155 19.9432 6.8513
v 3.1815 19.9372 6.8933
v 3.1745 19.9302 6.8933
v 2.5285 19.9302 6.8933
v 2.5215 19.9372 6.8933
v 3.1885 19.9442 6.9133
v 3.1885 19.9442 6.8983
v 2.5145 19.9442 6.8983
v 2.5145 19.9442 6.9133
v 3.1885 19.9442 6.9233
v 3.1815 19.9372 6.9183
v 2.5215 19.9372 6.9183
v 2.5145 19.9442 6.9233
v 3.1885 19.9442 6.9383
v 2.5145 19.9442 6.9383
v 2.4415 19.1972 6.8283
v 2.4515 19.2072 6.8333
v 2.4945 19.2502 6.8333
v 2.4945 19.2502 6.8433
v 2.5155 19.2712 6.8513
v 2.5245 19.2802 6.8733
v 2.5285 19.2842 6.8933
v 2.5215 19.2772 6.8933
v 2.5145 19.2702 6.8983
v 2.5145 19.2702 6.9133
v 2.5215 19.2772 6.9183
v 2.5145 19.2702 6.9233
v 2.5145 19.2702 6.9383
v 2.8515 19.6072 6.9433
v 3.2615 19.1972 6.8283
v 3.2515 19.2072 6.8333
v 3.2085 19.2502 6.8333
v 3.2085 19.2502 6.8433
v 3.1875 19.2712 6.8513
v 3.1785 19.2802 6.8733
v 3.1745 19.2842 6.8933
v 3.1815 19.2772 6.8933
v 3.1885 19.2702 6.8983
v 3.1885 19.2702 6.9133
v 3.1815 19.2772 6.9183
v 3.1885 19.2702 6.9233
v 3.1885 19.2702 6.9383
v 2.4415 19.1972 6.7833
v 3.2615 20.0172 6.7833
v 3.2615 19.1972 6.7833
v 2.4515 24.4072 6.8333
v 3.2515 24.4072 6.8333
v 3.2615 24.4172 6.8283
v 2.4392 24.4195 6.8103
v 3.2085 24.3642 6.8433
v 3.2085 24.3642 6.8333
v 2.4945 24.3642 6.8333
v 2.4945 24.3642 6.8433
v 2.5245 24.3342 6.8733
v 3.1785 24.3342 6.8733
v 3.1875 24.3432 6.8513
v 2.5155 24.3432 6.8513
v 3.1815 24.3372 6.8933
v 3.1745 24.3302 6.8933
v 2.5285 24.3302 6.8933
v 2.5215 24.3372 6.8933
v 3.1885 24.3442 6.9133
v 3.1885 24.3442 6.8983
v 2.5145 24.3442 6.8983
v 2.5145 24.3442 6.9133
v 3.1885 24.3442 6.9233
v 3.1815 24.3372 6.9183
v 2.5215 24.3372 6.9183
v 2.5145 24.3442 6.9233
v 3.1885 24.3442 6.9383
v 2.5145 24.3442 6.9383
v 2.4415 23.5972 6.8283
v 2.4515 23.6072 6.8333
v 2.4945 23.6502 6.8333
v 2.4945 23.6502 6.8433
v 2.5155 23.6712 6.8513
v 2.5245 23.6802 6.8733
v 2.5285 23.6842 6.8933
v 2.5215 23.6772 6.8933
v 2.5145 23.6702 6.8983
v 2.5145 23.6702 6.9133
v 2.5215 23.6772 6.9183
v 2.5145 23.6702 6.9233
v 2.5145 23.6702 6.9383
v 2.8515 24.0072 6.9433
v 3.2615 23.5972 6.8283
v 3.2515 23.6072 6.8333
v 3.2085 23.6502 6.8333
v 3.2085 23.6502 6.8433
v 3.1875 23.6712 6.8513
v 3.1785 23.6802 6.8733
v 3.1745 23.6842 6.8933
v 3.1815 23.6772 6.8933
v 3.1885 23.6702 6.8983
v 3.1885 23.6702 6.9133
v 3.1815 23.6772 6.9183
v 3.1885 23.6702 6.9233
v 3.1885 23.6702 6.9383
v 2.4415 23.5972 6.7833
v 3.2615 24.4172 6.7833
v 3.2615 23.5972 6.7833
v 3.2615 14.7972 6.8283
v 3.2515 14.8072 6.8333
v 2.4515 14.8072 6.8333
v 2.4945 14.8502 6.8333
v 3.2085 14.8502 6.8333
v 3.2085 14.8502 6.8433
v 2.4945 14.8502 6.8433
v 3.1875 14.8712 6.8513
v 3.1785 14.8802 6.8733
v 2.5245 14.8802 6.8733
v 2.5155 14.8712 6.8513
v 2.5285 14.8842 6.8933
v 3.1745 14.8842 6.8933
v 3.1815 14.8772 6.8933
v 2.5215 14.8772 6.8933
v 2.5145 14.8702 6.8983
v 3.1885 14.8702 6.8983
v 3.1885 14.8702 6.9133
v 2.5145 14.8702 6.9133
v 2.5215 14.8772 6.9183
v 3.1815 14.8772 6.9183
v 3.1885 14.8702 6.9233
v 2.5145 14.8702 6.9233
v 3.1885 14.8702 6.9383
v 2.5145 14.8702 6.9383
v 2.4515 15.6072 6.8333
v 2.4415 15.6172 6.8283
v 2.4945 15.5642 6.8433
v 2.4945 15.5642 6.8333
v 2.5245 15.5342 6.8733
v 2.5155 15.5432 6.8513
v 2.5285 15.5302 6.8933
v 2.5215 15.5372 6.8933
v 2.5145 15.5442 6.9133
v 2.5145 15.5442 6.8983
v 2.5145 15.5442 6.9233
v 2.5215 15.5372 6.9183
v 2.5145 15.5442 6.9383
v 3.2515 15.6072 6.8333
v 3.2615 15.6172 6.8283
v 3.2085 15.5642 6.8333
v 3.2085 15.5642 6.8433
v 3.1785 15.5342 6.8733
v 3.1875 15.5432 6.8513
v 3.1745 15.5302 6.8933
v 3.1815 15.5372 6.8933
v 3.1885 15.5442 6.8983
v 3.1885 15.5442 6.9133
v 3.1815 15.5372 6.9183
v 3.1885 15.5442 6.9233
v 2.8515 15.2072 6.9433
v 3.1885 15.5442 6.9383
v 2.4415 15.6172 6.7833
v 2.4392 14.7950 6.8103
v 3.2615 14.7972 6.7833
v 3.2615 15.6172 6.7833
v 3.2615 10.3972 6.8283
v 3.2515 10.4072 6.8333
v 2.4515 10.4072 6.8333
v 2.4945 10.4502 6.8333
v 3.2085 10.4502 6.8333
v 3.2085 10.4502 6.8433
v 2.4945 10.4502 6.8433
v 3.1875 10.4712 6.8513
v 3.1785 10.4802 6.8733
v 2.5245 10.4802 6.8733
v 2.5155 10.4712 6.8513
v 2.5285 10.4842 6.8933
v 3.1745 10.4842 6.8933
v 3.1815 10.4772 6.8933
v 2.5215 10.4772 6.8933
v 2.5145 10.4702 6.8983
v 3.1885 10.4702 6.8983
v 3.1885 10.4702 6.9133
v 2.5145 10.4702 6.9133
v 2.5215 10.4772 6.9183
v 3.1815 10.4772 6.9183
v 3.1885 10.4702 6.9233
v 2.5145 10.4702 6.9233
v 3.1885 10.4702 6.9383
v 2.5145 10.4702 6.9383
v 2.4515 11.2072 6.8333
v 2.4415 11.2172 6.8283
v 2.4945 11.1642 6.8433
v 2.4945 11.1642 6.8333
v 2.5245 11.1342 6.8733
v 2.5155 11.1432 6.8513
v 2.5285 11.1302 6.8933
v 2.5215 11.1372 6.8933
v 2.5145 11.1442 6.9133
v 2.5145 11.1442 6.8983
v 2.5145 11.1442 6.9233
v 2.5215 11.1372 6.9183
v 2.5145 11.1442 6.9383
v 3.2515 11.2072 6.8333
v 3.2615 11.2172 6.8283
v 3.2085 11.1642 6.8333
v 3.2085 11.1642 6.8433
v 3.1785 11.1342 6.8733
v 3.1875 11.1432 6.8513
v 3.1745 11.1302 6.8933
v 3.1815 11.1372 6.8933
v 3.1885 11.1442 6.8983
v 3.1885 11.1442 6.9133
v 3.1815 11.1372 6.9183
v 3.1885 11.1442 6.9233
v 2.8515 10.8072 6.9433
v 3.1885 11.1442 6.9383
v 2.4415 11.2172 6.7833
v 2.4392 10.3950 6.8103
v 3.2615 10.3972 6.7833
v 3.2615 11.2172 6.7833
v -3.2585 20.0172 6.8283
v -3.2485 20.0072 6.8333
v -2.4485 20.0072 6.8333
v -2.4915 19.9642 6.8333
v -3.2055 19.9642 6.8333
v -3.2055 19.9642 6.8433
v -2.4915 19.9642 6.8433
v -3.1845 19.9432 6.8513
v -3.1755 19.9342 6.8733
v -2.5215 19.9342 6.8733
v -2.5125 19.9432 6.8513
v -2.5255 19.9302 6.8933
v -3.1715 19.9302 6.8933
v -3.1785 19.9372 6.8933
v -2.5185 19.9372 6.8933
v -2.5115 19.9442 6.8983
v -3.1855 19.9442 6.8983
v -3.1855 19.9442 6.9133
v -2.5115 19.9442 6.9133
v -2.5185 19.9372 6.9183
v -3.1785 19.9372 6.9183
v -3.1855 19.9442 6.9233
v -2.5115 19.9442 6.9233
v -3.1855 19.9442 6.9383
v -2.5115 19.9442 6.9383
v -2.4485 19.2072 6.8333
v -2.4385 19.1972 6.8283
v -2.4915 19.2502 6.8433
v -2.4915 19.2502 6.8333
v -2.5215 19.2802 6.8733
v -2.5125 19.2712 6.8513
v -2.5255 19.2842 6.8933
v -2.5185 19.2772 6.8933
v -2.5115 19.2702 6.9133
v -2.5115 19.2702 6.8983
v -2.5115 19.2702 6.9233
v -2.5185 19.2772 6.9183
v -2.5115 19.2702 6.9383
v -3.2485 19.2072 6.8333
v -3.2585 19.1972 6.8283
v -3.2055 19.2502 6.8333
v -3.2055 19.2502 6.8433
v -3.1755 19.2802 6.8733
v -3.1845 19.2712 6.8513
v -3.1715 19.2842 6.8933
v -3.1785 19.2772 6.8933
v -3.1855 19.2702 6.8983
v -3.1855 19.2702 6.9133
v -3.1785 19.2772 6.9183
v -3.1855 19.2702 6.9233
v -2.8485 19.6072 6.9433
v -3.1855 19.2702 6.9383
v -2.4385 19.1972 6.7833
v -2.4363 20.0195 6.8103
v -3.2585 20.0172 6.7833
v -3.2585 19.1972 6.7833
v -3.2585 24.4172 6.8283
v -3.2485 24.4072 6.8333
v -2.4485 24.4072 6.8333
v -2.4915 24.3642 6.8333
v -3.2055 24.3642 6.8333
v -3.2055 24.3642 6.8433
v -2.4915 24.3642 6.8433
v -3.1845 24.3432 6.8513
v -3.1755 24.3342 6.8733
v -2.5215 24.3342 6.8733
v -2.5125 24.3432 6.8513
v -2.5255 24.3302 6.8933
v -3.1715 24.3302 6.8933
v -3.1785 24.3372 6.8933
v -2.5185 24.3372 6.8933
v -2.5115 24.3442 6.8983
v -3.1855 24.3442 6.8983
v -3.1855 24.3442 6.9133
v -2.5115 24.3442 6.9133
v -2.5185 24.3372 6.9183
v -3.1785 24.3372 6.9183
v -3.1855 24.3442 6.9233
v -2.5115 24.3442 6.9233
v -3.1855 24.3442 6.9383
v -2.5115 24.3442 6.9383
v -2.4485 23.6072 6.8333
v -2.4385 23.5972 6.8283
v -2.4915 23.6502 6.8433
v -2.4915 23.6502 6.8333
v -2.5215 23.6802 6.8733
v -2.5125 23.6712 6.8513
v -2.5255 23.6842 6.8933
v -2.5185 23.6772 6.8933
v -2.5115 23.6702 6.9133
v -2.5115 23.6702 6.8983
v -2.5115 23.6702 6.9233
v -2.5185 23.6772 6.9183
v -2.5115 23.6702 6.9383
v -3.2485 23.6072 6.8333
v -3.2585 23.5972 6.8283
v -3.2055 23.6502 6.8333
v -3.2055 23.6502 6.8433
v -3.1755 23.6802 6.8733
v -3.1845 23.6712 6.8513
v -3.1715 23.6842 6.8933
v -3.1785 23.6772 6.8933
v -3.1855 23.6702 6.8983
v -3.1855 23.6702 6.9133
v -3.1785 23.6772 6.9183
v -3.1855 23.6702 6.9233
v -2.8485 24.0072 6.9433
v -3.1855 23.6702 6.9383
v -2.4385 23.5972 6.7833
v -2.4363 24.4195 6.8103
v -3.2585 24.4172 6.7833
v -3.2585 23.5972 6.7833
v -2.4485 14.8072 6.8333
v -3.2485 14.8072 6.8333
v -3.2585 14.7972 6.8283
v -2.4363 14.7950 6.8103
v -3.2055 14.8502 6.8433
v -3.2055 14.8502 6.8333
v -2.4915 14.8502 6.8333
v -2.4915 14.8502 6.8433
v -2.5215 14.8802 6.8733
v -3.1755 14.8802 6.8733
v -3.1845 14.8712 6.8513
v -2.5125 14.8712 6.8513
v -3.1785 14.8772 6.8933
v -3.1715 14.8842 6.8933
v -2.5255 14.8842 6.8933
v -2.5185 14.8772 6.8933
v -3.1855 14.8702 6.9133
v -3.1855 14.8702 6.8983
v -2.5115 14.8702 6.8983
v -2.5115 14.8702 6.9133
v -3.1855 14.8702 6.9233
v -3.1785 14.8772 6.9183
v -2.5185 14.8772 6.9183
v -2.5115 14.8702 6.9233
v -3.1855 14.8702 6.9383
v -2.5115 14.8702 6.9383
v -2.4385 15.6172 6.8283
v -2.4485 15.6072 6.8333
v -2.4915 15.5642 6.8333
v -2.4915 15.5642 6.8433
v -2.5125 15.5432 6.8513
v -2.5215 15.5342 6.8733
v -2.5255 15.5302 6.8933
v -2.5185 15.5372 6.8933
v -2.5115 15.5442 6.8983
v -2.5115 15.5442 6.9133
v -2.5185 15.5372 6.9183
v -2.5115 15.5442 6.9233
v -2.5115 15.5442 6.9383
v -2.8485 15.2072 6.9433
v -3.2585 15.6172 6.8283
v -3.2485 15.6072 6.8333
v -3.2055 15.5642 6.8333
v -3.2055 15.5642 6.8433
v -3.1845 15.5432 6.8513
v -3.1755 15.5342 6.8733
v -3.1715 15.5302 6.8933
v -3.1785 15.5372 6.8933
v -3.1855 15.5442 6.8983
v -3.1855 15.5442 6.9133
v -3.1785 15.5372 6.9183
v -3.1855 15.5442 6.9233
v -3.1855 15.5442 6.9383
v -2.4385 15.6172 6.7833
v -3.2585 14.7972 6.7833
v -3.2585 15.6172 6.7833
v -2.4485 10.4072 6.8333
v -3.2485 10.4072 6.8333
v -3.2585 10.3972 6.8283
v -2.4363 10.3950 6.8103
v -3.2055 10.4502 6.8433
v -3.2055 10.4502 6.8333
v -2.4915 10.4502 6.8333
v -2.4915 10.4502 6.8433
v -2.5215 10.4802 6.8733
v -3.1755 10.4802 6.8733
v -3.1845 10.4712 6.8513
v -2.5125 10.4712 6.8513
v -3.1785 10.4772 6.8933
v -3.1715 10.4842 6.8933
v -2.5255 10.4842 6.8933
v -2.5185 10.4772 6.8933
v -3.1855 10.4702 6.9133
v -3.1855 10.4702 6.8983
v -2.5115 10.4702 6.8983
v -2.5115 10.4702 6.9133
v -3.1855 10.4702 6.9233
v -3.1785 10.4772 6.9183
v -2.5185 10.4772 6.9183
v -2.5115 10.4702 6.9233
v -3.1855 10.4702 6.9383
v -2.5115 10.4702 6.9383
v -2.4385 11.2172 6.8283
v -2.4485 11.2072 6.8333
v -2.4915 11.1642 6.8333
v -2.4915 11.1642 6.8433
v -2.5125 11.1432 6.8513
v -2.5215 11.1342 6.8733
v -2.5255 11.1302 6.8933
v -2.5185 11.1372 6.8933
v -2.5115 11.1442 6.8983
v -2.5115 11.1442 6.9133
v -2.5185 11.1372 6.9183
v -2.5115 11.1442 6.9233
v -2.5115 11.1442 6.9383
v -2.8485 10.8072 6.9433
v -3.2585 11.2172 6.8283
v -3.2485 11.2072 6.8333
v -3.2055 11.1642 6.8333
v -3.2055 11.1642 6.8433
v -3.1845 11.1432 6.8513
v -3.1755 11.1342 6.8733
v -3.1715 11.1302 6.8933
v -3.1785 11.1372 6.8933
v -3.1855 11.1442 6.8983
v -3.1855 11.1442 6.9133
v -3.1785 11.1372 6.9183
v -3.1855 11.1442 6.9233
v -3.1855 11.1442 6.9383
v -2.4385 11.2172 6.7833
v -3.2585 10.3972 6.7833
v -3.2585 11.2172 6.7833
v 2.4415 28.1222 6.7833
v 2.4415 27.9972 6.8283
v 3.2615 27.9972 6.8283
v 3.2615 27.9972 6.7833
v 3.2615 29.0672 6.7833
v 3.2615 29.0672 6.8283
v 2.4415 6.6922 6.7833
v 2.3512 6.5620 6.8369
v 2.4415 6.8172 6.8283
v 3.2615 5.7472 6.7833
v 3.2615 6.8172 6.7833
v 3.2615 6.8172 6.8283
v 3.2615 5.7472 6.8283
v -2.4385 28.1222 6.7833
v -2.3482 28.2525 6.8369
v -2.4385 27.9972 6.8283
v -3.2585 29.0672 6.7833
v -3.2585 27.9972 6.7833
v -3.2585 27.9972 6.8283
v -3.2585 29.0672 6.8283
v -2.4385 6.6922 6.7833
v -2.4385 6.8172 6.8283
v -3.2585 6.8172 6.8283
v -3.2585 6.8172 6.7833
v -3.2585 5.7472 6.7833
v -3.2585 5.7472 6.8283
v 3.2515 28.0072 6.8333
v 2.4515 28.0072 6.8333
v 3.1875 28.0712 6.8513
v 3.1785 28.0802 6.8733
v 2.5245 28.0802 6.8733
v 2.5155 28.0712 6.8513
v 2.5250 28.0807 6.8933
v 3.1780 28.0807 6.8933
v 2.5180 28.0737 6.9183
v 2.5145 28.0702 6.8983
v 3.1885 28.0702 6.8983
v 3.1850 28.0737 6.9183
v 3.1885 28.0702 6.9383
v 2.5215 28.0772 6.9433
v 2.5145 28.0702 6.9383
v 3.2515 29.0572 6.8333
v 3.1780 28.9837 6.8933
v 3.1785 28.9842 6.8733
v 3.1885 28.9942 6.8983
v 3.1885 28.9942 6.9383
v 2.2655 28.9932 6.8513
v 2.2745 28.9842 6.8733
v 3.1875 28.9932 6.8513
v 2.3512 28.2525 6.8369
v 2.2180 28.2737 6.8108
v 2.2714 28.3271 6.8589
v 2.2645 28.3202 6.8983
v 2.2645 28.3202 6.9383
v 2.2715 28.6572 6.9433
v 2.5195 28.3252 6.8554
v 2.5250 28.3307 6.8933
v 2.5145 28.3202 6.8983
v 2.5180 28.3237 6.9183
v 2.5145 28.3202 6.9383
v 2.5215 28.3272 6.9433
v 2.4515 6.8072 6.8333
v 3.2515 6.8072 6.8333
v 2.5245 6.7342 6.8733
v 3.1785 6.7342 6.8733
v 3.1875 6.7432 6.8513
v 2.5155 6.7432 6.8513
v 3.1780 6.7337 6.8933
v 2.5250 6.7337 6.8933
v 3.1885 6.7442 6.8983
v 2.5145 6.7442 6.8983
v 2.5180 6.7407 6.9183
v 3.1850 6.7407 6.9183
v 2.5215 6.7372 6.9433
v 3.1885 5.8202 6.9383
v 3.1885 6.7442 6.9383
v 2.5145 6.7442 6.9383
v 3.2515 5.7572 6.8333
v 3.1780 5.8307 6.8933
v 3.1785 5.8302 6.8733
v 3.1885 5.8202 6.8983
v 2.2745 5.8302 6.8733
v 2.2655 5.8212 6.8513
v 3.1875 5.8212 6.8513
v 3.1850 5.8237 6.9183
v 2.2180 6.5407 6.8108
v 2.2714 6.4873 6.8589
v 2.2645 6.4942 6.8983
v 2.2662 6.1555 6.9283
v 2.2645 6.4942 6.9383
v 3.2085 5.8002 6.8383
v 2.5195 6.4892 6.8554
v 2.5250 6.4837 6.8933
v 2.5145 6.4942 6.8983
v 2.5180 6.4907 6.9183
v 2.5145 6.4942 6.9383
v 2.5215 6.4872 6.9433
v -2.4485 28.0072 6.8333
v -3.2485 28.0072 6.8333
v -2.5215 28.0802 6.8733
v -3.1755 28.0802 6.8733
v -3.1845 28.0712 6.8513
v -2.5125 28.0712 6.8513
v -3.1750 28.0807 6.8933
v -2.5220 28.0807 6.8933
v -3.1855 28.0702 6.8983
v -2.5115 28.0702 6.8983
v -2.5150 28.0737 6.9183
v -3.1820 28.0737 6.9183
v -2.5185 28.0772 6.9433
v -3.1855 28.9942 6.9383
v -3.1855 28.0702 6.9383
v -2.5115 28.0702 6.9383
v -3.2485 29.0572 6.8333
v -3.1750 28.9837 6.8933
v -3.1755 28.9842 6.8733
v -3.1855 28.9942 6.8983
v -2.2715 28.9842 6.8733
v -2.2625 28.9932 6.8513
v -3.1845 28.9932 6.8513
v -3.1820 28.9907 6.9183
v -2.2150 28.2737 6.8108
v -2.2684 28.3271 6.8589
v -2.2615 28.3202 6.8983
v -2.2633 28.6590 6.9283
v -2.2615 28.3202 6.9383
v -3.2055 29.0142 6.8383
v -2.5165 28.3252 6.8554
v -2.5220 28.3307 6.8933
v -2.5115 28.3202 6.8983
v -2.5150 28.3237 6.9183
v -2.5115 28.3202 6.9383
v -2.5185 28.3272 6.9433
v -3.2485 6.8072 6.8333
v -2.4485 6.8072 6.8333
v -3.1845 6.7432 6.8513
v -3.1755 6.7342 6.8733
v -2.5215 6.7342 6.8733
v -2.5125 6.7432 6.8513
v -2.5220 6.7337 6.8933
v -3.1750 6.7337 6.8933
v -2.5150 6.7407 6.9183
v -2.5115 6.7442 6.8983
v -3.1855 6.7442 6.8983
v -3.1820 6.7407 6.9183
v -3.1855 6.7442 6.9383
v -2.5185 6.7372 6.9433
v -2.5115 6.7442 6.9383
v -3.2485 5.7572 6.8333
v -3.1750 5.8307 6.8933
v -3.1755 5.8302 6.8733
v -3.1855 5.8202 6.8983
v -3.1855 5.8202 6.9383
v -2.2625 5.8212 6.8513
v -2.2715 5.8302 6.8733
v -3.1845 5.8212 6.8513
v -2.3482 6.5620 6.8369
v -2.2150 6.5407 6.8108
v -2.2684 6.4873 6.8589
v -2.2615 6.4942 6.8983
v -2.2615 6.4942 6.9383
v -2.2668 6.3240 6.9308
v -2.5165 6.4892 6.8554
v -2.5220 6.4837 6.8933
v -2.5115 6.4942 6.8983
v -2.5150 6.4907 6.9183
v -2.5115 6.4942 6.9383
v -2.5185 6.4872 6.9433
v 2.4945 28.0502 6.8383
v 3.2085 28.0502 6.8383
v 2.8515 28.0737 6.9183
v 2.2445 28.3002 6.8383
v 2.2662 28.6590 6.9283
v 2.2680 28.3237 6.9183
v 2.2750 28.3307 6.8933
v 2.4945 28.3002 6.8383
v 3.2085 29.0142 6.8383
v 2.2445 29.0142 6.8383
v 3.1850 28.9907 6.9183
v 2.4945 6.7642 6.8383
v 3.2085 6.7642 6.8383
v 2.8515 6.7407 6.9183
v 2.2445 6.5142 6.8383
v 2.2750 6.4837 6.8933
v 2.2680 6.4907 6.9183
v 2.4945 6.5142 6.8383
v 2.2445 5.8002 6.8383
v 2.2715 6.1572 6.9433
v -2.4915 28.0502 6.8383
v -3.2055 28.0502 6.8383
v -2.8485 28.0737 6.9183
v -2.2415 28.3002 6.8383
v -2.2720 28.3307 6.8933
v -2.2650 28.3237 6.9183
v -2.4915 28.3002 6.8383
v -2.2415 29.0142 6.8383
v -2.2685 28.6572 6.9433
v -2.4915 6.7642 6.8383
v -3.2055 6.7642 6.8383
v -2.8485 6.7407 6.9183
v -2.2415 6.5142 6.8383
v -2.2650 6.4907 6.9183
v -2.2720 6.4837 6.8933
v -2.4915 6.5142 6.8383
v -3.2055 5.8002 6.8383
v -2.2415 5.8002 6.8383
v -3.1820 5.8237 6.9183
v 2.1425 33.4432 3.5933
v 2.1425 33.6172 3.5933
v 3.3540 33.4476 3.5077
v 7.0475 29.1612 3.5933
v 7.2215 29.1612 3.5933
v 7.0518 28.0557 3.5077
v 2.1425 33.4432 9.0233
v 2.1425 33.6172 9.0233
v 3.3540 33.4476 8.9377
v 7.0475 29.1612 9.0233
v 7.2215 29.1612 9.0233
v 7.0518 28.0557 8.9377
v 2.1425 1.3712 3.5933
v 3.3540 1.3669 3.5077
v 3.2703 1.2850 3.3933
v 7.0475 5.6532 3.5933
v 7.0518 6.7587 3.5077
v 7.1337 6.6750 3.3933
v 2.1425 1.1972 9.0233
v 2.1425 1.3712 9.0233
v 3.3540 1.3669 8.9377
v 3.2703 1.2850 8.8233
v 7.0475 5.6532 9.0233
v 7.0518 6.7587 8.9377
v 7.1337 6.6750 8.8233
v -2.1395 33.4432 3.5933
v -3.3510 33.4476 3.5077
v -3.2673 33.5294 3.3933
v -7.0445 29.1612 3.5933
v -7.0488 28.0557 3.5077
v -7.1307 28.1394 3.3933
v -2.1395 33.6172 9.0233
v -2.1395 33.4432 9.0233
v -3.3510 33.4476 8.9377
v -3.2673 33.5294 8.8233
v -7.0445 29.1612 9.0233
v -7.0488 28.0557 8.9377
v -7.1307 28.1394 8.8233
v -2.1395 1.3712 3.5933
v -2.1395 1.1972 3.5933
v -3.3510 1.3669 3.5077
v -7.0445 5.6532 3.5933
v -7.2185 5.6532 3.5933
v -7.0488 6.7587 3.5077
v -2.1395 1.3712 9.0233
v -2.1395 1.1972 9.0233
v -3.3510 1.3669 8.9377
v -7.0445 5.6532 9.0233
v -7.2185 5.6532 9.0233
v -7.0488 6.7587 8.9377
v 2.1460 33.4467 3.5283
v 3.2703 33.5294 3.3933
v 7.0510 29.1577 3.5283
v 7.1337 28.1394 3.3933
v 2.1460 33.4467 8.9583
v 3.2703 33.5294 8.8233
v 7.0510 29.1577 8.9583
v 7.1337 28.1394 8.8233
v 2.1425 1.1972 3.5933
v 2.1460 1.3677 3.5283
v 7.2215 5.6532 3.5933
v 7.0510 5.6567 3.5283
v 2.1425 1.3712 8.9633
v 7.2215 5.6532 9.0233
v 7.0510 5.6567 8.9583
v -2.1395 33.6172 3.5933
v -2.1430 33.4467 3.5283
v -7.2185 29.1612 3.5933
v -7.0480 29.1577 3.5283
v -2.1395 33.4432 8.9633
v -7.2185 29.1612 9.0233
v -7.0480 29.1577 8.9583
v -2.1430 1.3677 3.5283
v -3.2673 1.2850 3.3933
v -7.0480 5.6567 3.5283
v -7.1307 6.6750 3.3933
v -2.1430 1.3677 8.9583
v -3.2673 1.2850 8.8233
v -7.0480 5.6567 8.9583
v -7.1307 6.6750 8.8233
v -3.1942 6.6304 3.2473
v -3.1995 6.6326 3.2673
v 2.2728 28.4440 3.2645
v 3.1560 28.0194 3.3011
v -2.8825 6.1377 3.2789
v -2.2169 5.8540 3.2992
v -2.0645 5.7032 3.5333
v -2.0645 5.7032 3.5933
v -2.3892 6.5756 3.3124
v -2.0715 6.6042 3.5233
v -2.0645 6.6112 3.5333
v -2.4015 6.6042 3.5233
v -2.3945 6.6112 3.5333
v -3.2608 6.8995 3.4143
v -2.4328 6.9029 3.4283
v -3.2642 6.9029 3.4283
v -2.4143 6.9214 3.4553
v -3.2827 6.9214 3.4553
v -2.4039 6.9318 3.4933
v -3.2931 6.9318 3.4933
v -2.4015 6.9342 3.5233
v -3.2955 6.9342 3.5233
v -2.3945 6.9412 3.5333
v -3.3025 6.9412 3.5333
v -2.3120 6.7762 3.5933
v -3.1969 6.6316 3.2833
v -3.1023 6.7905 3.3095
v 2.9597 28.6017 3.2796
v 2.5584 29.0580 3.4589
v -3.2642 5.7415 3.4283
v -3.2827 5.7230 3.4553
v -3.2931 5.7126 3.4933
v -3.2955 5.7102 3.5233
v -3.3025 6.9412 3.5933
v -3.1942 6.0140 3.2473
v -3.1995 6.0119 3.2673
v -3.1969 6.0129 3.2833
v -3.1777 6.6236 3.3433
v 2.5120 19.9949 3.4009
v 3.2355 19.5150 3.2489
v 2.5396 19.2953 3.3171
v 2.5521 19.8684 3.3014
v 2.8371 19.7827 3.2503
v 2.5396 23.6953 3.3171
v 2.5521 24.2684 3.3014
v 3.2355 23.9150 3.2489
v 2.5120 24.3949 3.4009
v 2.8371 24.1827 3.2503
v 1.8494 28.3272 4.7211
v 2.0119 28.6572 3.9946
v 1.8173 28.3272 4.6398
v 0.4373 28.3272 5.6515
v 0.4004 28.3272 5.4500
v -0.7178 28.3272 5.5816
v -0.6920 28.3272 5.3711
v -2.0069 28.3272 4.4910
v -0.3348 28.9872 5.1084
v -1.8768 28.3272 4.5173
v -2.1623 28.3272 3.5933
v 1.8173 6.4872 4.6398
v 1.2173 5.8272 5.0373
v 1.8494 6.4872 4.7211
v 0.4004 6.4872 5.4500
v -0.3783 5.8272 5.3458
v 0.4373 6.4872 5.6515
v -0.6920 6.4872 5.3711
v -0.7178 6.4872 5.5816
v -1.8768 6.4872 4.5173
v -2.0069 6.4872 4.4910
v 2.1653 6.4872 3.5933
v 2.4302 28.2472 4.1944
v 2.4232 28.2352 4.1917
v 2.5290 28.2372 3.7024
v 1.9139 28.2352 4.9676
v 1.6958 28.2352 5.1858
v 1.7190 28.2352 5.2120
v 1.4728 28.2352 5.4048
v 1.4671 28.2272 5.3966
v 1.7123 28.2272 5.2045
v 1.7024 28.2272 5.1932
v 1.4586 28.2272 5.3843
v 1.4529 28.2352 5.3760
v 0.9968 28.3095 5.5155
v 1.3945 28.3093 5.2877
v 0.9226 28.2472 5.7020
v 0.6231 28.2472 5.7953
v 0.6213 28.2352 5.7881
v 0.9199 28.2352 5.6950
v 0.9075 28.2352 5.6623
v 0.6129 28.2352 5.7541
v 0.3095 28.2352 5.8097
v 0.6361 28.2870 5.7253
v 0.1580 28.2472 5.8613
v 0.0015 28.2352 5.8633
v 0.3137 28.2352 5.8444
v 0.0015 28.2352 5.8283
v -0.3116 28.2472 5.8519
v -0.3107 28.2352 5.8444
v -0.3065 28.2352 5.8097
v -0.6100 28.2352 5.7541
v -0.6183 28.2352 5.7881
v -0.6201 28.2472 5.7953
v -0.9196 28.2472 5.7020
v -0.9169 28.2352 5.6950
v -0.9045 28.2352 5.6623
v -0.8531 28.3097 5.5804
v -1.4641 28.2272 5.3966
v -1.4698 28.2352 5.4048
v -1.7160 28.2352 5.2120
v -1.7094 28.2272 5.2045
v -1.4499 28.2352 5.3760
v -1.4556 28.2272 5.3843
v -1.6994 28.2272 5.1932
v -1.6928 28.2352 5.1858
v -1.9110 28.2352 4.9676
v -0.5777 28.3272 5.3217
v -2.1681 28.3097 4.4335
v -2.2799 28.3272 4.1385
v -2.4202 28.2352 4.1917
v -2.4272 28.2472 4.1944
v -2.5205 28.2472 3.8949
v -2.4771 28.2222 3.9704
v 2.4232 6.5792 4.1917
v 2.4302 6.5672 4.1944
v 2.5235 6.5672 3.8949
v 2.4801 6.5923 3.9704
v 1.6958 6.5792 5.1858
v 1.9139 6.5792 4.9676
v 1.4671 6.5872 5.3966
v 1.4728 6.5792 5.4048
v 1.7190 6.5792 5.2120
v 1.7123 6.5872 5.2045
v 1.4529 6.5792 5.3760
v 1.4586 6.5872 5.3843
v 1.7024 6.5872 5.1932
v 1.3945 6.5052 5.2877
v 0.7153 6.5044 5.6383
v 0.6213 6.5792 5.7881
v 0.6231 6.5672 5.7953
v 0.9226 6.5672 5.7020
v 0.9199 6.5792 5.6950
v 0.6129 6.5792 5.7541
v 0.9075 6.5792 5.6623
v 0.3095 6.5792 5.8097
v 0.0015 6.5792 5.8633
v 0.1580 6.5672 5.8613
v 0.3137 6.5792 5.8444
v 0.0015 6.5792 5.8283
v -0.3116 6.5672 5.8519
v -0.3107 6.5792 5.8444
v -0.3065 6.5792 5.8097
v -0.6100 6.5792 5.7541
v -0.9196 6.5672 5.7020
v -0.6201 6.5672 5.7953
v -0.6183 6.5792 5.7881
v -0.9169 6.5792 5.6950
v -0.9045 6.5792 5.6623
v -1.3322 6.5249 5.4361
v -1.6157 6.5047 5.1275
v -1.7160 6.5792 5.2120
v -1.4698 6.5792 5.4048
v -1.4641 6.5872 5.3966
v -1.7094 6.5872 5.2045
v -1.6994 6.5872 5.1932
v -1.4556 6.5872 5.3843
v -1.4499 6.5792 5.3760
v -1.6928 6.5792 5.1858
v -1.9110 6.5792 4.9676
v -2.4272 6.5672 4.1944
v -2.4202 6.5792 4.1917
v -2.4771 6.5923 3.9704
v -2.5201 6.5732 3.7381
v -2.4127 6.5255 4.0071
v 2.4138 28.2272 4.1882
v 2.4801 28.2222 3.9704
v 2.3998 28.2272 4.1829
v 2.2951 28.3097 4.1635
v 2.2948 28.2352 4.4769
v 2.2860 28.2272 4.4723
v 2.2727 28.2272 4.4653
v 2.2638 28.2352 4.4607
v 2.2829 28.2866 4.4256
v 2.1330 28.2352 4.7446
v 2.1248 28.2272 4.7389
v 2.1124 28.2272 4.7304
v 2.1042 28.2352 4.7247
v 1.9401 28.2352 4.9908
v 1.9326 28.2272 4.9842
v 1.9214 28.2272 4.9742
v 1.9248 28.3095 4.7961
v 1.6271 28.3093 5.1051
v 1.5174 28.2931 5.2999
v 1.2051 28.2352 5.5666
v 1.2005 28.2272 5.5578
v 1.1935 28.2272 5.5445
v 1.1889 28.2352 5.5357
v 0.9164 28.2272 5.6857
v 0.9111 28.2272 5.6716
v 0.6189 28.2272 5.7783
v 0.6153 28.2272 5.7638
v 0.3125 28.2272 5.8345
v 0.3107 28.2272 5.8196
v 0.0015 28.2272 5.8533
v 0.0015 28.2272 5.8383
v 2.4292 28.2472 4.0298
v -0.3095 28.2272 5.8345
v -0.3077 28.2272 5.8196
v 0.1504 28.3122 5.7349
v -0.6159 28.2272 5.7783
v -0.6124 28.2272 5.7638
v -0.2308 28.2913 5.7973
v -0.9134 28.2272 5.6857
v -0.9081 28.2272 5.6716
v -1.2021 28.2352 5.5666
v -1.1975 28.2272 5.5578
v -1.1905 28.2272 5.5445
v -1.1859 28.2352 5.5357
v -1.3322 28.2896 5.4361
v -1.9372 28.2352 4.9908
v -1.9297 28.2272 4.9842
v -1.9184 28.2272 4.9742
v -1.6157 28.3097 5.1275
v -2.1300 28.2352 4.7446
v -2.1218 28.2272 4.7389
v -2.1095 28.2272 4.7304
v -2.1012 28.2352 4.7247
v -2.2918 28.2352 4.4769
v -2.2830 28.2272 4.4723
v -2.2697 28.2272 4.4653
v -2.2609 28.2352 4.4607
v 1.0101 28.2472 5.3266
v -2.0930 28.2892 4.6936
v -2.4109 28.2272 4.1882
v -2.3968 28.2272 4.1829
v -2.4127 28.2890 4.0071
v -2.3770 28.3093 3.8574
v 2.4046 28.2997 3.8656
v -2.5201 28.2412 3.7381
v -2.4030 28.3152 3.7253
v 2.4138 6.5872 4.1882
v 2.3998 6.5872 4.1829
v 2.3800 6.5275 4.1439
v 1.8759 6.5147 4.7418
v 2.2951 6.5047 4.1635
v 2.2948 6.5792 4.4769
v 2.2860 6.5872 4.4723
v 2.2727 6.5872 4.4653
v 2.2638 6.5792 4.4607
v 1.0101 6.5672 5.3266
v 2.1330 6.5792 4.7446
v 2.1248 6.5872 4.7389
v 2.1124 6.5872 4.7304
v 2.1042 6.5792 4.7247
v 2.0488 6.5223 4.7484
v 1.9248 6.5050 4.7961
v 1.9401 6.5792 4.9908
v 1.9326 6.5872 4.9842
v 1.9214 6.5872 4.9742
v 1.6271 6.5052 5.1051
v 1.2051 6.5792 5.5666
v 1.2005 6.5872 5.5578
v 1.1935 6.5872 5.5445
v 1.1889 6.5792 5.5357
v 1.4562 6.5253 5.3441
v 0.9164 6.5872 5.6857
v 0.9111 6.5872 5.6716
v 0.6361 6.5275 5.7253
v -2.4835 6.5202 3.5933
v 0.6189 6.5872 5.7783
v 0.6153 6.5872 5.7638
v 0.3125 6.5872 5.8345
v 0.3107 6.5872 5.8196
v 0.0015 6.5872 5.8533
v 0.0015 6.5872 5.8383
v -0.2308 6.5232 5.7973
v -0.1466 6.5044 5.7207
v -0.3095 6.5872 5.8345
v -0.3077 6.5872 5.8196
v -0.6159 6.5872 5.7783
v -0.6124 6.5872 5.7638
v -0.8531 6.5047 5.5804
v -0.9134 6.5872 5.6857
v -0.9081 6.5872 5.6716
v -1.2021 6.5792 5.5666
v -1.1975 6.5872 5.5578
v -1.1905 6.5872 5.5445
v -1.1859 6.5792 5.5357
v -1.9372 6.5792 4.9908
v -1.9297 6.5872 4.9842
v -1.9184 6.5872 4.9742
v -2.0930 6.5253 4.6936
v -2.1300 6.5792 4.7446
v -2.1218 6.5872 4.7389
v -2.1095 6.5872 4.7304
v -2.1012 6.5792 4.7247
v -2.1681 6.5047 4.4335
v -2.2918 6.5792 4.4769
v -2.2830 6.5872 4.4723
v -2.2697 6.5872 4.4653
v -2.2609 6.5792 4.4607
v -2.4109 6.5872 4.1882
v -2.3968 6.5872 4.1829
v -2.3770 6.5052 3.8574
v -2.3948 6.4942 3.7253
v 2.5290 6.5772 3.7024
v -0.2208 6.4872 4.7110
v 0.4565 28.2472 5.7563
v -0.4569 28.2472 5.7745
v -1.3044 28.2472 5.4336
v -2.4262 28.2472 4.0298
v 2.4292 6.5672 4.0298
v -0.4569 6.5672 5.7745
v -2.4262 6.5672 4.0298
v 2.2543 28.2997 4.2872
v 2.3015 28.2472 4.4804
v 2.1776 28.2472 4.5888
v 2.1392 28.2472 4.7489
v 2.0384 28.2997 4.6793
v 1.9457 28.2472 4.9958
v 1.7996 28.2472 5.0714
v 1.7484 28.2997 5.0202
v 1.7240 28.2472 5.2176
v 1.4770 28.2472 5.4110
v 1.3170 28.2472 5.4494
v 1.2796 28.2997 5.3875
v 1.2086 28.2472 5.5733
v 0.8791 28.2997 5.5875
v 0.5938 28.2997 5.6764
v 0.1507 28.2997 5.7393
v -0.2968 28.2997 5.7303
v -0.5908 28.2997 5.6764
v -1.0124 28.2997 5.5261
v -1.2056 28.2472 5.5733
v -1.4741 28.2472 5.4110
v -1.4045 28.2997 5.3102
v -1.7210 28.2472 5.2176
v -1.7454 28.2997 5.0202
v -1.9428 28.2472 4.9958
v -2.0002 28.2472 4.8415
v -2.1362 28.2472 4.7489
v -2.0354 28.2997 4.6793
v -2.2985 28.2472 4.4804
v -2.2513 28.2997 4.2872
v -2.4016 28.2997 3.8656
v 2.5235 28.2472 3.8949
v -2.4835 28.2942 3.5933
v 2.4046 6.5147 3.8656
v 2.3015 6.5672 4.4804
v 2.2543 6.5147 4.2872
v 2.1392 6.5672 4.7489
v 2.0384 6.5147 4.6793
v 1.9457 6.5672 4.9958
v 1.7240 6.5672 5.2176
v 1.9886 6.5672 4.8301
v 1.7484 6.5147 5.0202
v 1.4770 6.5672 5.4110
v 1.2086 6.5672 5.5733
v 1.3170 6.5672 5.4494
v 1.2796 6.5147 5.3875
v 0.8791 6.5147 5.5875
v 0.5938 6.5147 5.6764
v 0.4565 6.5672 5.7563
v 0.1507 6.5147 5.7393
v -0.2968 6.5147 5.7303
v -0.5908 6.5147 5.6764
v -1.2056 6.5672 5.5733
v -1.0124 6.5147 5.5261
v -1.4741 6.5672 5.4110
v -1.4045 6.5147 5.3102
v -1.7210 6.5672 5.2176
v -1.3044 6.5672 5.4336
v -1.9428 6.5672 4.9958
v -1.7454 6.5147 5.0202
v -2.1362 6.5672 4.7489
v -2.0354 6.5147 4.6793
v -2.2985 6.5672 4.4804
v -2.0002 6.5672 4.8415
v -2.2513 6.5147 4.2872
v -2.5205 6.5672 3.8949
v -2.4016 6.5147 3.8656
v 2.5545 19.2219 4.6224
v 3.1815 18.6408 5.0592
v 3.1815 19.2151 4.1098
v 3.1815 20.0297 4.2339
v 3.1815 20.7756 5.2077
v 3.1815 22.1800 5.4674
v 3.1815 23.1147 4.9445
v 3.1815 24.6561 4.6721
v 3.1815 25.4033 5.3032
v 2.5526 26.1670 5.6946
v 3.1815 26.4549 5.4743
v 3.1815 27.5249 4.9641
v 3.1815 28.0151 4.1098
v 3.1815 23.5848 4.2339
v 2.5543 24.2816 4.2689
v 3.1815 24.3740 3.9802
v 2.8515 19.8747 3.5933
v 3.1815 19.9458 4.2252
v 3.1815 20.3419 4.8784
v 3.1815 20.9378 5.3564
v 3.1815 21.6798 5.5381
v 3.1815 22.4391 5.4548
v 3.1815 22.8994 5.2278
v 3.1815 23.4277 4.6761
v 3.1815 23.7353 3.9768
v 2.8480 24.2420 3.5933
v 3.1815 24.3458 4.2252
v 3.1815 24.7419 4.8784
v 3.1815 25.3378 5.3564
v 3.1815 26.4594 5.4964
v 3.1815 27.2994 5.2278
v 3.1815 27.8277 4.6761
v 3.1815 28.1352 3.9768
v 3.1815 17.7875 5.5048
v 3.1815 18.4994 5.2278
v 3.1815 19.0277 4.6761
v 3.1815 19.3353 3.9768
v 3.1815 17.2823 5.5000
v 3.1815 15.8070 4.7120
v 2.5505 16.5064 5.4705
v 2.5507 15.5241 4.4523
v 2.8497 15.4740 3.5933
v 3.1815 14.7848 4.2339
v 2.8515 14.9397 3.5933
v 3.1815 14.0389 5.2077
v 2.5511 14.8970 4.4078
v 3.1815 12.6345 5.4674
v 3.1815 11.6998 4.9445
v 3.1815 11.2297 4.2339
v 3.1815 10.1584 4.6721
v 3.1815 9.4112 5.3032
v 2.5411 10.0764 5.0691
v 3.1815 8.3596 5.4743
v 3.1815 7.2896 4.9641
v 2.5458 7.0656 4.9969
v 3.1815 6.7994 4.1098
v 2.5529 6.6380 4.0697
v 2.5043 6.5814 4.0689
v 2.5548 11.1975 4.6391
v 3.1815 10.4405 3.9802
v 3.1815 14.8687 4.2252
v 3.1815 14.4725 4.8784
v 3.1815 13.8767 5.3564
v 3.1815 13.1347 5.5381
v 3.1815 12.3754 5.4548
v 3.1815 11.9151 5.2278
v 3.1815 11.3867 4.6761
v 3.1815 11.0792 3.9768
v 2.8497 11.0740 3.5933
v 3.1815 10.4687 4.2252
v 3.1815 10.0725 4.8784
v 3.1815 9.4767 5.3564
v 3.1815 8.3550 5.4964
v 3.1815 7.5151 5.2278
v 3.1815 6.9867 4.6761
v 3.1815 6.6792 3.9768
v 3.1815 6.7372 3.5933
v 3.1815 17.0237 5.5213
v 3.1815 16.3245 5.2138
v 3.1815 15.7728 4.6854
v 3.1815 15.4957 3.9735
v -2.5444 18.0705 5.5654
v -3.1785 18.0214 5.4027
v -3.1785 18.8799 4.7623
v -3.1785 19.2151 4.1098
v -2.6689 19.4421 3.7340
v -3.1785 20.0297 4.2339
v -2.8485 19.8747 3.5933
v -3.1785 20.7756 5.2077
v -2.5481 19.9175 4.4078
v -3.1785 22.1800 5.4674
v -3.1785 23.1147 4.9445
v -3.1785 23.4779 4.4415
v -3.1785 24.6561 4.6721
v -3.1785 25.4033 5.3032
v -2.5381 24.7381 5.0691
v -3.1785 26.4549 5.4743
v -3.1785 27.5249 4.9641
v -3.1785 28.0151 4.1098
v -2.5526 27.9638 4.7638
v -2.6689 28.2421 3.7340
v -3.1785 23.6405 3.9801
v -2.8468 23.7405 3.5933
v -3.1785 24.3740 3.9802
v -3.1785 19.9458 4.2252
v -3.1785 20.3419 4.8784
v -3.1785 20.9378 5.3564
v -3.1785 21.6798 5.5381
v -3.1785 22.4391 5.4548
v -3.1785 22.8994 5.2278
v -3.1785 23.4277 4.6761
v -3.1785 23.7562 3.7851
v -3.1785 24.3458 4.2252
v -3.1785 24.7419 4.8784
v -3.1785 25.3378 5.3564
v -3.1785 26.4594 5.4964
v -3.1785 27.2994 5.2278
v -3.1785 27.6852 4.8894
v -3.1785 28.0633 4.1239
v -3.1785 17.7875 5.5048
v -3.1785 18.4994 5.2278
v -3.1785 18.8852 4.8894
v -3.1785 19.2633 4.1239
v -2.5568 16.2882 5.3735
v -3.1785 16.9506 5.4172
v -2.5500 15.4565 4.1679
v -3.1785 15.8070 4.7120
v -3.1785 14.7848 4.2339
v -3.1785 14.0389 5.2077
v -3.1785 12.6345 5.4674
v -3.1785 11.6998 4.9445
v -3.1785 11.3366 4.4415
v -3.1785 10.1584 4.6721
v -3.1785 9.4112 5.3032
v -2.5497 8.6475 5.6946
v -3.1785 8.3596 5.4743
v -3.1785 7.2896 4.9641
v -3.1785 6.7994 4.1098
v -3.1785 11.1740 3.9801
v -2.5513 10.5329 4.2689
v -3.1785 10.4405 3.9802
v -2.8485 14.9397 3.5933
v -3.1785 14.8687 4.2252
v -3.1785 14.4725 4.8784
v -3.1785 13.8767 5.3564
v -3.1785 13.1347 5.5381
v -3.1785 12.3754 5.4548
v -3.1785 11.9151 5.2278
v -3.1785 11.3867 4.6761
v -3.1785 11.0582 3.7851
v -2.8450 10.5725 3.5933
v -3.1785 10.4687 4.2252
v -3.1785 10.0725 4.8784
v -3.1785 9.4767 5.3564
v -3.1785 8.3550 5.4964
v -3.1785 7.5151 5.2278
v -3.1785 7.1293 4.8894
v -3.1785 6.7512 4.1239
v -3.1785 17.0237 5.5213
v -3.1785 16.3245 5.2138
v -3.1785 15.7728 4.6854
v -3.1785 15.4957 3.9735
v 2.4885 19.5937 3.5933
v 2.4848 19.6720 4.1572
v 2.4868 23.8746 4.4335
v -2.4818 15.1425 4.1572
v -2.4838 10.9399 4.4335
v 2.4415 19.5114 4.4649
v 2.4415 19.5830 4.0418
v 2.4415 23.9114 4.4649
v 2.4415 24.1031 4.4649
v 2.4415 15.3031 4.4649
v 2.4903 15.3204 4.3453
v 2.4844 15.1405 4.1641
v 2.4415 10.9031 4.4649
v 2.4415 10.7114 4.4649
v -2.4385 19.5114 4.4649
v -2.4814 19.6740 4.1642
v -2.4385 23.9114 4.4649
v -2.4385 24.1031 4.4649
v -2.4385 15.3031 4.4649
v -2.4620 15.2140 3.7535
v -2.4824 15.2722 4.1561
v -2.4385 10.9031 4.4649
v -2.4385 10.7114 4.4649
v 2.5474 18.0705 5.5654
v 2.4415 17.6980 5.8018
v 2.4295 17.6990 5.8092
v 2.4295 17.9857 5.7522
v 2.4415 17.9838 5.7449
v 2.4295 17.7035 5.8439
v 2.4415 17.9967 5.7932
v 2.4295 17.9948 5.7860
v 2.4295 18.2625 5.6582
v 2.4415 18.2597 5.6513
v 2.4295 18.5247 5.5289
v 2.4415 18.5210 5.5224
v 2.4295 18.2759 5.6905
v 2.4415 18.2788 5.6974
v 2.4415 18.5460 5.5657
v 2.4295 18.5422 5.5592
v 2.4295 18.7678 5.3665
v 2.4415 18.7633 5.3605
v 2.4215 18.5297 5.5375
v 2.4215 18.7739 5.3744
v 2.4295 18.9876 5.1737
v 2.4415 18.9823 5.1684
v 2.4295 18.7891 5.3942
v 2.4415 18.7937 5.4002
v 2.4415 19.0177 5.2037
v 2.4295 19.0124 5.1984
v 2.4295 19.2082 4.9752
v 2.4415 19.2141 4.9798
v 2.4415 19.3796 4.7321
v 2.4295 19.3731 4.7283
v 2.4295 19.5044 4.4620
v 2.4415 19.4652 4.4457
v 2.4295 19.4721 4.4486
v 2.4295 19.5661 4.1718
v 2.4275 19.6917 4.3315
v 2.4335 19.6549 4.1587
v 2.4295 19.8717 4.7108
v 2.4295 20.0341 4.9539
v 2.4415 20.0004 4.9798
v 2.4415 20.1968 5.2037
v 2.4295 20.2021 5.1984
v 2.4295 20.0063 4.9752
v 2.4899 20.9993 5.6788
v 2.4415 20.4208 5.4002
v 2.4295 20.4254 5.3942
v 2.4295 20.4467 5.3665
v 2.4295 20.6897 5.5289
v 2.4415 20.6685 5.5657
v 2.4295 20.6722 5.5592
v 2.4295 20.9519 5.6582
v 2.4415 20.9357 5.6974
v 2.4295 20.9385 5.6905
v 2.4295 21.2288 5.7522
v 2.4415 21.2178 5.7932
v 2.4295 21.2197 5.7860
v 2.4295 21.5155 5.8092
v 2.4415 20.5829 5.4256
v 2.4415 21.6586 5.8611
v 2.4295 21.5109 5.8439
v 2.4295 21.8072 5.8283
v 2.4415 21.8072 5.8208
v 2.5602 22.2132 5.6203
v 2.4295 22.0990 5.8092
v 2.4295 22.1035 5.8439
v 2.4415 22.1045 5.8513
v 2.4415 22.3967 5.7932
v 2.4295 22.3948 5.7860
v 2.4415 22.3838 5.7449
v 2.4295 22.3857 5.7522
v 2.4295 22.6625 5.6582
v 2.4415 22.6597 5.6513
v 2.4295 22.9247 5.5289
v 2.4415 22.9210 5.5224
v 2.4295 22.6759 5.6905
v 2.4415 22.6788 5.6974
v 2.4415 22.9460 5.5657
v 2.4295 22.9422 5.5592
v 2.4295 23.1678 5.3665
v 2.4415 23.1633 5.3605
v 2.4295 23.3876 5.1737
v 2.4415 23.3823 5.1684
v 2.4295 23.5804 4.9539
v 2.4415 23.5744 4.9493
v 2.4295 23.4124 5.1984
v 2.4415 23.4177 5.2037
v 2.4415 23.6141 4.9798
v 2.4295 23.6082 4.9752
v 2.4415 23.7796 4.7321
v 2.4295 23.7731 4.7283
v 2.4415 23.7363 4.7071
v 2.4295 23.7428 4.7108
v 2.4295 23.8721 4.4486
v 2.4415 23.8652 4.4457
v 2.4295 23.9044 4.4620
v 2.4275 24.0917 4.3315
v 2.4295 24.2717 4.7108
v 2.4335 24.0549 4.1587
v 2.4295 24.1100 4.4620
v 2.4295 24.2414 4.7283
v 2.4215 24.2500 4.7233
v 2.4215 24.1193 4.4582
v 2.4415 24.2349 4.7321
v 2.4295 24.4063 4.9752
v 2.4295 24.6021 5.1984
v 2.4215 24.6092 5.1914
v 2.4215 24.4143 4.9691
v 2.4415 24.4004 4.9798
v 2.4415 24.5968 5.2037
v 2.4415 24.9176 5.3934
v 2.4835 24.8457 5.3353
v 2.4415 24.8208 5.4002
v 2.4295 24.8254 5.3942
v 2.4295 24.8467 5.3665
v 2.4295 25.0897 5.5289
v 2.4295 25.0722 5.5592
v 2.4215 25.0772 5.5505
v 2.4215 24.8314 5.3863
v 2.4415 25.0685 5.5657
v 2.4295 25.3519 5.6582
v 2.4415 25.3357 5.6974
v 2.4295 25.3385 5.6905
v 2.4835 25.6160 5.7237
v 2.4295 25.6288 5.7522
v 2.4415 25.6178 5.7932
v 2.4295 25.6197 5.7860
v 2.4295 25.9155 5.8092
v 2.4295 26.2072 5.8283
v 2.4415 26.0586 5.8611
v 2.4295 26.2072 5.8633
v 2.4295 25.9109 5.8439
v 2.4811 26.6416 5.7769
v 2.4295 26.4990 5.8092
v 2.4295 26.5035 5.8439
v 2.4415 26.5045 5.8513
v 2.4415 26.7967 5.7932
v 2.4295 26.7948 5.7860
v 2.4295 26.7857 5.7522
v 2.4295 27.0625 5.6582
v 2.4415 27.0788 5.6974
v 2.4295 27.0759 5.6905
v 2.4295 27.3247 5.5289
v 2.4415 27.3460 5.5657
v 2.4295 27.3422 5.5592
v 2.4295 27.5678 5.3665
v 2.4415 27.5937 5.4002
v 2.4295 27.5891 5.3942
v 2.5556 27.9638 4.7638
v 2.4415 27.8177 5.2037
v 2.4295 27.8124 5.1984
v 2.4415 27.8784 5.0589
v 2.4215 27.8053 5.1914
v 2.4295 28.0082 4.9752
v 2.4215 28.0002 4.9691
v 2.4415 28.0141 4.9798
v 2.4295 27.9804 4.9539
v 2.4295 28.1428 4.7108
v 2.4415 28.1796 4.7321
v 2.4295 28.1731 4.7283
v 2.4295 28.2721 4.4486
v 2.4215 28.1515 4.7158
v 2.4215 28.2813 4.4524
v 2.4215 28.1645 4.7233
v 2.4295 28.3044 4.4620
v 2.4215 28.2952 4.4582
v 2.4415 28.3114 4.4649
v 2.4295 28.3661 4.1718
v 2.4215 28.3757 4.1744
v 2.4295 28.3999 4.1808
v 2.4215 28.3902 4.1782
v 2.4415 28.4071 4.1828
v 2.4295 28.4231 3.8850
v 2.4215 28.4330 3.8863
v 2.4295 28.4578 3.8896
v 2.4215 28.4479 3.8883
v 2.4415 28.4653 3.8906
v 2.4295 28.4422 3.5933
v 2.4295 28.4772 3.5933
v 2.4215 28.4597 3.5933
v 2.4295 19.6146 4.1808
v 2.4355 19.6072 4.1645
v 2.4295 23.9661 4.1718
v 2.8497 23.7405 3.5933
v 2.4295 23.9999 4.1808
v 2.4215 24.0072 4.0927
v 2.4215 23.9902 4.1782
v 2.4831 24.0686 4.1506
v 2.4295 16.8288 5.7522
v 2.4295 17.1155 5.8092
v 2.4415 17.1165 5.8018
v 2.4415 16.8307 5.7449
v 2.4415 16.8178 5.7932
v 2.4415 17.1100 5.8513
v 2.4295 17.1109 5.8439
v 2.4295 16.8197 5.7860
v 2.4295 16.5519 5.6582
v 2.4415 16.5548 5.6513
v 2.4295 16.2897 5.5289
v 2.4415 16.2935 5.5224
v 2.4415 16.2685 5.5657
v 2.4415 16.5357 5.6974
v 2.4295 16.5385 5.6905
v 2.4295 16.2722 5.5592
v 2.4295 16.0467 5.3665
v 2.4415 16.0512 5.3605
v 2.4215 16.0406 5.3744
v 2.4215 16.2847 5.5375
v 2.4295 15.8269 5.1737
v 2.4415 15.8322 5.1684
v 2.4415 15.7968 5.2037
v 2.4415 16.0208 5.4002
v 2.4295 16.0254 5.3942
v 2.4295 15.8021 5.1984
v 2.4415 15.4349 4.7321
v 2.4415 15.6004 4.9798
v 2.4295 15.6063 4.9752
v 2.4295 15.4414 4.7283
v 2.4295 15.3100 4.4620
v 2.4295 15.2484 4.1718
v 2.4295 15.3424 4.4486
v 2.4415 15.3493 4.4457
v 2.4275 15.1228 4.3315
v 2.4295 14.7804 4.9539
v 2.4295 14.9428 4.7108
v 2.4415 14.2316 5.4256
v 2.4295 14.6124 5.1984
v 2.4415 14.6177 5.2037
v 2.4415 14.8141 4.9798
v 2.4295 14.8082 4.9752
v 2.4295 14.3891 5.3942
v 2.4415 14.3937 5.4002
v 2.4295 14.1247 5.5289
v 2.4295 14.3678 5.3665
v 2.4295 14.1422 5.5592
v 2.4415 14.1460 5.5657
v 2.4295 13.8625 5.6582
v 2.4295 13.8759 5.6905
v 2.4415 13.8788 5.6974
v 2.4295 13.5857 5.7522
v 2.4295 13.5948 5.7860
v 2.4415 13.5967 5.7932
v 2.4295 13.2990 5.8092
v 2.4295 13.3035 5.8439
v 2.4415 13.0072 5.8208
v 2.4295 13.0072 5.8283
v 2.4415 12.8619 5.8113
v 2.4295 12.7155 5.8092
v 2.4415 12.4178 5.7932
v 2.4415 12.7100 5.8513
v 2.4295 12.7109 5.8439
v 2.4295 12.4197 5.7860
v 2.4295 12.1519 5.6582
v 2.4295 12.4288 5.7522
v 2.4415 12.4307 5.7449
v 2.4415 12.1548 5.6513
v 2.4295 11.8897 5.5289
v 2.4415 11.8935 5.5224
v 2.4415 11.8685 5.5657
v 2.4415 12.1357 5.6974
v 2.4295 12.1385 5.6905
v 2.4295 11.8722 5.5592
v 2.4295 11.6467 5.3665
v 2.4415 11.6512 5.3605
v 2.4295 11.4269 5.1737
v 2.4415 11.4322 5.1684
v 2.4295 11.2341 4.9539
v 2.4415 11.2400 4.9493
v 2.4415 11.2004 4.9798
v 2.4415 11.3968 5.2037
v 2.4295 11.4021 5.1984
v 2.4295 11.2063 4.9752
v 2.4415 11.0349 4.7321
v 2.4295 11.0414 4.7283
v 2.4295 10.9424 4.4486
v 2.4295 11.0717 4.7108
v 2.4415 11.0782 4.7071
v 2.4415 10.9493 4.4457
v 2.4295 10.9100 4.4620
v 2.4415 7.8844 4.9131
v 2.4295 10.5428 4.7108
v 2.4215 10.5645 4.7233
v 2.4295 10.5731 4.7283
v 2.4295 10.7044 4.4620
v 2.4215 10.6952 4.4582
v 2.4415 10.5796 4.7321
v 2.4215 10.2053 5.1914
v 2.4295 10.2124 5.1984
v 2.4295 10.4082 4.9752
v 2.4215 10.4002 4.9691
v 2.4415 10.2177 5.2037
v 2.4415 10.4141 4.9798
v 2.4295 9.9891 5.3942
v 2.4415 9.9937 5.4002
v 2.4295 9.7247 5.5289
v 2.4295 9.9678 5.3665
v 2.4215 9.7372 5.5505
v 2.4295 9.7422 5.5592
v 2.4215 9.9830 5.3863
v 2.4415 9.7460 5.5657
v 2.4295 9.4625 5.6582
v 2.4295 9.4759 5.6905
v 2.4415 9.4788 5.6974
v 2.4295 9.1857 5.7522
v 2.4295 9.1948 5.7860
v 2.4415 9.1967 5.7932
v 2.4295 8.8990 5.8092
v 2.4295 8.6072 5.8283
v 2.4295 8.6072 5.8633
v 2.4415 8.7559 5.8611
v 2.4295 8.9035 5.8439
v 2.4295 8.3155 5.8092
v 2.4415 8.0178 5.7932
v 2.4415 8.3100 5.8513
v 2.4295 8.3109 5.8439
v 2.4295 8.0197 5.7860
v 2.4415 8.1773 5.7547
v 2.4811 8.1729 5.7769
v 2.4295 7.7519 5.6582
v 2.4295 8.0288 5.7522
v 2.4415 7.7357 5.6974
v 2.4295 7.7385 5.6905
v 2.4295 7.4897 5.5289
v 2.4415 7.4685 5.5657
v 2.4295 7.4722 5.5592
v 2.4415 7.3724 5.4414
v 2.4295 7.2467 5.3665
v 2.4415 7.2208 5.4002
v 2.4295 7.2254 5.3942
v 2.4415 6.9968 5.2037
v 2.4295 7.0021 5.1984
v 2.4847 7.0116 5.1576
v 2.4295 6.8063 4.9752
v 2.4215 7.0092 5.1914
v 2.4215 6.8143 4.9691
v 2.4415 6.8004 4.9798
v 2.4295 6.6717 4.7108
v 2.4295 6.8341 4.9539
v 2.4415 6.6349 4.7321
v 2.4295 6.6414 4.7283
v 2.4295 6.5424 4.4486
v 2.4215 6.5331 4.4524
v 2.4215 6.6630 4.7158
v 2.4295 6.5100 4.4620
v 2.4215 6.6500 4.7233
v 2.4215 6.5193 4.4582
v 2.4415 6.5031 4.4649
v 2.4415 6.5025 4.3078
v 2.4295 6.4484 4.1718
v 2.4215 6.4387 4.1744
v 2.4295 6.4146 4.1808
v 2.4215 6.4242 4.1782
v 2.4415 6.4073 4.1828
v 2.4295 6.3914 3.8850
v 2.4215 6.3814 3.8863
v 2.4295 6.3567 3.8896
v 2.4215 6.3666 3.8883
v 2.4853 6.4750 4.1646
v 2.4295 6.3722 3.5933
v 2.4215 6.3547 3.5933
v 2.4295 6.3372 3.5933
v 2.4295 15.1999 4.1808
v 2.4854 10.8722 4.1560
v 2.4295 10.8484 4.1718
v 2.4940 10.8982 4.0128
v 2.4215 10.8072 4.0927
v 2.4295 10.8146 4.1808
v 2.4215 10.8242 4.1782
v 2.8480 10.5725 3.5933
v 2.4275 10.7228 4.3315
v -2.4265 17.9857 5.7522
v -2.4265 17.6990 5.8092
v -2.4385 17.6980 5.8018
v -2.4385 17.9838 5.7449
v -2.4385 17.9967 5.7932
v -2.4385 17.5559 5.8611
v -2.4265 17.7035 5.8439
v -2.4265 17.9948 5.7860
v -2.4265 18.2625 5.6582
v -2.4385 18.2597 5.6513
v -2.4265 18.5247 5.5289
v -2.4385 18.5210 5.5224
v -2.4385 18.5460 5.5657
v -2.4385 18.2788 5.6974
v -2.4265 18.2759 5.6905
v -2.4265 18.5422 5.5592
v -2.4265 18.7678 5.3665
v -2.4385 18.7633 5.3605
v -2.4185 18.7739 5.3744
v -2.4185 18.5297 5.5375
v -2.4265 18.9876 5.1737
v -2.4385 18.9823 5.1684
v -2.4385 19.0177 5.2037
v -2.4385 18.7937 5.4002
v -2.4265 18.7891 5.3942
v -2.4265 19.0124 5.1984
v -2.4385 19.3796 4.7321
v -2.4385 19.2141 4.9798
v -2.4265 19.2082 4.9752
v -2.4265 19.3731 4.7283
v -2.4265 19.5044 4.4620
v -2.4265 19.5661 4.1718
v -2.4265 19.4721 4.4486
v -2.4385 19.4652 4.4457
v -2.4245 19.6917 4.3315
v -2.4265 20.0341 4.9539
v -2.4265 19.8717 4.7108
v -2.4385 20.5829 5.4256
v -2.4265 20.2021 5.1984
v -2.4385 20.1968 5.2037
v -2.4385 20.0004 4.9798
v -2.4265 20.0063 4.9752
v -2.4265 20.4254 5.3942
v -2.4385 20.4208 5.4002
v -2.4265 20.6897 5.5289
v -2.4265 20.4467 5.3665
v -2.4265 20.6722 5.5592
v -2.4385 20.6685 5.5657
v -2.4265 20.9519 5.6582
v -2.4265 20.9385 5.6905
v -2.4385 20.9357 5.6974
v -2.4265 21.2288 5.7522
v -2.4265 21.2197 5.7860
v -2.4385 21.2178 5.7932
v -2.4265 21.5155 5.8092
v -2.4265 21.5109 5.8439
v -2.4385 21.8072 5.8208
v -2.4265 21.8072 5.8283
v -2.4385 21.9526 5.8113
v -2.4265 22.0990 5.8092
v -2.4385 22.3967 5.7932
v -2.4385 22.1045 5.8513
v -2.4265 22.1035 5.8439
v -2.4265 22.3948 5.7860
v -2.4265 22.6625 5.6582
v -2.4265 22.3857 5.7522
v -2.4385 22.3838 5.7449
v -2.4385 22.6597 5.6513
v -2.4265 22.9247 5.5289
v -2.4385 22.9210 5.5224
v -2.4385 22.9460 5.5657
v -2.4385 22.6788 5.6974
v -2.4265 22.6759 5.6905
v -2.4265 22.9422 5.5592
v -2.4265 23.1678 5.3665
v -2.4385 23.1633 5.3605
v -2.4265 23.3876 5.1737
v -2.4385 23.3823 5.1684
v -2.4265 23.5804 4.9539
v -2.4385 23.5744 4.9493
v -2.4385 23.6141 4.9798
v -2.4385 23.4177 5.2037
v -2.4265 23.4124 5.1984
v -2.4265 23.6082 4.9752
v -2.4385 23.7796 4.7321
v -2.4265 23.7731 4.7283
v -2.5518 23.6170 4.6391
v -2.4265 23.8721 4.4486
v -2.4265 23.7428 4.7108
v -2.4385 23.7363 4.7071
v -2.4385 23.8652 4.4457
v -2.4265 23.9044 4.4620
v -2.4385 26.9301 4.9131
v -2.4265 24.2717 4.7108
v -2.4185 24.2500 4.7233
v -2.4265 24.2414 4.7283
v -2.4265 24.1100 4.4620
v -2.4185 24.1193 4.4582
v -2.4385 24.2349 4.7321
v -2.4185 24.6092 5.1914
v -2.4265 24.6021 5.1984
v -2.4265 24.4063 4.9752
v -2.4185 24.4143 4.9691
v -2.4385 24.5968 5.2037
v -2.4385 24.4004 4.9798
v -2.4265 24.8254 5.3942
v -2.4385 24.8208 5.4002
v -2.4265 25.0897 5.5289
v -2.4265 24.8467 5.3665
v -2.4185 25.0772 5.5505
v -2.4265 25.0722 5.5592
v -2.4185 24.8314 5.3863
v -2.4385 25.0685 5.5657
v -2.4265 25.3519 5.6582
v -2.4265 25.3385 5.6905
v -2.4385 25.3357 5.6974
v -2.4265 25.6288 5.7522
v -2.4265 25.6197 5.7860
v -2.4385 25.6178 5.7932
v -2.4265 25.9155 5.8092
v -2.4265 26.2072 5.8283
v -2.4265 26.2072 5.8633
v -2.4385 26.0586 5.8611
v -2.4265 25.9109 5.8439
v -2.4265 26.4990 5.8092
v -2.4385 26.7967 5.7932
v -2.4385 26.5045 5.8513
v -2.4265 26.5035 5.8439
v -2.4265 26.7948 5.7860
v -2.4385 26.6372 5.7547
v -2.4781 26.6416 5.7769
v -2.4265 27.0625 5.6582
v -2.4265 26.7857 5.7522
v -2.4385 27.0788 5.6974
v -2.4265 27.0759 5.6905
v -2.4265 27.3247 5.5289
v -2.4385 27.3460 5.5657
v -2.4265 27.3422 5.5592
v -2.4385 27.4421 5.4414
v -2.4265 27.5678 5.3665
v -2.4385 27.5937 5.4002
v -2.4265 27.5891 5.3942
v -2.4385 27.8177 5.2037
v -2.4265 27.8124 5.1984
v -2.4817 27.8029 5.1576
v -2.4265 28.0082 4.9752
v -2.4185 27.8053 5.1914
v -2.4185 28.0002 4.9691
v -2.4385 28.0141 4.9798
v -2.4265 28.1428 4.7108
v -2.4265 27.9804 4.9539
v -2.4385 28.1796 4.7321
v -2.4265 28.1731 4.7283
v -2.4265 28.2721 4.4486
v -2.4185 28.2813 4.4524
v -2.4185 28.1515 4.7158
v -2.4265 28.3044 4.4620
v -2.4185 28.1645 4.7233
v -2.4185 28.2952 4.4582
v -2.4385 28.3114 4.4649
v -2.4385 28.3120 4.3078
v -2.4265 28.3661 4.1718
v -2.4185 28.3757 4.1744
v -2.4265 28.3999 4.1808
v -2.4185 28.3902 4.1782
v -2.4385 28.4071 4.1828
v -2.4265 28.4231 3.8850
v -2.4185 28.4330 3.8863
v -2.4265 28.4578 3.8896
v -2.4185 28.4479 3.8883
v -2.4823 28.3395 4.1646
v -2.4265 28.4422 3.5933
v -2.4185 28.4597 3.5933
v -2.4265 28.4772 3.5933
v -2.4265 19.6146 4.1808
v -2.4824 23.9422 4.1561
v -2.4265 23.9661 4.1718
v -2.4911 23.9163 4.0128
v -2.4185 24.0072 4.0927
v -2.4265 23.9999 4.1808
v -2.4185 23.9902 4.1782
v -2.8450 24.2420 3.5933
v -2.4245 24.0917 4.3315
v -2.4385 17.1165 5.8018
v -2.4265 17.1155 5.8092
v -2.4265 16.8288 5.7522
v -2.4385 16.8307 5.7449
v -2.4265 17.1109 5.8439
v -2.4385 17.1100 5.8513
v -2.4385 16.8178 5.7932
v -2.4265 16.8197 5.7860
v -2.4265 16.5519 5.6582
v -2.4385 16.5548 5.6513
v -2.4265 16.2897 5.5289
v -2.4385 16.2935 5.5224
v -2.4265 16.5385 5.6905
v -2.4385 16.5357 5.6974
v -2.4385 16.2685 5.5657
v -2.4265 16.2722 5.5592
v -2.4265 16.0467 5.3665
v -2.4385 16.0512 5.3605
v -2.4185 16.2847 5.5375
v -2.4185 16.0406 5.3744
v -2.4265 15.8269 5.1737
v -2.4385 15.8322 5.1684
v -2.4265 16.0254 5.3942
v -2.4385 16.0208 5.4002
v -2.4385 15.7968 5.2037
v -2.4265 15.8021 5.1984
v -2.4265 15.6063 4.9752
v -2.4385 15.6004 4.9798
v -2.4385 15.4349 4.7321
v -2.4265 15.4414 4.7283
v -2.4265 15.3100 4.4620
v -2.4385 15.3493 4.4457
v -2.4265 15.3424 4.4486
v -2.4265 15.2484 4.1718
v -2.4245 15.1228 4.3315
v -2.4305 15.1596 4.1587
v -2.4265 14.9428 4.7108
v -2.4265 14.7804 4.9539
v -2.4385 14.8141 4.9798
v -2.4385 14.6177 5.2037
v -2.4265 14.6124 5.1984
v -2.4265 14.8082 4.9752
v -2.4869 13.8152 5.6788
v -2.4385 14.3937 5.4002
v -2.4265 14.3891 5.3942
v -2.4265 14.3678 5.3665
v -2.4265 14.1247 5.5289
v -2.4385 14.1460 5.5657
v -2.4265 14.1422 5.5592
v -2.4265 13.8625 5.6582
v -2.4385 13.8788 5.6974
v -2.4265 13.8759 5.6905
v -2.4265 13.5857 5.7522
v -2.4385 13.5967 5.7932
v -2.4265 13.5948 5.7860
v -2.4265 13.2990 5.8092
v -2.4385 14.2316 5.4256
v -2.4385 13.1559 5.8611
v -2.4265 13.3035 5.8439
v -2.4265 13.0072 5.8283
v -2.4385 13.0072 5.8208
v -2.5573 12.6012 5.6203
v -2.4265 12.7155 5.8092
v -2.4265 12.7109 5.8439
v -2.4385 12.7100 5.8513
v -2.4385 12.4178 5.7932
v -2.4265 12.4197 5.7860
v -2.4385 12.4307 5.7449
v -2.4265 12.4288 5.7522
v -2.4265 12.1519 5.6582
v -2.4385 12.1548 5.6513
v -2.4265 11.8897 5.5289
v -2.4385 11.8935 5.5224
v -2.4265 12.1385 5.6905
v -2.4385 12.1357 5.6974
v -2.4385 11.8685 5.5657
v -2.4265 11.8722 5.5592
v -2.4265 11.6467 5.3665
v -2.4385 11.6512 5.3605
v -2.4265 11.4269 5.1737
v -2.4385 11.4322 5.1684
v -2.4265 11.2341 4.9539
v -2.4385 11.2400 4.9493
v -2.4265 11.4021 5.1984
v -2.4385 11.3968 5.2037
v -2.4385 11.2004 4.9798
v -2.4265 11.2063 4.9752
v -2.4385 11.0349 4.7321
v -2.4265 11.0414 4.7283
v -2.4385 11.0782 4.7071
v -2.4265 11.0717 4.7108
v -2.4265 10.9424 4.4486
v -2.4385 10.9493 4.4457
v -2.4265 10.9100 4.4620
v -2.4245 10.7228 4.3315
v -2.4265 10.5428 4.7108
v -2.4305 10.7596 4.1587
v -2.4265 10.7044 4.4620
v -2.4265 10.5731 4.7283
v -2.4185 10.5645 4.7233
v -2.4185 10.6952 4.4582
v -2.4385 10.5796 4.7321
v -2.4265 10.4082 4.9752
v -2.4265 10.2124 5.1984
v -2.4185 10.2053 5.1914
v -2.4185 10.4002 4.9691
v -2.4385 10.4141 4.9798
v -2.4385 10.2177 5.2037
v -2.4385 9.8969 5.3934
v -2.4805 9.9688 5.3353
v -2.4385 9.9937 5.4002
v -2.4265 9.9891 5.3942
v -2.4265 9.9678 5.3665
v -2.4265 9.7247 5.5289
v -2.4265 9.7422 5.5592
v -2.4185 9.7372 5.5505
v -2.4185 9.9830 5.3863
v -2.4385 9.7460 5.5657
v -2.4265 9.4625 5.6582
v -2.4385 9.4788 5.6974
v -2.4265 9.4759 5.6905
v -2.4805 9.1985 5.7237
v -2.4265 9.1857 5.7522
v -2.4385 9.1967 5.7932
v -2.4265 9.1948 5.7860
v -2.4265 8.8990 5.8092
v -2.4265 8.6072 5.8283
v -2.4385 8.7559 5.8611
v -2.4265 8.6072 5.8633
v -2.4265 8.9035 5.8439
v -2.4781 8.1729 5.7769
v -2.4265 8.3155 5.8092
v -2.4265 8.3109 5.8439
v -2.4385 8.3100 5.8513
v -2.4385 8.0178 5.7932
v -2.4265 8.0197 5.7860
v -2.4265 8.0288 5.7522
v -2.4265 7.7519 5.6582
v -2.4385 7.7357 5.6974
v -2.4265 7.7385 5.6905
v -2.4265 7.4897 5.5289
v -2.4385 7.4685 5.5657
v -2.4265 7.4722 5.5592
v -2.4265 7.2467 5.3665
v -2.4385 7.2208 5.4002
v -2.4265 7.2254 5.3942
v -2.5526 6.8506 4.7638
v -2.4385 6.9968 5.2037
v -2.4265 7.0021 5.1984
v -2.4385 6.9361 5.0589
v -2.4185 7.0092 5.1914
v -2.4265 6.8063 4.9752
v -2.4185 6.8143 4.9691
v -2.4385 6.8004 4.9798
v -2.4265 6.8341 4.9539
v -2.4265 6.6717 4.7108
v -2.4385 6.6349 4.7321
v -2.4265 6.6414 4.7283
v -2.4265 6.5424 4.4486
v -2.4185 6.6630 4.7158
v -2.4185 6.5331 4.4524
v -2.4185 6.6500 4.7233
v -2.4265 6.5100 4.4620
v -2.4185 6.5193 4.4582
v -2.4385 6.5031 4.4649
v -2.4265 6.4484 4.1718
v -2.4185 6.4387 4.1744
v -2.4265 6.4146 4.1808
v -2.4185 6.4242 4.1782
v -2.4385 6.4073 4.1828
v -2.4265 6.3914 3.8850
v -2.4185 6.3814 3.8863
v -2.4265 6.3567 3.8896
v -2.4185 6.3666 3.8883
v -2.4385 6.3492 3.8906
v -2.4265 6.3722 3.5933
v -2.4265 6.3372 3.5933
v -2.4185 6.3547 3.5933
v -2.4265 15.1999 4.1808
v -2.4325 15.2072 4.1645
v -2.4265 10.8484 4.1718
v -2.8468 11.0740 3.5933
v -2.4265 10.8146 4.1808
v -2.4185 10.8072 4.0927
v -2.4185 10.8242 4.1782
v -2.4802 10.7459 4.1506
v 2.4415 17.8372 5.7547
v 2.4295 17.4072 5.8283
v 2.4215 17.4072 5.8383
v 2.4215 17.7003 5.8191
v 2.4215 17.4072 5.8533
v 2.4215 17.7022 5.8340
v 2.4295 17.4072 5.8633
v 2.4415 17.5559 5.8611
v 2.4940 17.9650 5.6749
v 2.4811 17.8416 5.7769
v 2.4215 17.9883 5.7618
v 2.4215 17.9922 5.7763
v 2.4940 18.6912 5.2665
v 2.4215 18.2664 5.6674
v 2.4215 18.2721 5.6813
v 2.4215 18.5372 5.5505
v 2.4215 18.7830 5.3863
v 2.4875 19.3024 4.7310
v 2.4816 18.7587 5.3446
v 2.4215 18.9947 5.1808
v 2.4215 19.0053 5.1914
v 2.4295 19.1804 4.9539
v 2.4215 19.1883 4.9600
v 2.4215 19.2002 4.9691
v 2.4940 19.3585 4.4777
v 2.4295 19.3428 4.7108
v 2.4215 19.3515 4.7158
v 2.4215 19.3645 4.7233
v 2.4215 19.4813 4.4524
v 2.4215 19.4952 4.4582
v 2.4845 19.5673 4.0168
v 2.4215 19.5757 4.1744
v 2.4215 19.5902 4.1782
v 2.4295 19.5999 4.1808
v 2.4940 19.5438 3.8746
v 2.8497 19.3405 3.5933
v 2.4335 19.5830 4.0801
v 2.4940 19.6982 4.0128
v 2.5511 19.9175 4.4078
v 2.4215 19.6387 4.1744
v 2.4215 19.7331 4.4524
v 2.4215 19.6242 4.1782
v 2.4215 19.7193 4.4582
v 2.4295 19.7100 4.4620
v 2.4940 20.2043 4.9990
v 2.4835 20.0413 4.9235
v 2.4215 19.8630 4.7158
v 2.4215 19.8500 4.7233
v 2.4295 19.8414 4.7283
v 2.4415 19.8349 4.7321
v 2.4215 20.0262 4.9600
v 2.4215 20.0143 4.9691
v 2.4295 20.2269 5.1737
v 2.4215 20.2198 5.1808
v 2.4215 20.2092 5.1914
v 2.4215 20.4406 5.3744
v 2.4215 20.4314 5.3863
v 2.4940 20.8561 5.5219
v 2.4215 20.6847 5.5375
v 2.4215 20.6772 5.5505
v 2.5439 20.7303 5.3815
v 2.4215 20.9481 5.6674
v 2.4215 20.9424 5.6813
v 2.4940 21.4580 5.7070
v 2.4215 21.2262 5.7618
v 2.4215 21.2223 5.7763
v 2.4215 21.5142 5.8191
v 2.4215 21.5123 5.8340
v 2.4215 21.8072 5.8383
v 2.4215 21.8072 5.8533
v 2.4295 21.8072 5.8633
v 2.4792 22.1083 5.7891
v 2.4215 22.1003 5.8191
v 2.4215 22.1022 5.8340
v 2.4940 22.4985 5.6296
v 2.4215 22.3883 5.7618
v 2.4215 22.3922 5.7763
v 2.4215 22.6664 5.6674
v 2.4215 22.6721 5.6813
v 2.4940 23.2130 5.1962
v 2.4215 22.9297 5.5375
v 2.4215 22.9372 5.5505
v 2.4839 23.0590 5.4284
v 2.4215 23.1739 5.3744
v 2.4215 23.1830 5.3863
v 2.4295 23.1891 5.3942
v 2.4415 23.1937 5.4002
v 2.4215 23.3947 5.1808
v 2.4215 23.4053 5.1914
v 2.4215 23.5883 4.9600
v 2.4215 23.6002 4.9691
v 2.4940 23.7359 4.5444
v 2.4215 23.7515 4.7158
v 2.4215 23.7645 4.7233
v 2.4215 23.8813 4.4524
v 2.4215 23.8952 4.4582
v 2.4865 24.3235 4.7365
v 2.4215 24.1331 4.4524
v 2.4215 24.2630 4.7158
v 2.4295 24.4341 4.9539
v 2.4215 24.4262 4.9600
v 2.5411 24.7381 5.0691
v 2.4295 24.6269 5.1737
v 2.4215 24.6198 5.1808
v 2.4215 24.8406 5.3744
v 2.4940 25.1297 5.4596
v 2.4215 25.0847 5.5375
v 2.4940 25.7210 5.6797
v 2.4215 25.3481 5.6674
v 2.4215 25.3424 5.6813
v 2.4215 25.6262 5.7618
v 2.4215 25.6223 5.7763
v 2.4215 25.9142 5.8191
v 2.4215 25.9123 5.8340
v 2.4940 26.5564 5.7070
v 2.4215 26.2072 5.8383
v 2.4215 26.2072 5.8533
v 2.4215 26.5003 5.8191
v 2.4215 26.5022 5.8340
v 2.4215 26.7883 5.7618
v 2.4215 26.7922 5.7763
v 2.4940 27.1583 5.5219
v 2.4215 27.0664 5.6674
v 2.4215 27.0721 5.6813
v 2.4847 27.8029 5.1576
v 2.4215 27.3297 5.5375
v 2.4215 27.3372 5.5505
v 2.4215 27.5739 5.3744
v 2.4215 27.5830 5.3863
v 2.4940 27.9913 4.7444
v 2.4295 27.7876 5.1737
v 2.4215 27.7947 5.1808
v 2.4215 27.9883 4.9600
v 2.4853 28.3395 4.1646
v 2.8438 28.1755 3.6636
v 2.5548 23.6170 4.6391
v 2.4940 23.9163 4.0128
v 2.4215 23.9757 4.1744
v 2.4335 23.9830 4.0801
v 2.4940 24.0707 3.8746
v 2.4940 24.6043 4.9990
v 2.4215 24.0387 4.1744
v 2.4215 24.0242 4.1782
v 2.4295 24.0146 4.1808
v 2.4215 17.1142 5.8191
v 2.4215 17.1123 5.8340
v 2.4875 16.7474 5.7036
v 2.4215 16.8262 5.7618
v 2.4215 16.8223 5.7763
v 2.4940 16.9210 5.6797
v 2.4215 16.5481 5.6674
v 2.4215 16.5424 5.6813
v 2.4940 16.3297 5.4596
v 2.4215 16.2772 5.5505
v 2.4215 16.0314 5.3863
v 2.4770 15.9290 5.2573
v 2.4215 15.8198 5.1808
v 2.4215 15.8092 5.1914
v 2.4295 15.6341 4.9539
v 2.4215 15.6262 4.9600
v 2.4215 15.6143 4.9691
v 2.4415 15.5591 4.8282
v 2.4295 15.4717 4.7108
v 2.4215 15.4630 4.7158
v 2.4215 15.4500 4.7233
v 2.4215 15.3331 4.4524
v 2.4215 15.3193 4.4582
v 2.4215 15.2387 4.1744
v 2.4215 15.2242 4.1782
v 2.4295 15.2146 4.1808
v 2.4940 15.5161 4.4450
v 2.4335 15.2314 4.0801
v 2.4215 15.2072 4.0927
v 2.4940 15.1163 4.0128
v 2.4215 15.0813 4.4524
v 2.4215 15.1757 4.1744
v 2.4215 15.0952 4.4582
v 2.4215 15.1902 4.1782
v 2.4295 15.1044 4.4620
v 2.4215 14.9515 4.7158
v 2.4215 14.9645 4.7233
v 2.4295 14.9731 4.7283
v 2.4415 14.9796 4.7321
v 2.4215 14.7883 4.9600
v 2.4215 14.8002 4.9691
v 2.5439 14.0841 5.3815
v 2.4839 14.6913 5.0419
v 2.4295 14.5876 5.1737
v 2.4215 14.5947 5.1808
v 2.4215 14.6053 5.1914
v 2.4940 14.6102 4.9990
v 2.4215 14.3739 5.3744
v 2.4215 14.3830 5.3863
v 2.4215 14.1297 5.5375
v 2.4215 14.1372 5.5505
v 2.4940 13.9583 5.5219
v 2.4215 13.8664 5.6674
v 2.4215 13.8721 5.6813
v 2.4835 13.8715 5.6283
v 2.4215 13.5883 5.7618
v 2.4215 13.5922 5.7763
v 2.4215 13.3003 5.8191
v 2.4215 13.3022 5.8340
v 2.4856 12.9375 5.8072
v 2.4215 13.0072 5.8383
v 2.4215 13.0072 5.8533
v 2.4295 13.0072 5.8633
v 2.4415 13.1559 5.8611
v 2.4940 13.3564 5.7070
v 2.4215 12.7142 5.8191
v 2.4215 12.7122 5.8340
v 2.4215 12.4262 5.7618
v 2.4215 12.4223 5.7763
v 2.4940 12.3160 5.6296
v 2.4770 12.0101 5.5832
v 2.4215 12.1481 5.6674
v 2.4215 12.1424 5.6813
v 2.5602 12.6012 5.6203
v 2.4215 11.8847 5.5375
v 2.4215 11.8772 5.5505
v 2.4215 11.6406 5.3744
v 2.4215 11.6314 5.3863
v 2.4295 11.6254 5.3942
v 2.4415 11.6208 5.4002
v 2.4215 11.4198 5.1808
v 2.4215 11.4092 5.1914
v 2.4940 11.6015 5.1962
v 2.4215 11.2262 4.9600
v 2.4215 11.2143 4.9691
v 2.4875 11.2768 4.9686
v 2.4215 11.0630 4.7158
v 2.4215 11.0500 4.7233
v 2.4940 11.0786 4.5444
v 2.4215 10.9331 4.4524
v 2.4215 10.9193 4.4582
v 2.5543 10.5329 4.2689
v 2.4215 10.5515 4.7158
v 2.4215 10.6813 4.4524
v 2.4415 10.4554 4.8282
v 2.4295 10.3804 4.9539
v 2.4215 10.3883 4.9600
v 2.4295 10.1876 5.1737
v 2.4215 10.1947 5.1808
v 2.4940 10.2102 4.9990
v 2.4215 9.9739 5.3744
v 2.4940 9.6847 5.4596
v 2.4835 9.9688 5.3353
v 2.4215 9.7297 5.5375
v 2.4215 9.4664 5.6674
v 2.4215 9.4721 5.6813
v 2.4215 9.1883 5.7618
v 2.4215 9.1922 5.7763
v 2.4940 9.0935 5.6797
v 2.4835 9.1985 5.7237
v 2.4215 8.9003 5.8191
v 2.4215 8.9022 5.8340
v 2.4215 8.6072 5.8383
v 2.4215 8.6072 5.8533
v 2.4215 8.3142 5.8191
v 2.4215 8.3123 5.8340
v 2.4940 8.2580 5.7070
v 2.4215 8.0262 5.7618
v 2.4215 8.0223 5.7763
v 2.5526 8.6475 5.6946
v 2.4215 7.7481 5.6674
v 2.4215 7.7424 5.6813
v 2.4215 7.4847 5.5375
v 2.4215 7.4772 5.5505
v 2.4940 7.6561 5.5219
v 2.4215 7.2406 5.3744
v 2.4215 7.2314 5.3863
v 2.4295 7.0269 5.1737
v 2.4215 7.0198 5.1808
v 2.4940 6.9905 5.0112
v 2.4215 6.8262 4.9600
v 2.4415 6.3492 3.8906
v 2.4215 10.8387 4.1744
v 2.4335 10.8314 4.0801
v 2.4940 10.7438 3.8746
v 2.4853 10.6711 4.4434
v 2.4215 10.7757 4.1744
v 2.4215 10.7902 4.1782
v 2.4295 10.7999 4.1808
v -2.4911 16.9210 5.6797
v -2.4783 17.5515 5.7950
v -2.4265 17.4072 5.8283
v -2.4185 17.7003 5.8191
v -2.4185 17.4072 5.8383
v -2.4185 17.7022 5.8340
v -2.4185 17.4072 5.8533
v -2.4265 17.4072 5.8633
v -2.4911 17.9650 5.6749
v -2.4185 17.9883 5.7618
v -2.4185 17.9922 5.7763
v -2.4845 18.3369 5.5994
v -2.4185 18.2664 5.6674
v -2.4185 18.2721 5.6813
v -2.4185 18.5372 5.5505
v -2.4185 18.7830 5.3863
v -2.4740 19.0900 5.0501
v -2.4185 18.9947 5.1808
v -2.4185 19.0053 5.1914
v -2.4911 18.6912 5.2665
v -2.4385 19.0784 5.0589
v -2.4265 19.1804 4.9539
v -2.4185 19.1883 4.9600
v -2.4185 19.2002 4.9691
v -2.4265 19.3428 4.7108
v -2.4185 19.3515 4.7158
v -2.4185 19.3645 4.7233
v -2.4185 19.4813 4.4524
v -2.4185 19.4952 4.4582
v -2.4911 19.3585 4.4777
v -2.4858 19.5271 4.2110
v -2.4185 19.5757 4.1744
v -2.4185 19.5902 4.1782
v -2.4265 19.5999 4.1808
v -2.5516 19.2219 4.6224
v -2.4305 19.5830 4.0801
v -2.4185 19.6072 4.0927
v -2.4911 19.6982 4.0128
v -2.4185 19.7331 4.4524
v -2.4185 19.6387 4.1744
v -2.4185 19.7193 4.4582
v -2.4185 19.6242 4.1782
v -2.4265 19.7100 4.4620
v -2.4185 19.8630 4.7158
v -2.4185 19.8500 4.7233
v -2.4265 19.8414 4.7283
v -2.4385 19.8349 4.7321
v -2.4185 20.0262 4.9600
v -2.4185 20.0143 4.9691
v -2.5409 20.7303 5.3815
v -2.4809 20.1232 5.0419
v -2.4265 20.2269 5.1737
v -2.4185 20.2198 5.1808
v -2.4185 20.2092 5.1914
v -2.4911 20.2043 4.9990
v -2.4185 20.4406 5.3744
v -2.4185 20.4314 5.3863
v -2.4185 20.6847 5.5375
v -2.4185 20.6772 5.5505
v -2.4911 20.8561 5.5219
v -2.4185 20.9481 5.6674
v -2.4185 20.9424 5.6813
v -2.4805 20.9430 5.6283
v -2.4185 21.2262 5.7618
v -2.4185 21.2223 5.7763
v -2.4185 21.5142 5.8191
v -2.4185 21.5123 5.8340
v -2.4826 21.8770 5.8072
v -2.4185 21.8072 5.8383
v -2.4185 21.8072 5.8533
v -2.4265 21.8072 5.8633
v -2.4385 21.6586 5.8611
v -2.4911 21.4580 5.7070
v -2.4185 22.1003 5.8191
v -2.4185 22.1022 5.8340
v -2.4185 22.3883 5.7618
v -2.4185 22.3922 5.7763
v -2.4911 22.4985 5.6296
v -2.4740 22.8044 5.5832
v -2.4185 22.6664 5.6674
v -2.4185 22.6721 5.6813
v -2.5573 22.2132 5.6203
v -2.4185 22.9297 5.5375
v -2.4185 22.9372 5.5505
v -2.4185 23.1739 5.3744
v -2.4185 23.1830 5.3863
v -2.4265 23.1891 5.3942
v -2.4385 23.1937 5.4002
v -2.4185 23.3947 5.1808
v -2.4185 23.4053 5.1914
v -2.4911 23.2130 5.1962
v -2.4185 23.5883 4.9600
v -2.4185 23.6002 4.9691
v -2.4845 23.5377 4.9686
v -2.4185 23.7515 4.7158
v -2.4185 23.7645 4.7233
v -2.4911 23.7359 4.5444
v -2.4185 23.8813 4.4524
v -2.4185 23.8952 4.4582
v -2.5513 24.2816 4.2689
v -2.4185 24.2630 4.7158
v -2.4185 24.1331 4.4524
v -2.4385 24.3591 4.8282
v -2.4265 24.4341 4.9539
v -2.4185 24.4262 4.9600
v -2.4265 24.6269 5.1737
v -2.4185 24.6198 5.1808
v -2.4911 24.6043 4.9990
v -2.4185 24.8406 5.3744
v -2.4911 25.1297 5.4596
v -2.4805 24.8457 5.3353
v -2.4185 25.0847 5.5375
v -2.4185 25.3481 5.6674
v -2.4185 25.3424 5.6813
v -2.4185 25.6262 5.7618
v -2.4185 25.6223 5.7763
v -2.4911 25.7210 5.6797
v -2.4805 25.6160 5.7237
v -2.4185 25.9142 5.8191
v -2.4185 25.9123 5.8340
v -2.4185 26.2072 5.8383
v -2.4185 26.2072 5.8533
v -2.4185 26.5003 5.8191
v -2.4185 26.5022 5.8340
v -2.4911 26.5564 5.7070
v -2.4185 26.7883 5.7618
v -2.4185 26.7922 5.7763
v -2.5497 26.1670 5.6946
v -2.4185 27.0664 5.6674
v -2.4185 27.0721 5.6813
v -2.4185 27.3297 5.5375
v -2.4185 27.3372 5.5505
v -2.4911 27.1583 5.5219
v -2.4185 27.5739 5.3744
v -2.4185 27.5830 5.3863
v -2.4265 27.7876 5.1737
v -2.4185 27.7947 5.1808
v -2.4185 27.9883 4.9600
v -2.4911 27.9913 4.7444
v -2.4385 28.4653 3.8906
v -2.4185 23.9757 4.1744
v -2.4305 23.9830 4.0801
v -2.4911 24.0707 3.8746
v -2.4823 24.1434 4.4434
v -2.4185 24.0387 4.1744
v -2.4185 24.0242 4.1782
v -2.4265 24.0146 4.1808
v -2.4185 17.1142 5.8191
v -2.4185 17.1123 5.8340
v -2.4185 16.8262 5.7618
v -2.4185 16.8223 5.7763
v -2.4869 16.1560 5.4059
v -2.4786 16.8288 5.7285
v -2.4185 16.5481 5.6674
v -2.4185 16.5424 5.6813
v -2.4911 16.3297 5.4596
v -2.4185 16.2772 5.5505
v -2.4911 15.7340 4.8772
v -2.4185 16.0314 5.3863
v -2.4185 15.8198 5.1808
v -2.4185 15.8092 5.1914
v -2.4782 15.6347 4.9184
v -2.4385 15.5591 4.8282
v -2.4265 15.6341 4.9539
v -2.4185 15.6262 4.9600
v -2.4185 15.6143 4.9691
v -2.4265 15.4717 4.7108
v -2.4185 15.4630 4.7158
v -2.4185 15.4500 4.7233
v -2.4185 15.3331 4.4524
v -2.4185 15.3193 4.4582
v -2.4911 15.2982 4.0128
v -2.4185 15.2387 4.1744
v -2.4185 15.2242 4.1782
v -2.4265 15.2146 4.1808
v -2.8468 15.4740 3.5933
v -2.4305 15.2314 4.0801
v -2.4911 15.1163 4.0128
v -2.5481 14.8970 4.4078
v -2.4185 15.1757 4.1744
v -2.4185 15.0813 4.4524
v -2.4185 15.1902 4.1782
v -2.4185 15.0952 4.4582
v -2.4265 15.1044 4.4620
v -2.4911 14.6102 4.9990
v -2.4805 14.7732 4.9235
v -2.4185 14.9515 4.7158
v -2.4185 14.9645 4.7233
v -2.4265 14.9731 4.7283
v -2.4385 14.9796 4.7321
v -2.4185 14.7883 4.9600
v -2.4185 14.8002 4.9691
v -2.4265 14.5876 5.1737
v -2.4185 14.5947 5.1808
v -2.4185 14.6053 5.1914
v -2.4185 14.3739 5.3744
v -2.4185 14.3830 5.3863
v -2.4911 13.9583 5.5219
v -2.4185 14.1297 5.5375
v -2.4185 14.1372 5.5505
v -2.5409 14.0841 5.3815
v -2.4185 13.8664 5.6674
v -2.4185 13.8721 5.6813
v -2.4911 13.3564 5.7070
v -2.4185 13.5883 5.7618
v -2.4185 13.5922 5.7763
v -2.4185 13.3003 5.8191
v -2.4185 13.3022 5.8340
v -2.4185 13.0072 5.8383
v -2.4185 13.0072 5.8533
v -2.4265 13.0072 5.8633
v -2.4763 12.7062 5.7891
v -2.4185 12.7142 5.8191
v -2.4185 12.7122 5.8340
v -2.4911 12.3160 5.6296
v -2.4185 12.4262 5.7618
v -2.4185 12.4223 5.7763
v -2.4185 12.1481 5.6674
v -2.4185 12.1424 5.6813
v -2.4911 11.6015 5.1962
v -2.4185 11.8847 5.5375
v -2.4185 11.8772 5.5505
v -2.4809 11.7555 5.4284
v -2.4185 11.6406 5.3744
v -2.4185 11.6314 5.3863
v -2.4265 11.6254 5.3942
v -2.4385 11.6208 5.4002
v -2.5518 11.1975 4.6391
v -2.4185 11.4198 5.1808
v -2.4185 11.4092 5.1914
v -2.4185 11.2262 4.9600
v -2.4185 11.2143 4.9691
v -2.4911 11.0786 4.5444
v -2.4185 11.0630 4.7158
v -2.4185 11.0500 4.7233
v -2.4185 10.9331 4.4524
v -2.4185 10.9193 4.4582
v -2.4835 10.4910 4.7365
v -2.4185 10.6813 4.4524
v -2.4185 10.5515 4.7158
v -2.4265 10.3804 4.9539
v -2.4185 10.3883 4.9600
v -2.5381 10.0764 5.0691
v -2.4265 10.1876 5.1737
v -2.4185 10.1947 5.1808
v -2.4185 9.9739 5.3744
v -2.4911 9.6847 5.4596
v -2.4185 9.7297 5.5375
v -2.4911 9.0935 5.6797
v -2.4185 9.4664 5.6674
v -2.4185 9.4721 5.6813
v -2.4185 9.1883 5.7618
v -2.4185 9.1922 5.7763
v -2.4185 8.9003 5.8191
v -2.4185 8.9022 5.8340
v -2.4911 8.2580 5.7070
v -2.4185 8.6072 5.8383
v -2.4185 8.6072 5.8533
v -2.4185 8.3142 5.8191
v -2.4185 8.3123 5.8340
v -2.4185 8.0262 5.7618
v -2.4185 8.0223 5.7763
v -2.4911 7.6561 5.5219
v -2.4185 7.7481 5.6674
v -2.4185 7.7424 5.6813
v -2.4817 7.0116 5.1576
v -2.4185 7.4847 5.5375
v -2.4185 7.4772 5.5505
v -2.4185 7.2406 5.3744
v -2.4185 7.2314 5.3863
v -2.4911 6.9905 5.0112
v -2.4265 7.0269 5.1737
v -2.4185 7.0198 5.1808
v -2.4185 6.8262 4.9600
v -2.4911 6.6786 4.5444
v -2.4823 6.4750 4.1646
v -2.5115 6.4842 3.5933
v -2.4911 10.8982 4.0128
v -2.4185 10.8387 4.1744
v -2.4305 10.8314 4.0801
v -2.4911 10.7438 3.8746
v -2.4911 10.2102 4.9990
v -2.4185 10.7757 4.1744
v -2.4185 10.7902 4.1782
v -2.4265 10.7999 4.1808
v 2.4701 15.2005 3.7306
v -2.4671 19.6140 3.7306
v 2.4415 22.2372 5.7547
v 2.4415 22.0980 5.8018
v 2.4415 25.7046 5.7499
v 2.4415 26.6372 5.7547
v 2.4415 27.4421 5.4414
v 2.4415 28.3120 4.3078
v 2.4650 28.4047 3.7387
v 2.4415 23.9120 4.3078
v 2.4415 24.0072 4.1851
v 2.4415 12.7165 5.8018
v 2.4355 15.2072 4.1645
v 2.4415 10.8072 4.1851
v 2.4415 10.7120 4.3078
v -2.4385 22.0980 5.8018
v -2.4325 19.6072 4.1645
v -2.4385 24.0072 4.1851
v -2.4385 24.1025 4.3078
v -2.4385 12.5773 5.7547
v -2.4385 12.7165 5.8018
v -2.4385 9.1099 5.7499
v -2.4385 8.1773 5.7547
v -2.4385 7.3724 5.4414
v -2.4385 6.5025 4.3078
v -2.4620 6.4098 3.7387
v -2.4385 10.9025 4.3078
v -2.4385 10.8072 4.1858
v 2.4415 17.4072 5.8208
v 2.4415 18.6421 5.4414
v 2.4415 19.2396 4.8176
v 2.4486 15.2549 4.0726
v 2.4415 19.1744 4.9493
v 2.4415 19.3363 4.7071
v 2.4415 19.6072 4.1851
v 2.4215 19.6072 4.0927
v 2.4415 19.7031 4.4649
v 2.4415 20.1504 5.0463
v 2.4415 20.8242 5.5868
v 2.4415 21.3736 5.7733
v 2.4486 19.6549 4.0726
v 2.4415 23.0421 5.4414
v 2.4415 23.4784 5.0589
v 2.4415 24.3591 4.8282
v 2.4486 24.0549 4.0726
v 2.4415 26.9301 4.9131
v 2.4355 24.0072 4.1645
v 2.4415 16.9736 5.7733
v 2.4415 16.4242 5.5868
v 2.4415 15.9417 5.2644
v 2.4415 15.6400 4.9493
v 2.4415 15.4782 4.7071
v 2.4415 15.2072 4.1851
v 2.4415 15.1120 4.3078
v 2.4415 15.1114 4.4649
v 2.4415 14.8554 4.8282
v 2.4486 10.8549 4.0726
v 2.4415 13.4409 5.7733
v 2.4415 12.0326 5.5698
v 2.4415 11.3361 5.0589
v 2.4415 9.8969 5.3934
v 2.4415 9.1099 5.7499
v 2.4650 6.4098 3.7387
v 2.4415 6.9361 5.0589
v 2.4335 15.1596 4.1587
v 2.4355 10.8072 4.1645
v 2.4335 10.7596 4.1587
v -2.4385 17.4072 5.8208
v -2.4385 17.8372 5.7547
v -2.4456 19.5830 4.0036
v -2.4385 18.6421 5.4414
v -2.4385 19.1744 4.9493
v -2.4385 19.3363 4.7071
v -2.4385 19.4007 4.5764
v -2.4385 19.6072 4.1851
v -2.4385 19.7025 4.3078
v -2.4385 19.7031 4.4649
v -2.4385 19.9591 4.8282
v -2.4456 23.9596 4.0726
v -2.4385 21.3736 5.7733
v -2.4385 22.7819 5.5698
v -2.4385 23.4784 5.0589
v -2.4385 24.9176 5.3934
v -2.4385 25.7046 5.7499
v -2.4620 28.4047 3.7387
v -2.4385 27.8784 5.0589
v -2.4305 19.6549 4.1587
v -2.4325 24.0072 4.1645
v -2.4305 24.0549 4.1587
v -2.4385 16.9736 5.7733
v -2.4385 16.1829 5.4256
v -2.4385 15.6400 4.9493
v -2.4385 15.4782 4.7071
v -2.4385 15.3025 4.3078
v -2.4385 15.2072 4.1851
v -2.4185 15.2072 4.0927
v -2.4385 15.1114 4.4649
v -2.4385 14.6641 5.0463
v -2.4385 13.9903 5.5868
v -2.4385 13.4409 5.7733
v -2.4456 15.1596 4.0726
v -2.4385 11.7724 5.4414
v -2.4385 11.3361 5.0589
v -2.4385 10.4554 4.8282
v -2.4456 10.7596 4.0726
v -2.4385 7.8844 4.9131
v -2.4325 10.8072 4.1648
f 8 9 10
f 14 2 1
f 1 15 14
f 14 16 2
f 18 20 19
f 31 27 23
f 22 24 69
f 21 26 25
f 69 26 21
f 28 27 29
f 70 29 27
f 70 30 29
f 70 31 30
f 70 32 31
f 70 71 32
f 8 33 34
f 34 9 8
f 7 34 33
f 35 36 13
f 13 12 35
f 36 35 11
f 36 33 8
f 8 13 36
f 71 33 36
f 5 38 37
f 39 40 38
f 38 5 39
f 41 42 40
f 40 39 41
f 42 41 43
f 72 45 44
f 10 46 45
f 45 72 10
f 34 48 47
f 47 9 34
f 7 49 48
f 48 34 7
f 24 25 49
f 49 7 24
f 9 47 46
f 46 10 9
f 50 51 6
f 6 3 50
f 52 53 51
f 51 50 52
f 54 55 53
f 53 52 54
f 56 43 55
f 55 54 56
f 57 58 73
f 73 43 57
f 59 60 58
f 58 57 59
f 61 13 60
f 60 59 61
f 63 35 12
f 12 62 63
f 64 11 35
f 35 63 64
f 31 71 11
f 11 64 31
f 62 12 13
f 13 61 62
f 37 50 3
f 3 5 37
f 38 52 50
f 50 37 38
f 40 54 52
f 52 38 40
f 42 56 54
f 54 40 42
f 56 42 43
f 44 57 43
f 43 72 44
f 45 59 57
f 57 44 45
f 46 61 59
f 59 45 46
f 48 63 62
f 62 47 48
f 49 64 63
f 63 48 49
f 25 31 64
f 64 49 25
f 47 62 61
f 61 46 47
f 2 16 17
f 18 19 15
f 15 1 18
f 20 18 16
f 16 14 20
f 19 20 14
f 14 15 19
f 67 68 66
f 66 65 67
f 68 67 4
f 24 22 25
f 31 32 71
f 69 21 25
f 25 22 69
f 28 23 27
f 23 28 29
f 23 29 30
f 23 30 31
f 68 5 3
f 3 66 68
f 75 76 74
f 76 77 74
f 78 75 74
f 74 77 78
f 81 79 80
f 82 81 80
f 80 79 82
f 89 90 91
f 92 154 93
f 96 136 98
f 97 171 136
f 136 96 97
f 102 100 95
f 95 89 102
f 94 99 102
f 94 102 100
f 103 101 102
f 102 104 103
f 104 102 177
f 177 107 106
f 106 104 177
f 177 109 108
f 177 108 178
f 178 107 177
f 156 110 116
f 162 116 110
f 110 156 83
f 110 83 155
f 155 111 110
f 155 113 111
f 165 125 113
f 112 115 88
f 116 179 156
f 157 156 179
f 179 116 162
f 158 157 179
f 179 117 158
f 117 179 162
f 167 158 144
f 144 120 167
f 120 180 167
f 88 169 112
f 159 123 125
f 125 165 159
f 123 124 125
f 124 126 114
f 114 125 124
f 114 126 127
f 127 113 114
f 113 127 162
f 164 160 181
f 181 129 164
f 129 181 128
f 129 128 85
f 130 123 159
f 159 161 130
f 131 124 123
f 123 130 131
f 132 126 124
f 124 131 132
f 133 127 126
f 126 132 133
f 127 133 162
f 182 181 160
f 160 163 182
f 134 128 181
f 181 182 134
f 91 85 128
f 128 134 91
f 162 110 111
f 162 111 113
f 112 168 164
f 164 129 112
f 113 155 165
f 129 85 112
f 125 114 113
f 115 112 85
f 115 85 166
f 135 136 85
f 85 84 135
f 136 135 100
f 99 94 100
f 88 166 170
f 137 170 166
f 166 85 137
f 87 137 85
f 136 183 87
f 87 85 136
f 101 136 100
f 180 138 172
f 172 167 180
f 180 139 138
f 121 140 139
f 139 180 121
f 141 140 121
f 121 118 141
f 162 141 118
f 142 173 122
f 122 119 142
f 143 142 119
f 87 143 119
f 117 144 158
f 144 118 120
f 118 144 117
f 118 117 162
f 122 168 112
f 112 119 122
f 112 87 119
f 180 120 118
f 118 121 180
f 169 87 112
f 87 169 137
f 170 137 169
f 87 183 145
f 145 86 87
f 175 145 183
f 136 101 103
f 103 98 136
f 98 103 104
f 98 104 105
f 98 105 104
f 104 96 98
f 96 104 106
f 96 106 107
f 107 97 96
f 107 171 97
f 171 107 178
f 136 178 108
f 84 90 146
f 146 135 84
f 135 146 89
f 89 100 135
f 89 95 100
f 90 84 85
f 85 91 90
f 146 90 89
f 172 138 184
f 138 139 147
f 147 184 138
f 139 140 148
f 148 147 139
f 140 141 149
f 149 148 140
f 162 149 141
f 173 142 151
f 151 150 173
f 142 143 152
f 152 151 142
f 143 87 93
f 93 152 143
f 153 92 86
f 86 145 153
f 174 153 145
f 145 175 174
f 176 174 175
f 175 136 176
f 109 176 136
f 136 108 109
f 87 86 92
f 92 93 87
f 154 92 153
f 154 153 174
f 176 109 89
f 197 198 266
f 203 204 205
f 208 209 210
f 211 218 217
f 213 217 218
f 213 222 216
f 216 217 213
f 212 277 216
f 212 220 218
f 216 220 212
f 219 220 215
f 215 220 216
f 216 221 215
f 216 222 214
f 250 189 188
f 188 224 250
f 251 229 199
f 230 250 247
f 191 190 230
f 230 264 191
f 264 234 191
f 234 264 247
f 232 265 200
f 199 200 265
f 185 236 227
f 227 186 185
f 236 237 227
f 237 238 228
f 228 227 237
f 228 238 239
f 239 225 228
f 225 239 247
f 278 280 240
f 240 242 278
f 242 240 241
f 242 241 195
f 243 236 185
f 244 237 236
f 236 243 244
f 245 238 237
f 237 244 245
f 246 239 238
f 238 245 246
f 239 246 247
f 248 240 280
f 280 281 248
f 249 241 240
f 240 248 249
f 205 195 241
f 241 249 205
f 247 250 224
f 282 251 263
f 224 188 187
f 224 187 186
f 186 226 224
f 226 225 224
f 247 224 225
f 251 282 278
f 278 242 251
f 242 195 251
f 186 227 226
f 225 226 227
f 227 228 225
f 229 251 195
f 252 229 195
f 229 252 283
f 253 254 195
f 195 194 253
f 254 253 196
f 218 211 212
f 211 217 212
f 277 212 217
f 197 232 195
f 199 283 284
f 255 284 283
f 283 252 255
f 232 255 252
f 252 195 232
f 256 254 221
f 254 256 197
f 197 195 254
f 199 223 251
f 219 221 218
f 233 257 193
f 193 192 233
f 233 258 257
f 235 259 258
f 258 233 235
f 260 259 235
f 235 234 260
f 247 260 234
f 261 285 286
f 286 231 261
f 262 261 231
f 266 262 231
f 190 189 250
f 250 230 190
f 264 230 247
f 263 251 223
f 279 287 263
f 223 265 263
f 192 191 234
f 286 279 263
f 263 231 286
f 263 266 231
f 266 263 265
f 265 232 266
f 234 233 192
f 234 235 233
f 223 199 265
f 263 287 282
f 266 232 197
f 232 200 255
f 284 255 200
f 197 256 267
f 267 198 197
f 288 267 256
f 221 219 215
f 221 216 214
f 194 204 268
f 268 253 194
f 253 268 201
f 201 196 253
f 196 201 202
f 202 218 196
f 218 202 222
f 222 213 218
f 204 194 195
f 195 205 204
f 203 290 268
f 268 204 203
f 201 268 290
f 193 257 269
f 257 258 270
f 270 269 257
f 258 259 271
f 271 270 258
f 259 260 272
f 272 271 259
f 247 272 260
f 285 261 273
f 273 289 285
f 261 262 274
f 274 273 261
f 262 266 210
f 210 274 262
f 275 208 198
f 198 267 275
f 207 275 267
f 267 288 207
f 206 207 288
f 288 221 206
f 222 206 221
f 221 214 222
f 266 198 208
f 208 210 266
f 275 276 209
f 209 208 275
f 276 275 207
f 290 206 202
f 276 290 203
f 203 209 276
f 222 202 206
f 303 294 302
f 294 303 304
f 294 304 296
f 297 299 291
f 306 291 299
f 299 305 306
f 305 299 301
f 301 307 305
f 301 299 298
f 308 307 301
f 301 313 308
f 306 309 310
f 310 291 306
f 310 311 312
f 312 291 310
f 316 317 292
f 292 295 316
f 317 318 293
f 293 292 317
f 296 293 318
f 318 319 296
f 296 319 316
f 316 295 296
f 320 321 317
f 317 316 320
f 321 322 318
f 318 317 321
f 319 318 322
f 322 323 319
f 319 323 320
f 320 316 319
f 324 325 321
f 321 320 324
f 325 326 322
f 322 321 325
f 326 327 323
f 323 322 326
f 323 327 324
f 324 320 323
f 328 329 325
f 325 324 328
f 329 330 326
f 326 325 329
f 327 326 330
f 330 331 327
f 327 331 328
f 328 324 327
f 332 333 329
f 329 328 332
f 333 334 330
f 330 329 333
f 331 330 334
f 334 335 331
f 331 335 332
f 332 328 331
f 336 337 333
f 333 332 336
f 337 338 334
f 334 333 337
f 338 339 335
f 335 334 338
f 335 339 336
f 336 332 335
f 340 341 337
f 337 336 340
f 341 342 338
f 338 337 341
f 339 338 342
f 342 343 339
f 339 343 340
f 340 336 339
f 344 345 341
f 341 340 344
f 345 347 342
f 342 341 345
f 347 348 343
f 343 342 347
f 343 348 344
f 344 340 343
f 345 344 346
f 347 345 346
f 346 344 348
f 348 347 346
f 303 302 304
f 351 291 301
f 301 352 351
f 350 352 301
f 301 300 350
f 349 353 354
f 354 350 349
f 351 355 353
f 353 349 351
f 355 351 352
f 352 356 355
f 354 356 352
f 352 350 354
f 353 357 358
f 358 354 353
f 355 359 357
f 357 353 355
f 356 360 359
f 359 355 356
f 358 360 356
f 356 354 358
f 357 361 362
f 362 358 357
f 359 363 361
f 361 357 359
f 363 359 360
f 360 364 363
f 362 364 360
f 360 358 362
f 361 365 366
f 366 362 361
f 363 367 365
f 365 361 363
f 367 363 364
f 364 368 367
f 366 368 364
f 364 362 366
f 365 369 370
f 370 366 365
f 367 371 369
f 369 365 367
f 368 372 371
f 371 367 368
f 370 372 368
f 368 366 370
f 369 373 374
f 374 370 369
f 371 375 373
f 373 369 371
f 375 371 372
f 372 376 375
f 374 376 372
f 372 370 374
f 373 377 378
f 378 374 373
f 375 379 377
f 377 373 375
f 376 380 379
f 379 375 376
f 378 380 376
f 376 374 378
f 381 378 377
f 381 377 379
f 380 378 381
f 381 379 380
f 308 313 314
f 307 308 314
f 305 307 314
f 314 306 305
f 306 314 315
f 315 309 306
f 315 310 309
f 315 311 310
f 315 312 311
f 315 314 313
f 313 312 315
f 515 383 382
f 386 385 384
f 385 386 387
f 497 389 388
f 389 497 498
f 392 391 390
f 391 392 393
f 394 526 585
f 527 526 394
f 396 397 395
f 397 396 398
f 399 501 586
f 399 400 533
f 402 403 401
f 586 402 404
f 405 538 587
f 539 538 405
f 407 408 406
f 408 407 409
f 504 588 410
f 410 411 543
f 413 414 412
f 414 413 415
f 417 547 506
f 417 506 416
f 420 419 418
f 419 420 421
f 507 423 422
f 423 507 508
f 426 425 424
f 425 426 427
f 510 430 428
f 429 430 555
f 433 432 431
f 432 433 434
f 437 436 435
f 436 437 438
f 561 440 439
f 561 565 440
f 441 568 569
f 511 568 441
f 512 511 441
f 443 444 442
f 444 443 445
f 447 448 446
f 448 447 449
f 451 579 590
f 451 590 450
f 516 454 452
f 452 453 516
f 515 453 455
f 452 455 453
f 456 457 515
f 455 456 515
f 580 382 457
f 457 456 580
f 498 459 458
f 458 497 498
f 458 460 497
f 461 462 497
f 460 461 497
f 581 388 462
f 462 461 581
f 500 463 528
f 527 464 463
f 463 500 527
f 526 465 464
f 464 527 526
f 465 526 585
f 534 533 466
f 466 467 534
f 467 466 501
f 503 468 540
f 539 469 468
f 468 503 539
f 538 582 469
f 469 539 538
f 538 587 582
f 544 543 470
f 470 471 544
f 544 411 543
f 504 472 471
f 471 470 504
f 504 588 472
f 548 475 473
f 473 474 548
f 547 474 476
f 473 476 474
f 417 547 476
f 508 478 477
f 477 507 508
f 477 479 507
f 480 481 507
f 479 480 507
f 583 422 481
f 481 480 583
f 555 484 482
f 482 483 555
f 510 483 485
f 482 485 483
f 486 487 510
f 485 486 510
f 584 428 487
f 487 486 584
f 562 489 488
f 488 565 562
f 488 490 565
f 561 565 491
f 490 491 565
f 439 561 491
f 512 492 570
f 492 512 493
f 568 569 493
f 451 494 576
f 576 450 451
f 451 495 494
f 579 496 495
f 495 451 579
f 496 579 590
f 383 516 514
f 514 454 383
f 383 454 516
f 383 453 515
f 515 457 382
f 521 498 497
f 389 499 521
f 521 459 389
f 389 459 498
f 497 498 389
f 497 462 388
f 585 500 394
f 394 528 585
f 500 528 394
f 527 500 394
f 586 502 400
f 400 534 586
f 533 534 400
f 501 466 399
f 587 503 405
f 405 540 587
f 503 540 405
f 539 503 405
f 588 505 411
f 504 470 410
f 416 548 417
f 417 475 416
f 416 475 548
f 547 506 416
f 416 474 547
f 551 508 507
f 423 509 551
f 551 478 423
f 423 478 508
f 507 508 423
f 507 481 422
f 429 556 554
f 554 484 429
f 429 484 555
f 430 483 510
f 510 487 428
f 440 562 439
f 439 489 440
f 440 489 562
f 511 512 589
f 589 513 441
f 441 570 589
f 512 570 441
f 568 493 511
f 590 575 450
f 515 382 514
f 514 516 515
f 383 515 516
f 517 454 386
f 386 384 517
f 386 518 519
f 519 387 386
f 518 456 455
f 455 519 518
f 387 519 520
f 520 385 387
f 519 455 452
f 452 520 519
f 520 517 384
f 384 385 520
f 452 454 517
f 517 520 452
f 453 383 516
f 497 388 521
f 499 498 521
f 498 499 389
f 522 459 392
f 392 390 522
f 392 523 524
f 524 393 392
f 523 461 460
f 460 524 523
f 393 524 525
f 525 391 393
f 524 460 458
f 458 525 524
f 525 522 390
f 390 391 525
f 458 459 522
f 522 525 458
f 497 389 498
f 585 526 527
f 527 500 585
f 500 527 394
f 397 528 529
f 529 395 397
f 530 531 397
f 397 398 530
f 464 465 531
f 531 530 464
f 532 530 398
f 398 396 532
f 463 464 530
f 530 532 463
f 395 529 532
f 532 396 395
f 529 528 463
f 463 532 529
f 533 501 399
f 501 533 586
f 400 502 533
f 533 502 586
f 403 534 535
f 535 401 403
f 586 404 536
f 586 536 501
f 537 536 404
f 404 402 537
f 467 501 536
f 536 537 467
f 401 535 537
f 537 402 401
f 535 534 467
f 467 537 535
f 533 399 466
f 587 538 539
f 539 503 587
f 503 539 405
f 408 540 541
f 541 406 408
f 408 409 469
f 542 469 409
f 409 407 542
f 469 542 468
f 406 541 542
f 542 407 406
f 541 540 468
f 468 542 541
f 543 504 410
f 504 543 588
f 411 505 543
f 543 505 588
f 414 544 545
f 545 412 414
f 414 415 472
f 546 472 415
f 415 413 546
f 472 546 471
f 412 545 546
f 546 413 412
f 545 544 471
f 471 546 545
f 543 410 470
f 417 506 547
f 417 548 506
f 416 506 548
f 549 475 420
f 420 418 549
f 591 421 420
f 421 591 550
f 550 419 421
f 473 550 591
f 550 549 418
f 418 419 550
f 473 475 549
f 549 550 473
f 474 416 548
f 507 422 551
f 509 508 551
f 508 509 423
f 552 478 426
f 426 424 552
f 479 427 426
f 427 479 553
f 553 425 427
f 477 553 479
f 553 552 424
f 424 425 553
f 477 478 552
f 552 553 477
f 507 423 508
f 510 428 554
f 430 510 555
f 554 555 510
f 555 556 429
f 554 556 555
f 557 484 433
f 433 431 557
f 433 558 559
f 559 434 433
f 558 486 485
f 485 559 558
f 434 559 560
f 560 432 434
f 559 485 482
f 482 560 559
f 560 557 431
f 431 432 560
f 482 484 557
f 557 560 482
f 483 430 555
f 563 489 437
f 437 435 563
f 564 563 435
f 435 436 564
f 488 489 563
f 563 564 488
f 565 561 439
f 439 562 565
f 440 565 562
f 437 566 567
f 567 438 437
f 566 491 490
f 490 567 566
f 438 567 564
f 564 436 438
f 567 490 488
f 488 564 567
f 565 440 562
f 589 569 568
f 568 511 589
f 441 513 512
f 512 513 589
f 444 570 571
f 571 442 444
f 572 573 444
f 444 445 572
f 493 569 573
f 573 572 493
f 574 572 445
f 445 443 574
f 492 493 572
f 572 574 492
f 442 571 574
f 574 443 442
f 571 570 492
f 492 574 571
f 512 511 493
f 590 451 575
f 448 576 577
f 577 446 448
f 446 577 578
f 578 447 446
f 577 576 494
f 494 578 577
f 579 451 590
f 450 575 451
f 448 449 495
f 578 495 449
f 449 447 578
f 495 578 494
f 597 595 596
f 596 595 593
f 595 597 592
f 595 592 594
f 594 593 595
f 598 597 596
f 596 593 598
f 600 599 601
f 601 606 600
f 601 599 602
f 602 603 601
f 601 603 606
f 603 602 604
f 604 605 603
f 603 605 606
f 607 605 604
f 607 606 605
f 609 608 617
f 616 609 617
f 611 764 610
f 610 613 611
f 614 612 611
f 611 613 614
f 613 610 614
f 612 764 611
f 617 608 615
f 617 615 616
f 621 618 619
f 620 621 619
f 618 620 619
f 646 623 622
f 622 623 625
f 622 625 624
f 646 625 623
f 627 625 626
f 626 629 627
f 630 628 627
f 627 629 630
f 629 626 630
f 628 625 627
f 633 669 631
f 633 631 632
f 637 634 635
f 636 637 635
f 634 636 635
f 645 638 639
f 641 639 622
f 622 642 641
f 622 624 640
f 640 642 622
f 639 641 645
f 643 641 642
f 642 644 643
f 640 644 642
f 641 643 645
f 639 646 622
f 639 638 646
f 649 654 647
f 649 647 648
f 653 650 651
f 652 653 651
f 650 652 651
f 655 654 649
f 648 655 649
f 657 765 656
f 656 659 657
f 660 658 657
f 657 659 660
f 659 656 660
f 658 765 657
f 676 665 662
f 661 665 676
f 664 662 665
f 680 661 676
f 665 661 663
f 665 663 664
f 668 661 666
f 667 668 666
f 661 667 666
f 670 669 633
f 632 670 633
f 672 766 671
f 671 674 672
f 675 673 672
f 672 674 675
f 674 671 675
f 673 766 672
f 677 678 679
f 676 677 681
f 681 682 676
f 685 680 676
f 676 682 685
f 679 681 677
f 682 681 683
f 683 684 682
f 682 684 685
f 679 683 681
f 676 662 677
f 662 678 677
f 688 693 686
f 688 686 687
f 692 689 690
f 691 692 690
f 689 691 690
f 694 693 688
f 687 694 688
f 696 767 695
f 695 698 696
f 699 697 696
f 696 698 699
f 698 695 699
f 697 767 696
f 715 704 701
f 700 704 715
f 703 701 704
f 719 700 715
f 704 700 702
f 704 702 703
f 707 700 705
f 706 707 705
f 700 706 705
f 709 708 750
f 749 709 750
f 711 768 710
f 710 713 711
f 714 712 711
f 711 713 714
f 713 710 714
f 712 768 711
f 716 717 718
f 715 716 720
f 720 721 715
f 724 719 715
f 715 721 724
f 718 720 716
f 721 720 722
f 722 723 721
f 721 723 724
f 718 722 720
f 715 701 716
f 701 717 716
f 726 725 734
f 733 726 734
f 728 769 727
f 727 730 728
f 731 729 728
f 728 730 731
f 730 727 731
f 729 769 728
f 734 725 732
f 734 732 733
f 738 735 736
f 737 738 736
f 735 737 736
f 763 740 739
f 739 740 742
f 739 742 741
f 763 742 740
f 744 742 743
f 743 746 744
f 747 745 744
f 744 746 747
f 746 743 747
f 745 742 744
f 750 708 748
f 750 748 749
f 754 751 752
f 753 754 752
f 751 753 752
f 762 755 756
f 758 756 739
f 739 759 758
f 739 741 757
f 757 759 739
f 756 758 762
f 760 758 759
f 759 761 760
f 757 761 759
f 758 760 762
f 756 763 739
f 756 755 763
f 853 770 773
f 776 772 771
f 772 776 831
f 772 831 773
f 853 774 770
f 774 853 854
f 774 854 775
f 776 771 775
f 904 777 1167
f 1167 777 779
f 782 877 778
f 782 778 781
f 916 784 783
f 784 916 911
f 785 786 918
f 918 786 911
f 783 787 1174
f 1174 787 788
f 1171 925 785
f 1180 942 789
f 966 791 790
f 789 792 1180
f 1180 792 793
f 966 967 791
f 996 795 794
f 795 996 991
f 796 797 998
f 998 797 991
f 794 798 1187
f 1187 798 799
f 1184 1005 796
f 1193 1022 800
f 1046 802 801
f 800 803 1193
f 1193 803 804
f 1046 1047 802
f 1100 805 808
f 811 807 806
f 807 811 1078
f 807 1078 808
f 1100 809 805
f 809 1100 1101
f 809 1101 810
f 811 806 810
f 1151 812 1200
f 1200 812 814
f 817 1124 813
f 817 813 816
f 820 1269 1206
f 820 821 1270
f 823 853 773
f 821 825 1270
f 825 821 1206
f 773 824 823
f 776 818 834
f 1206 826 825
f 827 825 826
f 819 822 828
f 829 830 827
f 827 826 829
f 834 823 776
f 831 776 823
f 823 824 831
f 829 833 830
f 833 829 832
f 1208 833 835
f 832 836 835
f 838 839 1277
f 776 848 1273
f 1211 841 776
f 843 839 842
f 837 850 1211
f 1209 844 850
f 850 837 1209
f 848 776 841
f 845 843 842
f 845 842 846
f 846 847 845
f 850 849 1211
f 848 841 849
f 846 852 847
f 852 846 851
f 849 850 853
f 850 844 854
f 854 853 850
f 857 852 856
f 859 1280 1213
f 863 1167 1215
f 859 860 1281
f 860 859 1213
f 864 860 1213
f 779 862 1167
f 1213 865 864
f 866 864 865
f 872 1167 862
f 862 867 872
f 858 861 868
f 870 871 866
f 866 865 870
f 872 875 1215
f 1215 1167 872
f 869 1168 863
f 870 874 871
f 874 870 873
f 1168 869 875
f 873 876 874
f 880 867 877
f 879 1285 876
f 876 873 879
f 882 782 781
f 888 884 883
f 1218 886 881
f 883 887 888
f 889 888 887
f 882 893 1218
f 1216 890 893
f 893 882 1216
f 895 881 886
f 887 891 892
f 892 889 887
f 891 894 892
f 893 886 1218
f 890 897 893
f 891 896 894
f 897 890 898
f 901 896 900
f 896 891 902
f 902 900 896
f 902 903 900
f 897 898 904
f 904 1167 780
f 910 1220 906
f 1221 908 906
f 931 922 907
f 1221 909 908
f 910 908 909
f 922 931 1169
f 909 915 910
f 915 909 914
f 1170 913 912
f 914 917 920
f 920 915 914
f 907 1222 918
f 918 916 907
f 916 918 911
f 917 919 920
f 924 920 919
f 1222 922 1169
f 923 919 1223
f 923 1295 924
f 785 918 1171
f 1225 926 927
f 933 926 929
f 1226 1171 931
f 933 929 932
f 937 933 932
f 932 936 937
f 1174 930 1226
f 930 1174 939
f 931 1171 1224
f 936 938 937
f 1173 937 938
f 788 939 1174
f 941 938 1227
f 1174 916 783
f 948 1228 944
f 1229 945 944
f 948 944 945
f 948 945 947
f 947 954 948
f 954 947 953
f 951 946 955
f 955 961 951
f 964 952 949
f 953 956 958
f 958 954 953
f 955 946 950
f 956 957 958
f 963 958 957
f 950 1230 955
f 957 962 963
f 790 961 960
f 965 963 962
f 966 960 1230
f 1178 1177 1231
f 969 970 968
f 968 972 969
f 972 968 971
f 1232 973 1178
f 975 1178 973
f 1232 1178 1180
f 974 981 972
f 972 971 974
f 974 978 981
f 979 975 973
f 973 1180 979
f 978 982 981
f 793 979 1180
f 983 982 1233
f 984 981 982
f 982 983 984
f 983 1309 984
f 990 1234 986
f 1235 988 986
f 1011 1002 987
f 1235 989 988
f 990 988 989
f 1002 1011 1182
f 989 995 990
f 995 989 994
f 1183 993 992
f 994 997 1000
f 1000 995 994
f 987 1236 998
f 998 996 987
f 996 998 991
f 997 999 1000
f 1004 1000 999
f 1236 1002 1182
f 1003 999 1237
f 1312 1004 1003
f 796 998 1184
f 1239 1006 1007
f 1013 1006 1010
f 1240 1184 1011
f 1013 1010 1012
f 1017 1013 1012
f 1012 1016 1017
f 1187 1009 1240
f 1009 1187 1019
f 1011 1184 1238
f 1016 1018 1017
f 1186 1017 1018
f 799 1019 1187
f 1021 1018 1241
f 1187 996 794
f 1028 1242 1024
f 1243 1025 1024
f 1028 1024 1025
f 1028 1025 1027
f 1027 1034 1028
f 1034 1027 1033
f 1031 1026 1035
f 1035 1041 1031
f 1044 1032 1029
f 1033 1036 1038
f 1038 1034 1033
f 1035 1026 1030
f 1036 1037 1038
f 1043 1038 1037
f 1030 1244 1035
f 1037 1042 1043
f 801 1041 1040
f 1042 1319 1045
f 1045 1043 1042
f 1046 1040 1244
f 1191 1190 1245
f 1049 1050 1048
f 1048 1052 1049
f 1052 1048 1051
f 1246 1053 1191
f 1055 1191 1053
f 1246 1191 1193
f 1054 1061 1052
f 1052 1051 1054
f 1054 1058 1061
f 1059 1055 1053
f 1053 1193 1059
f 1058 1062 1061
f 804 1059 1193
f 1063 1062 1247
f 1064 1061 1062
f 1062 1063 1064
f 1063 1326 1064
f 1067 1327 1248
f 1067 1068 1328
f 1070 1100 808
f 1068 1072 1328
f 1072 1068 1248
f 808 1071 1070
f 811 1065 1081
f 1248 1073 1072
f 1074 1072 1073
f 1066 1069 1075
f 1076 1077 1074
f 1074 1073 1076
f 1081 1070 811
f 1078 811 1070
f 1070 1071 1078
f 1076 1080 1077
f 1080 1076 1079
f 1250 1080 1082
f 1079 1083 1082
f 1085 1086 1334
f 811 1095 1331
f 1253 1088 811
f 1090 1086 1089
f 1084 1097 1253
f 1251 1091 1097
f 1097 1084 1251
f 1095 811 1088
f 1092 1090 1089
f 1092 1089 1093
f 1093 1094 1092
f 1097 1096 1253
f 1095 1088 1096
f 1093 1099 1094
f 1099 1093 1098
f 1096 1097 1100
f 1097 1091 1101
f 1101 1100 1097
f 1104 1099 1103
f 1106 1337 1255
f 1110 1200 1257
f 1106 1107 1338
f 1107 1106 1255
f 1111 1107 1255
f 814 1109 1200
f 1255 1112 1111
f 1113 1111 1112
f 1119 1200 1109
f 1109 1114 1119
f 1105 1108 1115
f 1117 1118 1113
f 1113 1112 1117
f 1119 1122 1257
f 1257 1200 1119
f 1116 1201 1110
f 1117 1121 1118
f 1121 1117 1120
f 1201 1116 1122
f 1120 1123 1121
f 1127 1114 1124
f 1123 1120 1126
f 1129 817 816
f 1135 1131 1130
f 1260 1133 1128
f 1130 1134 1135
f 1136 1135 1134
f 1129 1140 1260
f 1258 1137 1140
f 1140 1129 1258
f 1142 1128 1133
f 1134 1138 1139
f 1139 1136 1134
f 1138 1141 1139
f 1140 1133 1260
f 1137 1144 1140
f 1138 1143 1141
f 1144 1137 1145
f 1148 1143 1147
f 1143 1138 1149
f 1149 1147 1143
f 1149 1150 1147
f 1144 1145 1151
f 1151 1200 815
f 1263 1262 1153
f 1155 1263 1153
f 1158 1264 1157
f 1160 1265 1159
f 1160 1266 1265
f 1159 1266 1160
f 1267 1152 1268
f 1161 1205 1162
f 1349 1268 1152
f 834 818 853
f 1269 820 1270
f 1207 822 819
f 821 820 1206
f 853 823 834
f 818 776 1273
f 1272 1270 825
f 825 827 1272
f 1272 827 830
f 1271 819 1163
f 828 1163 819
f 1272 830 833
f 1163 1164 1271
f 833 1208 1272
f 832 835 833
f 1208 835 836
f 1163 828 1164
f 1211 776 837
f 776 775 837
f 1275 838 1277
f 838 1275 1276
f 1166 1274 840
f 1276 842 839
f 839 838 1276
f 775 1209 837
f 839 843 1277
f 1274 1210 840
f 843 845 1278
f 1278 1277 843
f 1278 845 847
f 1279 840 855
f 840 1210 1212
f 1212 855 840
f 1278 847 852
f 852 857 1278
f 851 856 852
f 849 818 848
f 857 856 1165
f 856 851 1165
f 855 1212 1279
f 1273 848 818
f 853 818 849
f 1207 819 1271
f 1279 1166 840
f 1280 859 1281
f 1214 861 858
f 1167 863 1284
f 860 864 1281
f 1215 869 863
f 1282 1281 864
f 864 866 1282
f 1282 866 871
f 1283 858 878
f 868 878 858
f 874 1285 1282
f 1282 871 874
f 867 880 872
f 878 1286 1283
f 1284 863 1168
f 1285 874 876
f 875 872 880
f 878 868 1286
f 880 1168 875
f 880 877 782
f 1284 1168 881
f 1168 880 782
f 885 1291 1287
f 1218 1168 782
f 881 1168 1218
f 1288 883 884
f 884 1289 1288
f 884 888 1289
f 782 882 1218
f 781 1216 882
f 881 895 1284
f 1287 1217 885
f 888 889 1290
f 1290 1289 888
f 889 892 1290
f 1290 892 894
f 894 901 1290
f 1291 885 899
f 885 1217 1219
f 1219 899 885
f 886 893 897
f 901 894 896
f 1292 1291 899
f 886 1167 895
f 901 900 903
f 899 1219 1292
f 1284 895 1167
f 780 1167 886
f 886 897 780
f 897 904 780
f 1214 858 1283
f 931 907 1174
f 916 1174 907
f 1221 906 1220
f 912 913 905
f 910 906 908
f 1224 1169 931
f 909 1221 1293
f 1293 914 909
f 917 914 1293
f 921 912 1176
f 912 921 1170
f 919 917 1293
f 1171 1169 1224
f 1293 1223 919
f 1176 1294 921
f 919 923 924
f 1169 1171 1222
f 1295 923 1223
f 1294 1170 921
f 1222 1171 918
f 935 928 1296
f 1225 927 1297
f 1172 1297 927
f 926 933 1172
f 1172 927 926
f 1226 930 1171
f 930 939 925
f 925 1171 930
f 1225 929 926
f 935 934 928
f 1298 932 929
f 929 1225 1298
f 936 932 1298
f 940 935 1299
f 1175 934 935
f 935 940 1175
f 938 936 1298
f 1298 1227 938
f 938 941 1173
f 931 1174 1226
f 1300 941 1227
f 1300 1173 941
f 1299 1175 940
f 1176 912 905
f 935 1296 1299
f 1177 950 1180
f 1229 944 1228
f 942 1180 946
f 946 951 942
f 949 952 943
f 950 946 1180
f 1229 947 945
f 1177 1230 950
f 947 1229 1301
f 1301 953 947
f 956 953 1301
f 959 949 1181
f 949 959 964
f 1301 1302 957
f 957 956 1301
f 955 960 961
f 1181 1303 959
f 962 957 1302
f 960 955 1230
f 965 962 1302
f 1303 964 959
f 1178 1230 1177
f 1230 1178 966
f 966 790 960
f 977 976 1304
f 970 969 1306
f 1306 1305 970
f 1305 968 970
f 1178 975 967
f 967 966 1178
f 1231 1180 1178
f 1307 971 968
f 968 1305 1307
f 1307 974 971
f 978 974 1307
f 1307 1233 978
f 980 977 1308
f 1179 976 977
f 977 980 1179
f 1180 973 1232
f 982 978 1233
f 1309 983 1233
f 1308 1179 980
f 1231 1177 1180
f 1181 949 943
f 977 1304 1308
f 1011 987 1187
f 996 1187 987
f 1235 986 1234
f 992 993 985
f 990 986 988
f 1238 1182 1011
f 989 1235 1310
f 1310 994 989
f 997 994 1310
f 1001 992 1189
f 992 1001 1183
f 999 997 1310
f 1184 1182 1238
f 1310 1237 999
f 1189 1311 1001
f 999 1003 1004
f 1182 1184 1236
f 1312 1003 1237
f 1311 1183 1001
f 1236 1184 998
f 1015 1008 1313
f 1239 1007 1314
f 1185 1314 1007
f 1006 1013 1185
f 1185 1007 1006
f 1240 1009 1184
f 1009 1019 1005
f 1005 1184 1009
f 1006 1239 1315
f 1015 1014 1008
f 1315 1010 1006
f 1315 1012 1010
f 1016 1012 1315
f 1020 1015 1316
f 1188 1014 1015
f 1015 1020 1188
f 1018 1016 1315
f 1315 1241 1018
f 1018 1021 1186
f 1011 1187 1240
f 1317 1021 1241
f 1317 1186 1021
f 1316 1188 1020
f 1189 992 985
f 1015 1313 1316
f 1190 1030 1193
f 1243 1024 1242
f 1022 1193 1026
f 1026 1031 1022
f 1029 1032 1023
f 1030 1026 1193
f 1243 1027 1025
f 1190 1244 1030
f 1027 1243 1318
f 1318 1033 1027
f 1036 1033 1318
f 1039 1029 1194
f 1029 1039 1044
f 1318 1319 1037
f 1037 1036 1318
f 1035 1040 1041
f 1194 1320 1039
f 1042 1037 1319
f 1040 1035 1244
f 1320 1044 1039
f 1191 1244 1190
f 1244 1191 1046
f 1046 801 1040
f 1057 1056 1321
f 1050 1049 1323
f 1323 1322 1050
f 1322 1048 1050
f 1191 1055 1047
f 1047 1046 1191
f 1245 1193 1191
f 1324 1051 1048
f 1048 1322 1324
f 1324 1054 1051
f 1058 1054 1324
f 1324 1247 1058
f 1060 1057 1321
f 1192 1056 1057
f 1057 1060 1192
f 1193 1053 1246
f 1062 1058 1247
f 1060 1321 1325
f 1326 1063 1247
f 1325 1192 1060
f 1245 1190 1193
f 1194 1029 1023
f 1081 1065 1100
f 1327 1067 1328
f 1249 1069 1066
f 1068 1067 1248
f 1100 1070 1081
f 1065 811 1331
f 1330 1328 1072
f 1072 1074 1330
f 1330 1074 1077
f 1329 1066 1195
f 1075 1195 1066
f 1330 1077 1080
f 1195 1196 1329
f 1080 1250 1330
f 1079 1082 1080
f 1250 1082 1083
f 1195 1075 1196
f 1253 811 1084
f 811 810 1084
f 1333 1085 1334
f 1333 1197 1085
f 1199 1332 1087
f 1197 1089 1086
f 1086 1085 1197
f 810 1251 1084
f 1086 1090 1334
f 1332 1252 1087
f 1090 1092 1335
f 1335 1334 1090
f 1335 1092 1094
f 1336 1087 1102
f 1087 1252 1254
f 1254 1102 1087
f 1335 1094 1099
f 1099 1104 1335
f 1098 1103 1099
f 1096 1065 1095
f 1104 1103 1198
f 1103 1098 1198
f 1102 1254 1336
f 1331 1095 1065
f 1100 1065 1096
f 1249 1066 1329
f 1336 1199 1087
f 1337 1106 1338
f 1256 1108 1105
f 1200 1110 1341
f 1107 1111 1338
f 1257 1116 1110
f 1339 1338 1111
f 1111 1113 1339
f 1339 1113 1118
f 1340 1105 1125
f 1115 1125 1105
f 1121 1342 1339
f 1339 1118 1121
f 1114 1127 1119
f 1125 1343 1340
f 1341 1110 1201
f 1342 1121 1123
f 1122 1119 1127
f 1342 1123 1126
f 1125 1115 1343
f 1127 1201 1122
f 1127 1124 817
f 1341 1201 1128
f 1201 1127 817
f 1132 1202 1344
f 1260 1201 817
f 1128 1201 1260
f 1345 1130 1131
f 1131 1346 1345
f 1131 1135 1346
f 817 1129 1260
f 816 1258 1129
f 1128 1142 1341
f 1344 1259 1132
f 1135 1136 1347
f 1347 1346 1135
f 1136 1139 1347
f 1347 1139 1141
f 1141 1148 1347
f 1348 1132 1146
f 1132 1259 1261
f 1261 1146 1132
f 1133 1140 1144
f 1148 1141 1143
f 1133 1200 1142
f 1148 1147 1150
f 1146 1261 1348
f 1341 1142 1200
f 815 1200 1133
f 1133 1144 815
f 1144 1151 815
f 1256 1105 1340
f 1348 1202 1132
f 1152 1267 1349
f 1154 1156 1350
f 1262 1155 1153
f 1154 1204 1156
f 1264 1351 1157
f 1351 1158 1157
f 1162 1203 1161
f 1204 1154 1350
f 1161 1203 1205
f 1357 1352 1353
f 1352 1357 1492
f 1355 1358 1372
f 1358 1361 1372
f 1466 1467 1359
f 1363 1359 1467
f 1359 1363 1369
f 1366 1360 1468
f 1361 1362 1372
f 1366 1468 1364
f 1363 1467 1365
f 1365 1367 1363
f 1369 1363 1367
f 1470 1371 1367
f 1371 1470 1368
f 1369 1367 1371
f 1372 1448 1449
f 1371 1368 1370
f 1371 1370 1369
f 1375 1501 1473
f 1376 1356 1357
f 1357 1377 1376
f 1492 1377 1352
f 1378 1377 1380
f 1492 1380 1377
f 1450 1382 1379
f 1380 1475 1474
f 1450 1384 1382
f 1475 1380 1385
f 1477 1386 1383
f 1383 1387 1477
f 1478 1475 1385
f 1385 1392 1478
f 1392 1385 1476
f 1389 1388 1450
f 1392 1453 1391
f 1396 1389 1393
f 1395 1391 1453
f 1453 1392 1476
f 1397 1395 1453
f 1476 1397 1453
f 1378 1376 1377
f 1427 1423 1399
f 1515 1423 1402
f 1401 1403 1400
f 1405 1480 1479
f 1479 1402 1405
f 1427 1405 1402
f 1401 1404 1403
f 1411 1406 1407
f 1407 1408 1411
f 1482 1480 1405
f 1405 1413 1482
f 1413 1405 1481
f 1410 1409 1401
f 1413 1457 1412
f 1416 1410 1401
f 1415 1412 1457
f 1457 1413 1481
f 1417 1415 1457
f 1481 1417 1457
f 1423 1515 1419
f 1422 1423 1421
f 1422 1399 1354
f 1399 1422 1427
f 1420 1425 1424
f 1440 1424 1425
f 1425 1428 1440
f 1483 1484 1426
f 1434 1427 1426
f 1431 1426 1484
f 1426 1431 1434
f 1428 1430 1440
f 1429 1529 1432
f 1432 1435 1429
f 1431 1484 1433
f 1433 1436 1431
f 1434 1431 1436
f 1486 1439 1436
f 1439 1486 1437
f 1438 1436 1439
f 1440 1463 1464
f 1439 1437 1438
f 1443 1538 1488
f 1423 1419 1421
f 1489 1490 1355
f 1372 1444 1355
f 1492 1465 1360
f 1360 1445 1492
f 1445 1360 1447
f 1490 1491 1358
f 1358 1355 1490
f 1359 1357 1356
f 1357 1359 1492
f 1356 1466 1359
f 1369 1492 1359
f 1491 1493 1361
f 1361 1358 1491
f 1465 1468 1360
f 1360 1366 1447
f 1493 1494 1362
f 1362 1361 1493
f 1362 1494 1495
f 1495 1446 1362
f 1372 1362 1446
f 1366 1364 1469
f 1446 1495 1496
f 1446 1496 1497
f 1367 1365 1470
f 1366 1472 1447
f 1497 1448 1446
f 1372 1446 1448
f 1366 1469 1471
f 1471 1374 1366
f 1472 1366 1374
f 1448 1497 1498
f 1448 1498 1499
f 1499 1449 1448
f 1370 1373 1371
f 1370 1371 1373
f 1374 1471 1500
f 1449 1499 1501
f 1501 1375 1449
f 1372 1449 1375
f 1375 1473 1372
f 1374 1500 1472
f 1357 1353 1377
f 1355 1502 1489
f 1353 1352 1377
f 1451 1381 1492
f 1502 1355 1379
f 1450 1379 1355
f 1379 1503 1502
f 1380 1474 1378
f 1451 1447 1452
f 1382 1504 1503
f 1503 1379 1382
f 1451 1386 1381
f 1386 1451 1383
f 1452 1383 1451
f 1382 1505 1504
f 1492 1385 1380
f 1505 1382 1384
f 1492 1476 1385
f 1387 1383 1452
f 1506 1505 1384
f 1384 1388 1506
f 1388 1384 1450
f 1390 1477 1387
f 1507 1506 1388
f 1388 1389 1507
f 1391 1478 1392
f 1450 1393 1389
f 1509 1390 1387
f 1387 1394 1509
f 1394 1387 1452
f 1508 1507 1389
f 1389 1396 1508
f 1510 1508 1396
f 1396 1398 1510
f 1398 1396 1393
f 1453 1454 1397
f 1452 1509 1394
f 1454 1453 1397
f 1511 1510 1398
f 1393 1511 1398
f 1444 1450 1355
f 1445 1451 1492
f 1451 1445 1447
f 1400 1513 1512
f 1512 1420 1400
f 1424 1400 1420
f 1354 1399 1423
f 1400 1424 1401
f 1455 1516 1427
f 1427 1459 1455
f 1460 1455 1459
f 1400 1514 1513
f 1427 1402 1423
f 1403 1517 1514
f 1514 1400 1403
f 1402 1479 1515
f 1407 1406 1516
f 1516 1455 1407
f 1460 1407 1455
f 1403 1518 1517
f 1518 1403 1404
f 1427 1481 1405
f 1408 1407 1460
f 1519 1518 1404
f 1404 1409 1519
f 1409 1404 1401
f 1520 1519 1409
f 1409 1410 1520
f 1412 1482 1413
f 1460 1456 1408
f 1522 1411 1408
f 1408 1414 1522
f 1414 1408 1456
f 1521 1520 1410
f 1410 1416 1521
f 1523 1521 1416
f 1416 1418 1523
f 1418 1416 1401
f 1457 1458 1417
f 1524 1522 1414
f 1458 1457 1417
f 1525 1523 1418
f 1456 1524 1414
f 1401 1525 1418
f 1512 1526 1420
f 1427 1527 1461
f 1422 1354 1423
f 1526 1528 1425
f 1425 1420 1526
f 1426 1422 1421
f 1422 1426 1427
f 1537 1460 1461
f 1421 1483 1426
f 1527 1529 1461
f 1528 1530 1428
f 1428 1425 1528
f 1429 1461 1529
f 1461 1429 1537
f 1530 1531 1430
f 1430 1428 1530
f 1537 1429 1435
f 1430 1531 1532
f 1532 1462 1430
f 1440 1430 1462
f 1435 1432 1485
f 1462 1532 1533
f 1462 1533 1534
f 1436 1433 1486
f 1436 1438 1434
f 1534 1463 1462
f 1440 1462 1463
f 1435 1485 1487
f 1487 1442 1435
f 1537 1435 1442
f 1463 1534 1535
f 1463 1535 1536
f 1536 1464 1463
f 1438 1441 1439
f 1438 1439 1441
f 1442 1487 1537
f 1464 1536 1538
f 1538 1443 1464
f 1440 1464 1443
f 1443 1488 1440
f 1427 1461 1459
f 1460 1459 1461
f 1573 2304 1572
f 1575 1599 1576
f 1574 1579 1573
f 1599 1575 1578
f 2304 1573 1579
f 1579 1574 1580
f 2065 1573 1572
f 1573 2065 1584
f 1584 1574 1573
f 1576 1582 1581
f 1548 2065 1572
f 1586 1584 2065
f 2065 1548 1586
f 1576 1585 1587
f 1588 1587 1585
f 1590 1586 1548
f 1548 1671 1590
f 1671 1548 1572
f 1585 1591 2069
f 1592 1582 1576
f 1609 1593 1595
f 1595 2073 1596
f 1598 1597 1605
f 2073 1595 1593
f 1580 1596 2073
f 1605 1599 1598
f 2080 1580 2073
f 1609 1595 1600
f 1601 1600 1595
f 1595 1596 1601
f 1602 1603 1605
f 1609 1600 1608
f 1600 1601 1606
f 1606 1608 1600
f 1604 1614 1605
f 1614 1604 1607
f 1608 1606 1610
f 1610 1612 1608
f 1613 2079 1614
f 1605 1603 1616
f 1676 1617 1618
f 1622 1618 1617
f 1623 1619 1618
f 1618 1622 1623
f 1624 1620 1691
f 1621 1633 1617
f 1631 1623 1622
f 1634 1617 1633
f 1635 1622 1617
f 1617 1634 1635
f 1622 1635 1631
f 1637 1634 1626
f 1634 1637 1629
f 1627 2084 1628
f 2084 1627 1630
f 1634 1629 1635
f 1629 1638 1631
f 1631 1635 1629
f 1632 2274 1634
f 1634 1633 1632
f 1641 1638 1637
f 1628 1640 1639
f 1542 1637 1626
f 1644 1641 1637
f 1637 1542 1644
f 1628 1643 1645
f 1646 1645 1643
f 1648 1644 1542
f 1542 1612 1648
f 1612 1542 2275
f 1643 1649 2092
f 1650 1640 1628
f 1668 1652 2096
f 1656 2096 1652
f 1654 1653 2096
f 2096 1656 1654
f 1657 1655 1665
f 2322 1654 1656
f 1665 1658 1657
f 1656 2152 2322
f 1659 1660 1665
f 1662 1663 1666
f 1664 1673 1665
f 1666 1671 1662
f 1673 1664 1667
f 1668 1662 1671
f 1671 1666 1669
f 1672 2104 1673
f 2096 1662 1668
f 1662 2096 1653
f 1653 1663 1662
f 1665 1660 1674
f 1618 2277 1676
f 2277 1618 1682
f 1677 1682 1618
f 1679 1678 1680
f 1680 1681 1679
f 2277 2111 1621
f 1682 1677 1683
f 2111 2277 1684
f 1682 1683 1685
f 1685 1688 1682
f 1687 1686 2112
f 2112 2113 1687
f 1688 1685 1689
f 1619 1677 1618
f 1625 1678 1691
f 1710 1694 2116
f 1700 2116 1694
f 1698 1695 2116
f 2116 1700 1698
f 1702 1697 1699
f 1694 1696 1693
f 1701 1699 1697
f 1720 1698 1700
f 1700 1722 1720
f 1710 1705 2123
f 1705 1706 1708
f 1708 2123 1705
f 1711 1707 1709
f 2284 2123 2160
f 1708 2160 2123
f 1713 2124 1714
f 2116 1705 1710
f 1705 2116 1695
f 1695 1706 1705
f 1702 1703 1711
f 1717 1697 1718
f 1716 1721 1715
f 1697 1717 1719
f 1694 1715 1721
f 1721 1716 1720
f 1721 1720 1722
f 2131 1715 1694
f 1715 2131 1724
f 1724 1716 1715
f 1718 1726 1725
f 1694 1727 2131
f 1730 2131 1727
f 2131 1730 1731
f 1718 1729 1732
f 1733 1732 1729
f 1734 1731 1730
f 2148 1734 1730
f 1772 1730 1727
f 1729 1735 2135
f 2131 1731 1724
f 1736 1726 1718
f 1738 1746 1737
f 1743 1740 1741
f 1739 1744 1738
f 2281 1747 1742
f 1746 1738 1744
f 1744 1739 1745
f 1747 2281 1746
f 1746 1744 1748
f 1799 1738 1737
f 1738 1799 1750
f 1750 1739 1738
f 1753 1759 1768
f 1761 1754 1756
f 1758 1756 1754
f 1748 1753 1768
f 1745 1755 1753
f 1753 1748 1745
f 1746 1757 1752
f 1752 1747 1746
f 1768 1746 1748
f 1759 1755 1760
f 1768 1763 2146
f 1763 1764 1766
f 1766 2146 1763
f 1769 1765 1767
f 1727 2146 1772
f 1766 1772 2146
f 1771 2147 1773
f 1759 1763 1768
f 1763 1759 1760
f 1760 1764 1763
f 1761 1762 1769
f 1748 1744 1745
f 1786 2346 1778
f 2346 1786 1783
f 1779 1783 1786
f 1780 1658 1781
f 1658 1780 1785
f 1783 1779 1784
f 1783 1784 2152
f 1787 1779 1786
f 1781 1789 1788
f 1794 1786 1778
f 1786 1794 1792
f 1781 1791 1793
f 1795 1793 1791
f 1796 1792 1794
f 2158 1796 1794
f 2160 1794 2284
f 1791 1797 2157
f 1786 1792 1787
f 1798 1789 1781
f 1806 1799 1737
f 1799 1806 1803
f 1804 1816 1800
f 1800 1801 1804
f 1807 1803 1806
f 1812 1805 1802
f 1802 1808 1812
f 1810 1807 1806
f 1806 1813 1810
f 1814 2164 1809
f 1809 1811 1814
f 1815 1810 1813
f 1799 1803 1750
f 1743 1816 1751
f 1834 1818 2167
f 1824 2167 1818
f 1822 1819 2167
f 2167 1824 1822
f 1826 1821 1823
f 1818 1820 1817
f 1825 1823 1821
f 1844 1822 1824
f 1824 1846 1844
f 1834 1829 2174
f 1829 1830 1832
f 1832 2174 1829
f 1835 1831 1833
f 2292 2174 2213
f 1832 2213 2174
f 1837 2175 1838
f 2167 1829 1834
f 1829 2167 1819
f 1819 1830 1829
f 1826 1827 1835
f 1841 1821 1842
f 1840 1845 1839
f 1821 1841 1843
f 1818 1839 1845
f 1845 1840 1844
f 1845 1844 1846
f 2182 1839 1818
f 1839 2182 1848
f 1848 1840 1839
f 1842 1850 1849
f 1818 1851 2182
f 1854 2182 1851
f 2182 1854 1855
f 1842 1853 1856
f 1857 1856 1853
f 1858 1855 1854
f 2199 1858 1854
f 1896 1854 1851
f 1853 1859 2186
f 2182 1855 1848
f 1860 1850 1842
f 1862 1870 1861
f 1867 1864 1865
f 1863 1868 1862
f 2289 1871 1866
f 1870 1862 1868
f 1868 1863 1869
f 1871 2289 1870
f 1870 1868 1872
f 1923 1862 1861
f 1862 1923 1874
f 1874 1863 1862
f 1877 1883 1892
f 1885 1878 1880
f 1882 1880 1878
f 1872 1877 1892
f 1869 1879 1877
f 1877 1872 1869
f 1870 1881 1876
f 1876 1871 1870
f 1892 1870 1872
f 1883 1879 1884
f 1892 1887 2197
f 1887 1888 1890
f 1890 2197 1887
f 1893 1889 1891
f 1851 2197 1896
f 1890 1896 2197
f 1895 2198 1897
f 1883 1887 1892
f 1887 1883 1884
f 1884 1888 1887
f 1885 1886 1893
f 1872 1868 1869
f 1910 2393 1902
f 2393 1910 2203
f 1910 1911 1905
f 1905 2203 1910
f 1903 2022 1904
f 2022 1903 1907
f 2393 2203 1908
f 2203 1905 1909
f 1909 1908 2203
f 1904 1913 1912
f 1918 1910 1902
f 1910 1918 1916
f 1904 1915 1917
f 1919 1917 1915
f 1920 1916 1918
f 2211 1920 1918
f 2213 1918 2292
f 1915 1921 2210
f 1910 1916 1911
f 1922 1913 1904
f 1930 1923 1861
f 1923 1930 1927
f 1928 1940 1924
f 1924 1925 1928
f 1931 1927 1930
f 1936 1929 1926
f 1926 1932 1936
f 1934 1931 1930
f 1930 1937 1934
f 1938 2217 1933
f 1933 1935 1938
f 1939 1934 1937
f 1923 1927 1874
f 1867 1940 1875
f 1943 2377 1942
f 1945 1969 1946
f 1944 1949 1943
f 1969 1945 1948
f 2377 1943 1949
f 1949 1944 1950
f 2222 1943 1942
f 1943 2222 1954
f 1954 1944 1943
f 1946 1952 1951
f 1569 2222 1942
f 1956 1954 2222
f 2222 1569 1956
f 1946 1955 1957
f 1958 1957 1955
f 1960 1956 1569
f 1569 2042 1960
f 2042 1569 1942
f 1955 1961 2226
f 1962 1952 1946
f 1979 1963 1965
f 1965 2230 1966
f 1968 1967 1975
f 2230 1965 1963
f 1950 1966 2230
f 1975 1969 1968
f 2237 1950 2230
f 1979 1965 1970
f 1971 1970 1965
f 1965 1966 1971
f 1972 1973 1975
f 1979 1970 1978
f 1970 1971 1976
f 1976 1978 1970
f 1974 1984 1975
f 1984 1974 1977
f 1978 1976 1980
f 1980 1982 1978
f 1983 2236 1984
f 1975 1973 1986
f 2045 1987 1988
f 1992 1988 1987
f 1993 1989 1988
f 1988 1992 1993
f 1994 1990 2060
f 1991 2003 1987
f 2001 1993 1992
f 2004 1987 2003
f 2005 1992 1987
f 1987 2004 2005
f 1992 2005 2001
f 2007 2004 1996
f 2004 2007 1999
f 1997 2241 1998
f 2241 1997 2000
f 2004 1999 2005
f 1999 2008 2001
f 2001 2005 1999
f 2002 2297 2004
f 2004 2003 2002
f 2011 2008 2007
f 1998 2010 2009
f 1564 2007 1996
f 2014 2011 2007
f 2007 1564 2014
f 1998 2013 2015
f 2016 2015 2013
f 2018 2014 1564
f 1564 1982 2018
f 1982 1564 2298
f 2013 2019 2249
f 2020 2010 1998
f 2038 2021 2253
f 2026 2253 2021
f 2253 2026 2024
f 2030 2022 2025
f 2028 2025 2022
f 2027 2024 2026
f 1908 2027 2026
f 2253 2024 2029
f 2033 2034 2036
f 2036 2042 2033
f 2039 2035 2037
f 2038 2033 2042
f 2042 2036 2040
f 2043 2261 2044
f 2253 2033 2038
f 2033 2253 2029
f 2029 2034 2033
f 2030 2031 2039
f 1988 2300 2045
f 2300 1988 2051
f 2046 2051 1988
f 2048 2047 2049
f 2049 2050 2048
f 2300 2267 1991
f 2051 2046 2052
f 2267 2300 2053
f 2051 2052 2054
f 2054 2057 2051
f 2056 2055 2268
f 2268 2269 2056
f 2057 2054 2058
f 1989 2046 1988
f 1995 2047 2060
f 1576 1581 1575
f 2301 1575 1581
f 2302 1571 1577
f 1571 2272 2271
f 2271 1577 1571
f 1575 2301 2062
f 1575 2062 2063
f 1577 1539 2302
f 2063 1578 1575
f 1578 2063 2303
f 1539 1577 1540
f 1577 2271 1593
f 2304 1579 2080
f 1599 1578 2081
f 1578 2303 1539
f 1539 2081 1578
f 1581 1582 2302
f 2302 2301 1581
f 1587 1592 1576
f 1592 1587 2064
f 1583 1571 2302
f 2305 2272 1571
f 1571 1583 2305
f 2066 2064 1587
f 2067 2066 1587
f 1587 1588 2067
f 2068 2067 1588
f 1589 1583 2302
f 2302 2306 1589
f 1549 2305 1583
f 1583 1589 1549
f 2069 1588 1585
f 1588 2069 2068
f 1591 2068 2069
f 1546 1589 2306
f 1589 1546 1549
f 1547 1549 1546
f 2302 1582 1592
f 1592 2064 2302
f 1597 1602 1605
f 1602 1597 2070
f 1594 1615 2310
f 2308 1609 1615
f 1615 1594 2308
f 2071 2070 1597
f 2072 2071 1597
f 1597 1598 2072
f 2309 2072 1598
f 1540 1594 2310
f 2310 1539 1540
f 1593 2308 1594
f 1594 1540 1593
f 2081 1598 1599
f 1539 2309 1598
f 1598 2081 1539
f 2310 1603 1602
f 1602 2070 2310
f 1605 1616 1604
f 2311 1604 1616
f 2310 1615 2076
f 1615 1609 2273
f 2273 2076 1615
f 1604 2311 2074
f 1604 2074 2075
f 2075 1607 1604
f 1607 2075 2077
f 2310 2076 2078
f 2078 2318 2310
f 2076 2273 1611
f 1611 2078 2076
f 1609 1608 1612
f 1612 2275 1609
f 1614 1607 1613
f 2077 1613 1607
f 1613 2077 2079
f 2318 2078 1544
f 2078 1611 2275
f 2275 1544 2078
f 1616 1603 2310
f 2310 2311 1616
f 2080 2073 1593
f 1540 1577 1593
f 1593 2304 2080
f 2080 1579 1580
f 1620 1625 1691
f 1625 1620 2082
f 1617 1676 1621
f 2083 2082 1620
f 1620 1624 2083
f 2314 2083 1624
f 1633 1621 1692
f 2087 1624 1691
f 1691 2084 2087
f 1624 2087 2314
f 1692 1541 1633
f 1625 2082 1692
f 1628 1639 1627
f 2315 1627 1639
f 2316 1636 1632
f 1636 1626 2274
f 2274 1632 1636
f 1638 1629 1637
f 1627 2315 2085
f 1627 2085 2086
f 2086 1630 1627
f 1630 2086 2317
f 2316 1632 1633
f 1633 1541 2316
f 2084 1630 2087
f 1630 2317 1541
f 1541 2087 1630
f 1639 1640 2316
f 2316 2315 1639
f 1645 1650 1628
f 1650 1645 2088
f 1642 1636 2316
f 2316 2318 1642
f 2319 1626 1636
f 1636 1642 2319
f 2089 2088 1645
f 2090 2089 1645
f 1645 1646 2090
f 2091 2090 1646
f 1647 1642 2318
f 1543 2319 1642
f 1642 1647 1543
f 1626 2275 1542
f 2092 1646 1643
f 1646 2092 2091
f 1649 2091 2092
f 1544 1647 2318
f 1647 1544 1543
f 2275 1543 1544
f 2316 1640 1650
f 1650 2088 2316
f 1541 2314 2087
f 2093 1648 1612
f 2093 2094 2312
f 1610 2093 1612
f 2313 2094 2093
f 2312 2094 2313
f 1655 1659 1665
f 1659 1655 2095
f 1651 1661 1675
f 2320 1668 1661
f 1661 1651 2320
f 2097 2095 1655
f 2098 2097 1655
f 1655 1657 2098
f 1651 1553 2320
f 2321 2098 1657
f 1553 1651 1675
f 1675 1545 1553
f 1652 2320 1553
f 2152 1656 1652
f 2105 1657 1658
f 1545 2321 1657
f 1657 2105 1545
f 1675 1660 1659
f 1659 2095 1675
f 1665 1674 1664
f 2323 1664 1674
f 1675 1661 2101
f 2101 2306 1675
f 1661 1668 2276
f 2276 2101 1661
f 1664 2323 2099
f 1664 2099 2100
f 2100 1667 1664
f 1667 2100 2102
f 2306 2101 2103
f 2101 2276 1670
f 1670 2103 2101
f 1671 1547 1668
f 1673 1667 1672
f 2102 1672 1667
f 1672 2102 2104
f 2306 2103 1546
f 2103 1670 1547
f 1547 1546 2103
f 1674 1660 1675
f 1675 2323 1674
f 1669 2106 1671
f 2324 2107 2106
f 2106 1590 1671
f 2106 2107 2307
f 2307 2107 2324
f 1547 1671 1572
f 1678 1679 1691
f 1621 1690 1692
f 1621 1676 2277
f 1678 2325 2108
f 2108 1680 1678
f 1690 1621 2111
f 1680 2108 2109
f 1681 1680 1686
f 1686 1687 1681
f 2109 1686 1680
f 2277 1682 1688
f 1688 2114 2277
f 1686 2109 2110
f 2110 2112 1686
f 2112 2110 2113
f 2111 1684 1690
f 1689 2114 1688
f 1678 1625 1692
f 1692 2325 1678
f 1699 1703 1702
f 1703 1699 2115
f 1693 1704 2328
f 1696 1710 1704
f 1704 1693 1696
f 2117 2115 1699
f 2118 2117 1699
f 2328 2326 1693
f 1699 1701 2118
f 2327 2118 1701
f 2128 1693 2326
f 1722 1700 1694
f 2129 1701 1697
f 1701 2129 2327
f 1703 2115 2328
f 1711 1703 1707
f 2329 1707 1703
f 2328 1704 2121
f 1704 1710 2278
f 2278 2121 1704
f 1707 2329 2119
f 1707 2119 2120
f 2120 1709 1707
f 1709 2120 2122
f 2121 2348 2328
f 2121 2278 1712
f 2123 2284 1710
f 1711 1709 1713
f 1713 1714 1711
f 2122 1713 1709
f 1713 2122 2124
f 2348 2121 1555
f 2121 1712 2284
f 2284 1555 2121
f 2328 2329 1703
f 1718 1725 1717
f 2332 1717 1725
f 2333 1723 2127
f 1723 2280 2279
f 2279 2127 1723
f 1717 2332 2125
f 1717 2125 2126
f 2126 1719 1717
f 1719 2126 2334
f 2333 2127 2128
f 2128 2326 2333
f 2127 2279 1694
f 1694 2128 2127
f 1697 1719 2129
f 1719 2334 2326
f 2326 2129 1719
f 1725 1726 2333
f 2333 2332 1725
f 1732 1736 1718
f 1736 1732 2130
f 1728 1723 2333
f 2335 2280 1723
f 1723 1728 2335
f 2132 2130 1732
f 2133 2132 1732
f 1732 1733 2133
f 2134 2133 1733
f 1551 1728 2333
f 2333 2336 1551
f 1552 2335 1728
f 1728 1551 1552
f 2135 1733 1729
f 1733 2135 2134
f 1735 2134 2135
f 1727 1552 1551
f 2333 1726 1736
f 1736 2130 2333
f 1694 1693 2128
f 1694 1721 1722
f 2326 2327 2129
f 1743 1751 1740
f 2338 1740 1751
f 2339 1749 1742
f 1749 2285 2281
f 2281 1742 1749
f 1740 2338 2136
f 2136 1741 1740
f 1741 2136 2137
f 2339 1742 1747
f 1741 1754 1743
f 1747 1550 2339
f 1754 1741 1776
f 1741 2137 1550
f 1550 1776 1741
f 2339 2338 1751
f 1756 1762 1761
f 1762 1756 2138
f 1752 1774 1775
f 1757 1768 1774
f 1774 1752 1757
f 1759 1753 1755
f 2139 2138 1756
f 2140 2139 1756
f 1756 1758 2140
f 2340 2140 1758
f 1747 1752 1775
f 1775 1550 1747
f 1776 1758 1754
f 1550 2340 1758
f 1758 1776 1550
f 1762 2138 1775
f 1769 1762 1765
f 2341 1765 1762
f 1775 1774 2143
f 2143 2336 1775
f 1774 1768 2282
f 2282 2143 1774
f 1765 2341 2141
f 1765 2141 2142
f 2142 1767 1765
f 1767 2142 2144
f 2336 2143 2145
f 2143 2282 1770
f 1770 2145 2143
f 2146 1727 1768
f 1769 1767 1771
f 1771 1773 1769
f 2144 1771 1767
f 1771 2144 2147
f 2336 2145 1551
f 2145 1770 1727
f 1727 1551 2145
f 1775 2341 1762
f 1772 1766 2148
f 2342 2149 2148
f 2148 1730 1772
f 2148 2149 2337
f 2337 2149 2342
f 1781 1788 1780
f 2343 1780 1788
f 2344 1777 1782
f 1777 1778 2283
f 2283 1782 1777
f 1780 2343 2150
f 1780 2150 2151
f 1782 1545 2344
f 2151 1785 1780
f 1785 2151 2345
f 1545 1782 1553
f 1782 2283 1652
f 2346 1783 2152
f 2322 2152 1784
f 1785 2345 1545
f 1545 2105 1785
f 1788 1789 2344
f 2344 2343 1788
f 1793 1798 1781
f 1798 1793 2153
f 1790 1777 2344
f 2347 1778 1777
f 1777 1790 2347
f 2154 2153 1793
f 2155 2154 1793
f 1793 1795 2155
f 2156 2155 1795
f 1555 1790 2344
f 2344 2348 1555
f 1554 2347 1790
f 1790 1555 1554
f 1778 2284 1794
f 2157 1795 1791
f 1795 2157 2156
f 1797 2156 2157
f 2284 1554 1555
f 2344 1789 1798
f 1798 2153 2344
f 1553 1782 1652
f 1652 2346 2152
f 1785 2105 1658
f 2158 1794 2160
f 2158 2159 2330
f 2160 1708 2158
f 2331 2159 2158
f 2330 2159 2331
f 1743 1800 1816
f 1802 1749 2339
f 1805 2285 1749
f 1749 1802 1805
f 2162 2161 1816
f 1816 1804 2162
f 2163 2162 1804
f 2164 1804 1801
f 1801 1809 2164
f 1804 2164 2163
f 2339 2349 1802
f 1813 1806 1737
f 2165 2163 2164
f 1808 1802 2349
f 2164 1814 2165
f 1811 2165 1814
f 2349 1812 1808
f 1813 1737 1815
f 2339 1751 1816
f 1816 2161 2339
f 1823 1827 1826
f 1827 1823 2166
f 1817 1828 2352
f 1820 1834 1828
f 1828 1817 1820
f 2168 2166 1823
f 2169 2168 1823
f 2352 2350 1817
f 1823 1825 2169
f 2351 2169 1825
f 2179 1817 2350
f 1846 1824 1818
f 2180 1825 1821
f 1825 2180 2351
f 1827 2166 2352
f 1835 1827 1831
f 2353 1831 1827
f 2352 1828 2172
f 1828 1834 2286
f 2286 2172 1828
f 1831 2353 2170
f 1831 2170 2171
f 2171 1833 1831
f 1833 2171 2173
f 2172 2371 2352
f 2172 2286 1836
f 2174 2292 1834
f 1835 1833 1837
f 1837 1838 1835
f 2173 1837 1833
f 1837 2173 2175
f 2371 2172 1560
f 2172 1836 2292
f 2292 1560 2172
f 2352 2353 1827
f 1842 1849 1841
f 2356 1841 1849
f 2357 1847 2178
f 1847 2288 2287
f 2287 2178 1847
f 1841 2356 2176
f 1841 2176 2177
f 2177 1843 1841
f 1843 2177 2358
f 2357 2178 2179
f 2179 2350 2357
f 2178 2287 1818
f 1818 2179 2178
f 1821 1843 2180
f 1843 2358 2350
f 2350 2180 1843
f 1849 1850 2357
f 2357 2356 1849
f 1856 1860 1842
f 1860 1856 2181
f 1852 1847 2357
f 2359 2288 1847
f 1847 1852 2359
f 2183 2181 1856
f 2184 2183 1856
f 1856 1857 2184
f 2185 2184 1857
f 1557 1852 2357
f 2357 2360 1557
f 1558 2359 1852
f 1852 1557 1558
f 2186 1857 1853
f 1857 2186 2185
f 1859 2185 2186
f 1851 1558 1557
f 2357 1850 1860
f 1860 2181 2357
f 1818 1817 2179
f 1818 1845 1846
f 2350 2351 2180
f 1867 1875 1864
f 2362 1864 1875
f 2363 1873 1866
f 1873 2293 2289
f 2289 1866 1873
f 1864 2362 2187
f 2187 1865 1864
f 1865 2187 2188
f 2363 1866 1871
f 1865 1878 1867
f 1871 1556 2363
f 1878 1865 1900
f 1865 2188 1556
f 1556 1900 1865
f 2363 2362 1875
f 1880 1886 1885
f 1886 1880 2189
f 1876 1898 1899
f 1881 1892 1898
f 1898 1876 1881
f 1883 1877 1879
f 2190 2189 1880
f 2191 2190 1880
f 1880 1882 2191
f 2364 2191 1882
f 1871 1876 1899
f 1899 1556 1871
f 1900 1882 1878
f 1556 2364 1882
f 1882 1900 1556
f 1886 2189 1899
f 1893 1886 1889
f 2365 1889 1886
f 1899 1898 2194
f 2194 2360 1899
f 1898 1892 2290
f 2290 2194 1898
f 1889 2365 2192
f 1889 2192 2193
f 2193 1891 1889
f 1891 2193 2195
f 2360 2194 2196
f 2194 2290 1894
f 1894 2196 2194
f 2197 1851 1892
f 1893 1891 1895
f 1895 1897 1893
f 2195 1895 1891
f 1895 2195 2198
f 2360 2196 1557
f 2196 1894 1851
f 1851 1557 2196
f 1899 2365 1886
f 1896 1890 2199
f 2366 2200 2199
f 2199 1854 1896
f 2199 2200 2361
f 2361 2200 2366
f 1904 1912 1903
f 2367 1903 1912
f 2368 1901 1906
f 1901 1902 2291
f 2291 1906 1901
f 1903 2367 2201
f 1903 2201 2202
f 2202 1907 1903
f 2291 2204 1906
f 1907 2202 2369
f 2368 1906 2204
f 2204 2370 2368
f 2204 2291 2393
f 2022 1907 2205
f 1907 2369 2370
f 2370 2205 1907
f 1912 1913 2368
f 2368 2367 1912
f 1917 1922 1904
f 1922 1917 2206
f 1914 1901 2368
f 2368 2371 1914
f 2372 1902 1901
f 1901 1914 2372
f 2207 2206 1917
f 2208 2207 1917
f 1917 1919 2208
f 2209 2208 1919
f 1560 1914 2371
f 1559 2372 1914
f 1914 1560 1559
f 1902 2292 1918
f 2210 1919 1915
f 1919 2210 2209
f 1921 2209 2210
f 2292 1559 1560
f 2368 1913 1922
f 1922 2206 2368
f 2211 1918 2213
f 2211 2212 2354
f 2213 1832 2211
f 2355 2212 2211
f 2354 2212 2355
f 1867 1924 1940
f 1926 1873 2363
f 1929 2293 1873
f 1873 1926 1929
f 2215 2214 1940
f 1940 1928 2215
f 2216 2215 1928
f 2217 1928 1925
f 1925 1933 2217
f 1928 2217 2216
f 2363 2373 1926
f 1937 1930 1861
f 2218 2216 2217
f 1932 1926 2373
f 2217 1938 2218
f 1935 2218 1938
f 2373 1936 1932
f 1937 1861 1939
f 2363 1875 1940
f 1940 2214 2363
f 1946 1951 1945
f 2374 1945 1951
f 2375 1941 1947
f 1941 2295 2294
f 2294 1947 1941
f 1945 2374 2219
f 1945 2219 2220
f 1947 1561 2375
f 2220 1948 1945
f 1948 2220 2376
f 1561 1947 1562
f 1947 2294 1963
f 2377 1949 2237
f 1969 1948 2238
f 1948 2376 1561
f 1561 2238 1948
f 1951 1952 2375
f 2375 2374 1951
f 1957 1962 1946
f 1962 1957 2221
f 1953 1941 2375
f 2378 2295 1941
f 1941 1953 2378
f 2223 2221 1957
f 2224 2223 1957
f 1957 1958 2224
f 2225 2224 1958
f 1959 1953 2375
f 2375 2379 1959
f 1570 2378 1953
f 1953 1959 1570
f 2226 1958 1955
f 1958 2226 2225
f 1961 2225 2226
f 1567 1959 2379
f 1959 1567 1570
f 1568 1570 1567
f 2375 1952 1962
f 1962 2221 2375
f 1967 1972 1975
f 1972 1967 2227
f 1964 1985 2383
f 2381 1979 1985
f 1985 1964 2381
f 2228 2227 1967
f 2229 2228 1967
f 1967 1968 2229
f 2382 2229 1968
f 1562 1964 2383
f 2383 1561 1562
f 1963 2381 1964
f 1964 1562 1963
f 2238 1968 1969
f 1561 2382 1968
f 1968 2238 1561
f 2383 1973 1972
f 1972 2227 2383
f 1975 1986 1974
f 2384 1974 1986
f 2383 1985 2233
f 1985 1979 2296
f 2296 2233 1985
f 1974 2384 2231
f 1974 2231 2232
f 2232 1977 1974
f 1977 2232 2234
f 2383 2233 2235
f 2235 2391 2383
f 2233 2296 1981
f 1981 2235 2233
f 1979 1978 1982
f 1982 2298 1979
f 1984 1977 1983
f 2234 1983 1977
f 1983 2234 2236
f 2391 2235 1566
f 2235 1981 2298
f 2298 1566 2235
f 1986 1973 2383
f 2383 2384 1986
f 2237 2230 1963
f 1562 1947 1963
f 1963 2377 2237
f 2237 1949 1950
f 1990 1995 2060
f 1995 1990 2239
f 1987 2045 1991
f 2240 2239 1990
f 1990 1994 2240
f 2387 2240 1994
f 2003 1991 2061
f 2244 1994 2060
f 2060 2241 2244
f 1994 2244 2387
f 2061 1563 2003
f 1995 2239 2061
f 1998 2009 1997
f 2388 1997 2009
f 2389 2006 2002
f 2006 1996 2297
f 2297 2002 2006
f 2008 1999 2007
f 1997 2388 2242
f 1997 2242 2243
f 2243 2000 1997
f 2000 2243 2390
f 2389 2002 2003
f 2003 1563 2389
f 2241 2000 2244
f 2000 2390 1563
f 1563 2244 2000
f 2009 2010 2389
f 2389 2388 2009
f 2015 2020 1998
f 2020 2015 2245
f 2012 2006 2389
f 2389 2391 2012
f 2392 1996 2006
f 2006 2012 2392
f 2246 2245 2015
f 2247 2246 2015
f 2015 2016 2247
f 2248 2247 2016
f 2017 2012 2391
f 1565 2392 2012
f 2012 2017 1565
f 1996 2298 1564
f 2249 2016 2013
f 2016 2249 2248
f 2019 2248 2249
f 1566 2017 2391
f 2017 1566 1565
f 2298 1565 1566
f 2389 2010 2020
f 2020 2245 2389
f 1563 2387 2244
f 2250 2018 1982
f 2250 2251 2385
f 1980 2250 1982
f 2386 2251 2250
f 2385 2251 2386
f 2025 2031 2030
f 2031 2025 2252
f 2023 2032 2395
f 2021 2038 2032
f 2032 2023 2021
f 2254 2252 2025
f 2255 2254 2025
f 2395 2370 2023
f 2025 2028 2255
f 2394 2255 2028
f 2204 2023 2370
f 2393 2021 2023
f 1908 2026 2021
f 2021 2393 1908
f 2027 1908 1909
f 2205 2028 2022
f 2028 2205 2394
f 2031 2252 2395
f 2039 2031 2035
f 2396 2035 2031
f 2395 2032 2258
f 2032 2038 2299
f 2299 2258 2032
f 2035 2396 2256
f 2035 2256 2257
f 2257 2037 2035
f 2037 2257 2259
f 2395 2258 2260
f 2260 2379 2395
f 2258 2299 2041
f 2041 2260 2258
f 2042 1568 2038
f 2039 2037 2043
f 2043 2044 2039
f 2259 2043 2037
f 2043 2259 2261
f 2379 2260 1567
f 2260 2041 1568
f 1568 1567 2260
f 2395 2396 2031
f 2393 2023 2204
f 2370 2394 2205
f 2040 2262 2042
f 2397 2263 2262
f 2262 1960 2042
f 2262 2263 2380
f 2380 2263 2397
f 1568 2042 1942
f 2047 2048 2060
f 1991 2059 2061
f 1991 2045 2300
f 2047 2398 2264
f 2264 2049 2047
f 2059 1991 2267
f 2049 2264 2265
f 2050 2049 2055
f 2055 2056 2050
f 2265 2055 2049
f 2300 2051 2057
f 2057 2270 2300
f 2055 2265 2266
f 2266 2268 2055
f 2268 2266 2269
f 2267 2053 2059
f 2058 2270 2057
f 2047 1995 2061
f 2061 2398 2047
f 2400 2399 2402
f 2402 2401 2400
f 2401 2402 2403
f 2404 2521 2405
f 2405 2521 2406
f 2406 2521 2407
f 2407 2521 2409
f 2521 2408 2409
f 2521 2411 2412
f 2521 2412 2413
f 2521 2413 2414
f 2521 2414 2512
f 2521 2512 2475
f 2415 2416 2417
f 2417 2418 2415
f 2419 2420 2416
f 2416 2415 2419
f 2420 2419 2421
f 2404 2405 2422
f 2422 2423 2404
f 2405 2406 2424
f 2424 2422 2405
f 2407 2424 2406
f 2425 2426 2427
f 2427 2428 2425
f 2426 2429 2430
f 2430 2427 2426
f 2431 2430 2429
f 2433 2412 2411
f 2411 2434 2433
f 2435 2413 2412
f 2412 2433 2435
f 2413 2435 2414
f 2429 2430 2427
f 2427 2426 2429
f 2430 2429 2431
f 2415 2419 2420
f 2420 2416 2415
f 2421 2420 2419
f 2433 2435 2413
f 2413 2412 2433
f 2414 2413 2435
f 2406 2424 2422
f 2422 2405 2406
f 2424 2406 2407
f 2439 2482 2436
f 2438 2444 2437
f 2437 2446 2438
f 2441 2437 2444
f 2482 2439 2410
f 2502 2410 2439
f 2445 2440 2441
f 2442 2441 2444
f 2444 2418 2442
f 2444 2415 2418
f 2444 2419 2415
f 2444 2421 2419
f 2496 2441 2442
f 2418 2417 2443
f 2443 2442 2418
f 2437 2441 2440
f 2441 2496 2445
f 2439 2474 2502
f 2474 2439 2436
f 2447 2437 2440
f 2408 2446 2447
f 2437 2447 2446
f 2440 2448 2447
f 2474 2436 2449
f 2450 2474 2449
f 2451 2450 2449
f 2459 2451 2449
f 2449 2452 2459
f 2450 2451 2454
f 2454 2453 2450
f 2474 2450 2460
f 2460 2455 2474
f 2450 2456 2460
f 2450 2453 2456
f 2456 2457 2460
f 2453 2454 2457
f 2457 2456 2453
f 2457 2458 2460
f 2454 2451 2458
f 2458 2457 2454
f 2458 2451 2460
f 2451 2459 2460
f 2452 2460 2459
f 2461 2447 2448
f 2462 2461 2448
f 2448 2463 2472
f 2472 2462 2448
f 2461 2462 2465
f 2465 2464 2461
f 2467 2510 2447
f 2510 2423 2447
f 2423 2422 2447
f 2422 2424 2447
f 2424 2407 2447
f 2409 2447 2407
f 2408 2447 2409
f 2466 2510 2521
f 2466 2404 2423
f 2423 2510 2466
f 2404 2466 2521
f 2447 2461 2467
f 2461 2468 2471
f 2471 2467 2461
f 2461 2464 2468
f 2468 2469 2471
f 2464 2465 2469
f 2469 2468 2464
f 2469 2470 2471
f 2465 2462 2470
f 2470 2469 2465
f 2470 2462 2471
f 2462 2472 2473
f 2473 2471 2462
f 2463 2473 2472
f 2410 2474 2504
f 2474 2410 2502
f 2438 2475 2493
f 2475 2503 2493
f 2493 2503 2505
f 2410 2504 2476
f 2477 2410 2476
f 2478 2477 2476
f 2476 2479 2486
f 2486 2478 2476
f 2477 2478 2481
f 2481 2480 2477
f 2487 2482 2410
f 2410 2477 2487
f 2477 2483 2487
f 2477 2480 2483
f 2483 2484 2487
f 2480 2481 2484
f 2484 2483 2480
f 2484 2485 2487
f 2481 2478 2485
f 2485 2484 2481
f 2485 2478 2487
f 2478 2486 2487
f 2479 2487 2486
f 2488 2493 2505
f 2489 2488 2505
f 2505 2490 2489
f 2500 2489 2490
f 2488 2489 2492
f 2492 2491 2488
f 2442 2494 2432
f 2432 2493 2442
f 2494 2428 2432
f 2428 2427 2432
f 2427 2430 2432
f 2430 2431 2432
f 2442 2493 2496
f 2495 2425 2428
f 2428 2494 2495
f 2438 2493 2432
f 2493 2488 2496
f 2488 2497 2501
f 2501 2496 2488
f 2488 2491 2497
f 2497 2498 2501
f 2491 2492 2498
f 2498 2497 2491
f 2498 2499 2501
f 2492 2489 2499
f 2499 2498 2492
f 2499 2489 2501
f 2489 2500 2501
f 2490 2501 2500
f 2475 2512 2503
f 2505 2503 2512
f 2474 2455 2504
f 2512 2514 2506
f 2506 2505 2512
f 2506 2514 2515
f 2506 2515 2519
f 2507 2520 2506
f 2506 2519 2507
f 2509 2519 2515
f 2515 2508 2509
f 2514 2510 2467
f 2510 2514 2512
f 2512 2434 2510
f 2512 2433 2434
f 2512 2435 2433
f 2512 2414 2435
f 2521 2510 2511
f 2434 2411 2511
f 2511 2510 2434
f 2521 2511 2411
f 2514 2467 2513
f 2513 2515 2514
f 2513 2516 2515
f 2516 2508 2515
f 2513 2517 2516
f 2517 2509 2508
f 2508 2516 2517
f 2513 2518 2517
f 2518 2519 2509
f 2509 2517 2518
f 2513 2519 2518
f 2513 2507 2519
f 2507 2513 2520
f 2438 2494 2442
f 2438 2495 2494
f 2438 2425 2495
f 2438 2426 2425
f 2426 2427 2428
f 2428 2425 2426
f 2438 2429 2426
f 2438 2431 2429
f 2438 2432 2431
f 2442 2443 2438
f 2443 2417 2438
f 2417 2416 2438
f 2418 2415 2416
f 2416 2417 2418
f 2416 2420 2438
f 2420 2421 2438
f 2421 2444 2438
f 2411 2412 2521
f 2434 2433 2412
f 2412 2411 2434
f 2412 2413 2521
f 2413 2414 2521
f 2414 2512 2521
f 2475 2521 2512
f 2521 2405 2404
f 2405 2422 2423
f 2423 2404 2405
f 2521 2406 2405
f 2521 2407 2406
f 2521 2409 2407
f 2409 2521 2408
f 2522 2523 2524
f 2524 2525 2522
f 2526 2527 2522
f 2528 2529 2530
f 2530 2531 2528
f 2532 2533 2534
f 2534 2535 2532
f 2536 2537 2538
f 2538 2539 2536
f 2539 2538 2540
f 2540 2541 2539
f 2542 2543 2544
f 2544 2545 2542
f 2546 2547 2548
f 2548 2549 2546
f 2550 2551 2552
f 2552 2553 2550
f 2554 2555 2550
f 2556 2557 2558
f 2558 2559 2556
f 2560 2561 2562
f 2562 2563 2560
f 2564 2565 2566
f 2566 2567 2564
f 2568 2569 2564
f 2570 2571 2572
f 2572 2573 2570
f 2574 2575 2576
f 2576 2577 2574
f 2578 2579 2522
f 2522 2525 2578
f 2522 2580 2526
f 2581 2582 2528
f 2528 2531 2581
f 2534 2533 2583
f 2583 2584 2534
f 2585 2586 2536
f 2536 2539 2585
f 2587 2585 2539
f 2539 2541 2587
f 2588 2543 2542
f 2542 2589 2588
f 2548 2547 2590
f 2590 2591 2548
f 2592 2593 2550
f 2550 2553 2592
f 2550 2594 2554
f 2595 2596 2556
f 2556 2559 2595
f 2562 2561 2597
f 2597 2598 2562
f 2599 2600 2564
f 2564 2567 2599
f 2564 2601 2568
f 2602 2603 2570
f 2570 2573 2602
f 2576 2575 2604
f 2604 2605 2576
f 2606 2607 2608
f 2608 2609 2606
f 2608 2610 2611
f 2612 2613 2614
f 2614 2615 2612
f 2616 2617 2618
f 2618 2619 2616
f 2668 2620 2621
f 2622 2906 2668
f 2668 2623 2622
f 2624 2625 2626
f 2626 2627 2624
f 2628 2629 2630
f 2630 2631 2628
f 2632 2633 2634
f 2634 2635 2632
f 2634 2636 2637
f 2638 2639 2640
f 2640 2641 2638
f 2642 2643 2644
f 2644 2645 2642
f 2646 2647 2648
f 2648 2649 2646
f 2648 2650 2651
f 2652 2653 2654
f 2654 2655 2652
f 2656 2657 2658
f 2658 2659 2656
f 2608 2660 2661
f 2661 2609 2608
f 2611 2662 2608
f 2614 2663 2664
f 2664 2615 2614
f 2665 2617 2616
f 2616 2666 2665
f 2621 2667 2668
f 2668 2907 2669
f 2669 2623 2668
f 2626 2625 2670
f 2670 2671 2626
f 2672 2629 2628
f 2628 2673 2672
f 2634 2674 2675
f 2675 2635 2634
f 2637 2676 2634
f 2640 2677 2678
f 2678 2641 2640
f 2679 2643 2642
f 2642 2680 2679
f 2648 2681 2682
f 2682 2649 2648
f 2651 2683 2648
f 2654 2684 2685
f 2685 2655 2654
f 2686 2657 2656
f 2656 2687 2686
f 2688 2689 2690
f 2690 2691 2688
f 2525 2524 2689
f 2689 2688 2525
f 2692 2693 2527
f 2527 2526 2692
f 2694 2695 2693
f 2693 2692 2694
f 2531 2530 2694
f 2533 2532 2529
f 2529 2528 2533
f 2535 2534 2696
f 2696 2697 2535
f 2697 2696 2698
f 2698 2699 2697
f 2700 2701 2702
f 2702 2703 2700
f 2703 2702 2537
f 2537 2536 2703
f 2541 2540 2704
f 2704 2705 2541
f 2705 2704 2706
f 2706 2908 2544
f 2544 2543 2706
f 2542 2545 2549
f 2549 2548 2542
f 2547 2546 2707
f 2708 2709 2707
f 2707 2909 2708
f 2710 2711 2712
f 2712 2713 2710
f 2553 2552 2711
f 2711 2710 2553
f 2714 2715 2555
f 2555 2554 2714
f 2716 2717 2715
f 2715 2714 2716
f 2559 2558 2716
f 2561 2560 2557
f 2557 2556 2561
f 2563 2562 2718
f 2718 2719 2563
f 2719 2718 2720
f 2720 2721 2719
f 2689 2722 2723
f 2723 2690 2689
f 2524 2724 2722
f 2722 2689 2524
f 2523 2725 2724
f 2724 2524 2523
f 2527 2726 2725
f 2725 2523 2527
f 2693 2727 2726
f 2726 2527 2693
f 2727 2693 2910
f 2530 2728 2910
f 2910 2695 2530
f 2529 2729 2728
f 2728 2530 2529
f 2729 2529 2532
f 2532 2730 2729
f 2730 2532 2535
f 2535 2731 2730
f 2731 2535 2911
f 2732 2702 2912
f 2702 2732 2733
f 2733 2537 2702
f 2537 2733 2734
f 2734 2538 2537
f 2538 2734 2735
f 2735 2540 2538
f 2540 2735 2736
f 2736 2704 2540
f 2704 2736 2737
f 2737 2908 2704
f 2738 2544 2737
f 2544 2738 2739
f 2739 2545 2544
f 2740 2549 2545
f 2545 2739 2740
f 2741 2546 2549
f 2549 2740 2741
f 2742 2909 2546
f 2546 2741 2742
f 2711 2743 2744
f 2744 2712 2711
f 2552 2745 2743
f 2743 2711 2552
f 2551 2746 2745
f 2745 2552 2551
f 2555 2747 2746
f 2746 2551 2555
f 2715 2748 2747
f 2747 2555 2715
f 2717 2749 2748
f 2748 2715 2717
f 2558 2750 2749
f 2749 2717 2558
f 2557 2751 2750
f 2750 2558 2557
f 2751 2557 2560
f 2560 2752 2751
f 2752 2560 2563
f 2563 2753 2752
f 2753 2563 2913
f 2754 2755 2756
f 2567 2566 2755
f 2755 2754 2567
f 2757 2758 2569
f 2569 2568 2757
f 2759 2760 2758
f 2758 2757 2759
f 2573 2572 2759
f 2575 2574 2571
f 2571 2570 2575
f 2577 2576 2761
f 2761 2762 2577
f 2762 2761 2763
f 2763 2764 2762
f 2755 2765 2766
f 2766 2914 2755
f 2566 2767 2765
f 2765 2755 2566
f 2565 2768 2767
f 2767 2566 2565
f 2569 2769 2768
f 2768 2565 2569
f 2758 2770 2769
f 2769 2569 2758
f 2770 2758 2915
f 2572 2771 2915
f 2915 2760 2572
f 2571 2772 2771
f 2771 2572 2571
f 2772 2571 2574
f 2574 2773 2772
f 2773 2574 2577
f 2577 2774 2773
f 2774 2577 2916
f 2775 2776 2688
f 2688 2691 2775
f 2776 2578 2525
f 2525 2688 2776
f 2580 2777 2692
f 2692 2526 2580
f 2777 2778 2694
f 2694 2692 2777
f 2694 2581 2531
f 2582 2583 2533
f 2533 2528 2582
f 2696 2534 2584
f 2584 2779 2696
f 2698 2696 2779
f 2779 2780 2698
f 2781 2782 2700
f 2700 2703 2781
f 2586 2781 2703
f 2703 2536 2586
f 2783 2587 2541
f 2541 2705 2783
f 2706 2783 2705
f 2588 2917 2706
f 2706 2543 2588
f 2591 2589 2542
f 2542 2548 2591
f 2707 2590 2547
f 2707 2709 2784
f 2784 2918 2707
f 2785 2786 2710
f 2710 2713 2785
f 2786 2592 2553
f 2553 2710 2786
f 2594 2787 2714
f 2714 2554 2594
f 2787 2788 2716
f 2716 2714 2787
f 2716 2595 2559
f 2596 2597 2561
f 2561 2556 2596
f 2718 2562 2598
f 2598 2789 2718
f 2720 2718 2789
f 2789 2790 2720
f 2791 2792 2776
f 2776 2775 2791
f 2792 2793 2578
f 2578 2776 2792
f 2919 2578 2793
f 2919 2794 2580
f 2580 2579 2919
f 2794 2795 2777
f 2777 2580 2794
f 2920 2777 2795
f 2920 2796 2581
f 2581 2778 2920
f 2796 2797 2582
f 2582 2581 2796
f 2583 2582 2797
f 2797 2798 2583
f 2584 2583 2798
f 2798 2799 2584
f 2926 2584 2799
f 2927 2781 2800
f 2801 2800 2781
f 2781 2586 2801
f 2802 2801 2586
f 2586 2585 2802
f 2802 2587 2803
f 2804 2803 2587
f 2587 2783 2804
f 2805 2804 2783
f 2783 2917 2805
f 2805 2588 2806
f 2807 2806 2588
f 2588 2589 2807
f 2589 2591 2808
f 2808 2807 2589
f 2591 2590 2809
f 2809 2808 2591
f 2590 2918 2810
f 2810 2809 2590
f 2811 2812 2786
f 2786 2785 2811
f 2812 2813 2592
f 2592 2786 2812
f 2921 2592 2813
f 2921 2814 2594
f 2594 2593 2921
f 2814 2815 2787
f 2787 2594 2814
f 2922 2787 2815
f 2922 2816 2595
f 2595 2788 2922
f 2816 2817 2596
f 2596 2595 2816
f 2597 2596 2817
f 2817 2818 2597
f 2598 2597 2818
f 2818 2819 2598
f 2928 2598 2819
f 2756 2820 2754
f 2820 2599 2567
f 2567 2754 2820
f 2601 2821 2757
f 2757 2568 2601
f 2821 2822 2759
f 2759 2757 2821
f 2759 2602 2573
f 2603 2604 2575
f 2575 2570 2603
f 2761 2576 2605
f 2605 2823 2761
f 2763 2761 2823
f 2823 2824 2763
f 2825 2826 2820
f 2820 2923 2825
f 2826 2827 2599
f 2599 2820 2826
f 2924 2599 2827
f 2924 2828 2601
f 2601 2600 2924
f 2828 2829 2821
f 2821 2601 2828
f 2925 2821 2829
f 2925 2830 2602
f 2602 2822 2925
f 2830 2831 2603
f 2603 2602 2830
f 2604 2603 2831
f 2831 2832 2604
f 2605 2604 2832
f 2832 2833 2605
f 2929 2605 2833
f 2834 2835 2836
f 2836 2837 2834
f 2835 2606 2609
f 2609 2836 2835
f 2610 2838 2839
f 2839 2611 2610
f 2838 2840 2841
f 2841 2839 2838
f 2840 2612 2615
f 2615 2841 2840
f 2613 2618 2617
f 2617 2614 2613
f 2842 2616 2619
f 2619 2843 2842
f 2844 2842 2843
f 2843 2845 2844
f 2846 2847 2848
f 2848 2849 2846
f 2620 2846 2849
f 2849 2621 2620
f 2850 2622 2623
f 2623 2851 2850
f 2852 2850 2851
f 2851 2853 2852
f 2624 2852 2853
f 2853 2625 2624
f 2631 2627 2626
f 2626 2628 2631
f 2629 2854 2855
f 2855 2630 2629
f 2854 2856 2857
f 2857 2855 2854
f 2858 2859 2860
f 2860 2861 2858
f 2859 2632 2635
f 2635 2860 2859
f 2636 2862 2863
f 2863 2637 2636
f 2862 2864 2865
f 2865 2863 2862
f 2864 2638 2641
f 2641 2865 2864
f 2639 2644 2643
f 2643 2640 2639
f 2866 2642 2645
f 2645 2867 2866
f 2868 2866 2867
f 2867 2869 2868
f 2723 2722 2835
f 2835 2834 2723
f 2722 2724 2606
f 2606 2835 2722
f 2724 2725 2607
f 2607 2606 2724
f 2725 2726 2610
f 2610 2607 2725
f 2726 2727 2838
f 2838 2610 2726
f 2910 2838 2727
f 2910 2728 2612
f 2612 2840 2910
f 2728 2729 2613
f 2613 2612 2728
f 2618 2613 2729
f 2729 2730 2618
f 2619 2618 2730
f 2730 2731 2619
f 2911 2619 2731
f 2732 2912 2847
f 2847 2846 2732
f 2733 2732 2846
f 2846 2620 2733
f 2734 2733 2620
f 2620 2906 2734
f 2735 2734 2906
f 2906 2622 2735
f 2736 2735 2622
f 2622 2850 2736
f 2737 2736 2850
f 2850 2852 2737
f 2737 2624 2738
f 2739 2738 2624
f 2624 2627 2739
f 2627 2631 2740
f 2740 2739 2627
f 2631 2630 2741
f 2741 2740 2631
f 2630 2855 2742
f 2742 2741 2630
f 2744 2743 2859
f 2859 2858 2744
f 2743 2745 2632
f 2632 2859 2743
f 2745 2746 2633
f 2633 2632 2745
f 2746 2747 2636
f 2636 2633 2746
f 2747 2748 2862
f 2862 2636 2747
f 2748 2749 2864
f 2864 2862 2748
f 2749 2750 2638
f 2638 2864 2749
f 2750 2751 2639
f 2639 2638 2750
f 2644 2639 2751
f 2751 2752 2644
f 2645 2644 2752
f 2752 2753 2645
f 2913 2645 2753
f 2870 2871 2872
f 2872 2873 2870
f 2871 2646 2649
f 2649 2872 2871
f 2650 2874 2875
f 2875 2651 2650
f 2874 2876 2877
f 2877 2875 2874
f 2876 2652 2655
f 2655 2877 2876
f 2653 2658 2657
f 2657 2654 2653
f 2878 2656 2659
f 2659 2879 2878
f 2880 2878 2879
f 2879 2881 2880
f 2766 2765 2871
f 2871 2870 2766
f 2765 2767 2646
f 2646 2871 2765
f 2767 2768 2647
f 2647 2646 2767
f 2768 2769 2650
f 2650 2647 2768
f 2769 2770 2874
f 2874 2650 2769
f 2915 2874 2770
f 2915 2771 2652
f 2652 2876 2915
f 2771 2772 2653
f 2653 2652 2771
f 2658 2653 2772
f 2772 2773 2658
f 2659 2658 2773
f 2773 2774 2659
f 2916 2659 2774
f 2836 2882 2883
f 2883 2837 2836
f 2609 2661 2882
f 2882 2836 2609
f 2839 2884 2662
f 2662 2611 2839
f 2841 2885 2884
f 2884 2839 2841
f 2615 2664 2885
f 2885 2841 2615
f 2617 2665 2663
f 2663 2614 2617
f 2666 2616 2842
f 2842 2886 2666
f 2886 2842 2844
f 2844 2887 2886
f 2848 2888 2889
f 2889 2849 2848
f 2849 2889 2667
f 2667 2621 2849
f 2623 2669 2890
f 2890 2851 2623
f 2851 2890 2891
f 2891 2853 2851
f 2853 2891 2670
f 2670 2625 2853
f 2626 2671 2673
f 2673 2628 2626
f 2892 2854 2629
f 2629 2672 2892
f 2893 2856 2854
f 2854 2892 2893
f 2860 2894 2895
f 2895 2861 2860
f 2635 2675 2894
f 2894 2860 2635
f 2863 2896 2676
f 2676 2637 2863
f 2865 2897 2896
f 2896 2863 2865
f 2641 2678 2897
f 2897 2865 2641
f 2643 2679 2677
f 2677 2640 2643
f 2680 2642 2866
f 2866 2898 2680
f 2898 2866 2868
f 2868 2899 2898
f 2882 2792 2791
f 2791 2883 2882
f 2661 2793 2792
f 2792 2882 2661
f 2793 2661 2919
f 2662 2794 2919
f 2919 2660 2662
f 2884 2795 2794
f 2794 2662 2884
f 2795 2884 2920
f 2664 2796 2920
f 2920 2885 2664
f 2663 2797 2796
f 2796 2664 2663
f 2797 2663 2665
f 2665 2798 2797
f 2798 2665 2666
f 2666 2799 2798
f 2799 2666 2926
f 2800 2889 2927
f 2889 2800 2801
f 2801 2667 2889
f 2667 2801 2802
f 2802 2907 2667
f 2907 2802 2803
f 2803 2669 2907
f 2669 2803 2804
f 2804 2890 2669
f 2890 2804 2805
f 2805 2891 2890
f 2806 2670 2805
f 2670 2806 2807
f 2807 2671 2670
f 2808 2673 2671
f 2671 2807 2808
f 2809 2672 2673
f 2673 2808 2809
f 2810 2892 2672
f 2672 2809 2810
f 2894 2812 2811
f 2811 2895 2894
f 2675 2813 2812
f 2812 2894 2675
f 2813 2675 2921
f 2676 2814 2921
f 2921 2674 2676
f 2896 2815 2814
f 2814 2676 2896
f 2815 2896 2922
f 2678 2816 2922
f 2922 2897 2678
f 2677 2817 2816
f 2816 2678 2677
f 2817 2677 2679
f 2679 2818 2817
f 2818 2679 2680
f 2680 2819 2818
f 2819 2680 2928
f 2872 2900 2901
f 2901 2873 2872
f 2649 2682 2900
f 2900 2872 2649
f 2875 2902 2683
f 2683 2651 2875
f 2877 2903 2902
f 2902 2875 2877
f 2655 2685 2903
f 2903 2877 2655
f 2657 2686 2684
f 2684 2654 2657
f 2687 2656 2878
f 2878 2904 2687
f 2904 2878 2880
f 2880 2905 2904
f 2900 2826 2825
f 2825 2901 2900
f 2682 2827 2826
f 2826 2900 2682
f 2827 2682 2924
f 2683 2828 2924
f 2924 2681 2683
f 2902 2829 2828
f 2828 2683 2902
f 2829 2902 2925
f 2685 2830 2925
f 2925 2903 2685
f 2684 2831 2830
f 2830 2685 2684
f 2831 2684 2686
f 2686 2832 2831
f 2832 2686 2687
f 2687 2833 2832
f 2833 2687 2929
f 2933 2931 2930
f 2933 2930 2932
f 2931 2932 2930
f 2931 2933 2932
f 2937 2935 2934
f 2937 2934 2936
f 2935 2936 2934
f 2935 2937 2936
f 2939 2940 2938
f 2941 2939 2938
f 2939 2941 2940
f 2941 2938 2940
f 2943 2944 2942
f 2945 2943 2942
f 2943 2945 2944
f 2945 2942 2944
f 2947 2948 2946
f 2949 2947 2946
f 2947 2949 2948
f 2949 2946 2948
f 2951 2952 2950
f 2953 2951 2950
f 2951 2953 2952
f 2953 2950 2952
f 2957 2955 2954
f 2957 2954 2956
f 2955 2956 2954
f 2955 2957 2956
f 2961 2959 2958
f 2961 2958 2960
f 2959 2960 2958
f 2959 2961 2960
f 2965 2963 2962
f 2965 2962 2964
f 2963 2964 2962
f 2963 2965 2964
f 2969 2968 2967
f 2968 2969 2966
f 2968 2966 2967
f 2969 2967 2966
f 2971 2972 2970
f 2973 2971 2970
f 2971 2973 2972
f 2973 2970 2972
f 2976 2974 2975
f 2977 2975 2974
f 2976 2977 2974
f 2977 2976 2975
f 2980 2981 2979
f 2979 2978 2980
f 2982 2983 2981
f 2981 2980 2982
f 2983 2982 2984
f 2987 2988 2986
f 2986 2985 2987
f 2989 2990 2988
f 2988 2987 2989
f 2991 2992 2990
f 2990 2989 2991
f 2992 2991 2993
f 2995 2993 2994
f 2995 2994 2996
f 2998 2999 2997
f 3000 3001 2999
f 2999 2998 3000
f 3002 3003 3001
f 3001 3000 3002
f 3005 3006 3004
f 3007 3008 3006
f 3006 3005 3007
f 3009 3010 3008
f 3008 3007 3009
f 3011 3012 3010
f 3010 3009 3011
f 3015 3014 3013
f 3015 2996 3014
f 2979 3000 2998
f 2998 2978 2979
f 2981 3002 3000
f 3000 2979 2981
f 2983 3003 3002
f 3002 2981 2983
f 2986 3007 3005
f 3005 2985 2986
f 2988 3009 3007
f 3007 2986 2988
f 2990 3011 3009
f 3009 2988 2990
f 2992 3012 3011
f 3011 2990 2992
f 2995 3015 3013
f 3013 2993 2995
f 3015 2995 2996
f 3018 3019 3017
f 3017 3016 3018
f 3020 3021 3019
f 3019 3018 3020
f 3021 3020 3022
f 3025 3026 3024
f 3024 3023 3025
f 3027 3028 3026
f 3026 3025 3027
f 3029 3030 3028
f 3028 3027 3029
f 3030 3029 3031
f 3033 3031 3032
f 3033 3032 3034
f 3036 3037 3035
f 3038 3039 3037
f 3037 3036 3038
f 3040 3041 3039
f 3039 3038 3040
f 3043 3044 3042
f 3045 3046 3044
f 3044 3043 3045
f 3047 3048 3046
f 3046 3045 3047
f 3049 3050 3048
f 3048 3047 3049
f 3053 3052 3051
f 3053 3034 3052
f 3017 3038 3036
f 3036 3016 3017
f 3019 3040 3038
f 3038 3017 3019
f 3021 3041 3040
f 3040 3019 3021
f 3024 3045 3043
f 3043 3023 3024
f 3026 3047 3045
f 3045 3024 3026
f 3028 3049 3047
f 3047 3026 3028
f 3030 3050 3049
f 3049 3028 3030
f 3033 3053 3051
f 3051 3031 3033
f 3053 3033 3034
f 3054 3056 3057
f 3057 3055 3054
f 3056 3058 3059
f 3059 3057 3056
f 3060 3059 3058
f 3061 3063 3064
f 3064 3062 3061
f 3063 3065 3066
f 3066 3064 3063
f 3065 3067 3068
f 3068 3066 3065
f 3070 3068 3067
f 3071 3070 3069
f 3091 3071 3069
f 3072 3073 3074
f 3073 3075 3076
f 3076 3074 3073
f 3075 3077 3078
f 3078 3076 3075
f 3079 3080 3081
f 3080 3082 3083
f 3083 3081 3080
f 3082 3084 3085
f 3085 3083 3082
f 3084 3086 3087
f 3087 3085 3084
f 3088 3089 3090
f 3089 3091 3090
f 3074 3076 3054
f 3054 3055 3074
f 3076 3078 3056
f 3056 3054 3076
f 3078 3077 3058
f 3058 3056 3078
f 3081 3083 3061
f 3061 3062 3081
f 3083 3085 3063
f 3063 3061 3083
f 3085 3087 3065
f 3065 3063 3085
f 3087 3086 3067
f 3067 3065 3087
f 3088 3090 3069
f 3069 3070 3088
f 3091 3069 3090
f 3092 3094 3095
f 3095 3093 3092
f 3094 3096 3097
f 3097 3095 3094
f 3098 3097 3096
f 3099 3101 3102
f 3102 3100 3099
f 3101 3103 3104
f 3104 3102 3101
f 3103 3105 3106
f 3106 3104 3103
f 3108 3106 3105
f 3109 3108 3107
f 3129 3109 3107
f 3110 3111 3112
f 3111 3113 3114
f 3114 3112 3111
f 3113 3115 3116
f 3116 3114 3113
f 3117 3118 3119
f 3118 3120 3121
f 3121 3119 3118
f 3120 3122 3123
f 3123 3121 3120
f 3122 3124 3125
f 3125 3123 3122
f 3126 3127 3128
f 3127 3129 3128
f 3112 3114 3092
f 3092 3093 3112
f 3114 3116 3094
f 3094 3092 3114
f 3116 3115 3096
f 3096 3094 3116
f 3119 3121 3099
f 3099 3100 3119
f 3121 3123 3101
f 3101 3099 3121
f 3123 3125 3103
f 3103 3101 3123
f 3125 3124 3105
f 3105 3103 3125
f 3126 3128 3107
f 3107 3108 3126
f 3129 3107 3128
f 3130 3132 3133
f 3133 3131 3130
f 3132 3134 3135
f 3135 3133 3132
f 3136 3135 3134
f 3137 3139 3140
f 3140 3138 3137
f 3139 3141 3142
f 3142 3140 3139
f 3141 3143 3144
f 3144 3142 3141
f 3146 3144 3143
f 3147 3146 3145
f 3167 3147 3145
f 3148 3149 3150
f 3149 3151 3152
f 3152 3150 3149
f 3151 3153 3154
f 3154 3152 3151
f 3155 3156 3157
f 3156 3158 3159
f 3159 3157 3156
f 3158 3160 3161
f 3161 3159 3158
f 3160 3162 3163
f 3163 3161 3160
f 3164 3165 3166
f 3165 3167 3166
f 3150 3152 3130
f 3130 3131 3150
f 3152 3154 3132
f 3132 3130 3152
f 3154 3153 3134
f 3134 3132 3154
f 3157 3159 3137
f 3137 3138 3157
f 3159 3161 3139
f 3139 3137 3159
f 3161 3163 3141
f 3141 3139 3161
f 3163 3162 3143
f 3143 3141 3163
f 3164 3166 3145
f 3145 3146 3164
f 3167 3145 3166
f 3168 3170 3171
f 3171 3169 3168
f 3170 3172 3173
f 3173 3171 3170
f 3174 3173 3172
f 3175 3177 3178
f 3178 3176 3175
f 3177 3179 3180
f 3180 3178 3177
f 3179 3181 3182
f 3182 3180 3179
f 3184 3182 3181
f 3185 3184 3183
f 3205 3185 3183
f 3186 3187 3188
f 3187 3189 3190
f 3190 3188 3187
f 3189 3191 3192
f 3192 3190 3189
f 3193 3194 3195
f 3194 3196 3197
f 3197 3195 3194
f 3196 3198 3199
f 3199 3197 3196
f 3198 3200 3201
f 3201 3199 3198
f 3202 3203 3204
f 3203 3205 3204
f 3188 3190 3168
f 3168 3169 3188
f 3190 3192 3170
f 3170 3168 3190
f 3192 3191 3172
f 3172 3170 3192
f 3195 3197 3175
f 3175 3176 3195
f 3197 3199 3177
f 3177 3175 3197
f 3199 3201 3179
f 3179 3177 3199
f 3201 3200 3181
f 3181 3179 3201
f 3202 3204 3183
f 3183 3184 3202
f 3205 3183 3204
f 3208 3209 3207
f 3207 3206 3208
f 3210 3211 3209
f 3209 3208 3210
f 3211 3210 3212
f 3215 3216 3214
f 3214 3213 3215
f 3217 3218 3216
f 3216 3215 3217
f 3219 3220 3218
f 3218 3217 3219
f 3220 3219 3221
f 3223 3221 3222
f 3223 3222 3224
f 3226 3227 3225
f 3228 3229 3227
f 3227 3226 3228
f 3230 3231 3229
f 3229 3228 3230
f 3233 3234 3232
f 3235 3236 3234
f 3234 3233 3235
f 3237 3238 3236
f 3236 3235 3237
f 3239 3240 3238
f 3238 3237 3239
f 3243 3242 3241
f 3243 3224 3242
f 3207 3228 3226
f 3226 3206 3207
f 3209 3230 3228
f 3228 3207 3209
f 3211 3231 3230
f 3230 3209 3211
f 3214 3235 3233
f 3233 3213 3214
f 3216 3237 3235
f 3235 3214 3216
f 3218 3239 3237
f 3237 3216 3218
f 3220 3240 3239
f 3239 3218 3220
f 3223 3243 3241
f 3241 3221 3223
f 3243 3223 3224
f 3246 3247 3245
f 3245 3244 3246
f 3248 3249 3247
f 3247 3246 3248
f 3249 3248 3250
f 3253 3254 3252
f 3252 3251 3253
f 3255 3256 3254
f 3254 3253 3255
f 3257 3258 3256
f 3256 3255 3257
f 3258 3257 3259
f 3261 3259 3260
f 3261 3260 3262
f 3264 3265 3263
f 3266 3267 3265
f 3265 3264 3266
f 3268 3269 3267
f 3267 3266 3268
f 3271 3272 3270
f 3273 3274 3272
f 3272 3271 3273
f 3275 3276 3274
f 3274 3273 3275
f 3277 3278 3276
f 3276 3275 3277
f 3281 3280 3279
f 3281 3262 3280
f 3245 3266 3264
f 3264 3244 3245
f 3247 3268 3266
f 3266 3245 3247
f 3249 3269 3268
f 3268 3247 3249
f 3252 3273 3271
f 3271 3251 3252
f 3254 3275 3273
f 3273 3252 3254
f 3256 3277 3275
f 3275 3254 3256
f 3258 3278 3277
f 3277 3256 3258
f 3261 3281 3279
f 3279 3259 3261
f 3281 3261 3262
f 3284 3285 3283
f 3283 3282 3284
f 3286 3287 3285
f 3285 3284 3286
f 3287 3286 3333
f 3334 3290 3289
f 3289 3288 3334
f 3335 3291 3290
f 3290 3334 3335
f 3336 3292 3291
f 3291 3335 3336
f 3292 3336 3337
f 3293 3337 3338
f 3293 3338 3339
f 3295 3296 3294
f 3297 3298 3296
f 3296 3295 3297
f 3299 3300 3298
f 3298 3297 3299
f 3301 3341 3340
f 3302 3342 3341
f 3341 3301 3302
f 3303 3343 3342
f 3342 3302 3303
f 3304 3305 3343
f 3343 3303 3304
f 3306 3345 3344
f 3306 3339 3345
f 3283 3297 3295
f 3295 3282 3283
f 3285 3299 3297
f 3297 3283 3285
f 3287 3300 3299
f 3299 3285 3287
f 3289 3302 3301
f 3301 3288 3289
f 3290 3303 3302
f 3302 3289 3290
f 3291 3304 3303
f 3303 3290 3291
f 3292 3305 3304
f 3304 3291 3292
f 3293 3306 3344
f 3344 3337 3293
f 3306 3293 3339
f 3307 3309 3310
f 3310 3308 3307
f 3309 3311 3312
f 3312 3310 3309
f 3313 3312 3311
f 3314 3315 3347
f 3347 3346 3314
f 3315 3316 3348
f 3348 3347 3315
f 3316 3317 3349
f 3349 3348 3316
f 3350 3349 3317
f 3351 3350 3318
f 3357 3351 3318
f 3319 3320 3321
f 3320 3322 3323
f 3323 3321 3320
f 3322 3324 3325
f 3325 3323 3322
f 3326 3352 3327
f 3352 3353 3328
f 3328 3327 3352
f 3353 3354 3329
f 3329 3328 3353
f 3354 3355 3330
f 3330 3329 3354
f 3331 3356 3332
f 3356 3357 3332
f 3321 3323 3307
f 3307 3308 3321
f 3323 3325 3309
f 3309 3307 3323
f 3325 3324 3311
f 3311 3309 3325
f 3327 3328 3314
f 3314 3346 3327
f 3328 3329 3315
f 3315 3314 3328
f 3329 3330 3316
f 3316 3315 3329
f 3330 3355 3317
f 3317 3316 3330
f 3331 3332 3318
f 3318 3350 3331
f 3357 3318 3332
f 3359 3381 3358
f 3360 3361 3362
f 3362 3363 3360
f 3364 3374 3365
f 3365 3366 3364
f 3367 3368 3369
f 3369 3370 3367
f 3371 3381 3359
f 3358 3360 3363
f 3363 3359 3358
f 3361 3372 3373
f 3373 3362 3361
f 3375 3373 3372
f 3372 3374 3375
f 3364 3375 3374
f 3370 3366 3365
f 3365 3367 3370
f 3376 3369 3368
f 3368 3377 3376
f 3377 3378 3379
f 3379 3376 3377
f 3380 3381 3371
f 3371 3382 3380
f 3383 3384 3385
f 3385 3386 3383
f 3387 3388 3389
f 3389 3390 3387
f 3391 3392 3393
f 3393 3394 3391
f 3382 3383 3386
f 3386 3380 3382
f 3384 3395 3396
f 3396 3385 3384
f 3395 3398 3396
f 3398 3395 3397
f 3399 3398 3397
f 3399 3397 3389
f 3389 3388 3399
f 3390 3393 3392
f 3392 3387 3390
f 3400 3391 3394
f 3379 3378 3400
f 3400 3394 3379
f 3360 3358 3380
f 3380 3386 3360
f 3385 3396 3372
f 3372 3361 3385
f 3365 3374 3399
f 3399 3388 3365
f 3377 3368 3392
f 3392 3391 3377
f 3381 3380 3358
f 3385 3361 3360
f 3360 3386 3385
f 3374 3372 3396
f 3396 3398 3374
f 3398 3399 3374
f 3367 3365 3388
f 3388 3387 3367
f 3368 3367 3387
f 3387 3392 3368
f 3378 3377 3391
f 3391 3400 3378
f 3402 3424 3401
f 3403 3404 3405
f 3405 3406 3403
f 3407 3417 3408
f 3408 3409 3407
f 3410 3411 3412
f 3412 3413 3410
f 3414 3424 3402
f 3401 3403 3406
f 3406 3402 3401
f 3404 3415 3416
f 3416 3405 3404
f 3418 3416 3415
f 3415 3417 3418
f 3407 3418 3417
f 3413 3409 3408
f 3408 3410 3413
f 3419 3412 3411
f 3411 3420 3419
f 3420 3421 3422
f 3422 3419 3420
f 3423 3424 3414
f 3414 3425 3423
f 3426 3427 3428
f 3428 3429 3426
f 3430 3431 3432
f 3432 3433 3430
f 3434 3435 3436
f 3436 3437 3434
f 3425 3426 3429
f 3429 3423 3425
f 3427 3438 3439
f 3439 3428 3427
f 3438 3441 3439
f 3441 3438 3440
f 3442 3441 3440
f 3442 3440 3432
f 3432 3431 3442
f 3433 3436 3435
f 3435 3430 3433
f 3443 3434 3437
f 3422 3421 3443
f 3443 3437 3422
f 3403 3401 3423
f 3423 3429 3403
f 3428 3439 3415
f 3415 3404 3428
f 3408 3417 3442
f 3442 3431 3408
f 3420 3411 3435
f 3435 3434 3420
f 3424 3423 3401
f 3428 3404 3403
f 3403 3429 3428
f 3417 3415 3439
f 3439 3441 3417
f 3441 3442 3417
f 3410 3408 3431
f 3431 3430 3410
f 3411 3410 3430
f 3430 3435 3411
f 3421 3420 3434
f 3434 3443 3421
f 3444 3445 3446
f 3447 3448 3449
f 3449 3450 3447
f 3451 3452 3453
f 3453 3454 3451
f 3455 3456 3457
f 3457 3458 3455
f 3446 3445 3466
f 3450 3449 3444
f 3444 3446 3450
f 3459 3460 3448
f 3448 3447 3459
f 3460 3459 3461
f 3461 3452 3460
f 3452 3461 3453
f 3451 3454 3458
f 3458 3457 3451
f 3456 3455 3462
f 3462 3463 3456
f 3464 3465 3463
f 3463 3462 3464
f 3466 3445 3467
f 3467 3468 3466
f 3469 3470 3471
f 3471 3472 3469
f 3473 3474 3475
f 3475 3476 3473
f 3477 3478 3479
f 3479 3486 3477
f 3472 3471 3468
f 3468 3467 3472
f 3480 3481 3470
f 3470 3469 3480
f 3480 3482 3481
f 3484 3481 3482
f 3484 3482 3483
f 3473 3484 3483
f 3483 3474 3473
f 3478 3477 3476
f 3476 3475 3478
f 3486 3479 3485
f 3485 3465 3464
f 3464 3486 3485
f 3467 3444 3449
f 3449 3472 3467
f 3460 3480 3469
f 3469 3448 3460
f 3483 3452 3451
f 3451 3474 3483
f 3478 3456 3463
f 3463 3479 3478
f 3444 3467 3445
f 3449 3448 3469
f 3469 3472 3449
f 3480 3460 3452
f 3452 3482 3480
f 3452 3483 3482
f 3474 3451 3457
f 3457 3475 3474
f 3475 3457 3456
f 3456 3478 3475
f 3479 3463 3465
f 3465 3485 3479
f 3487 3488 3489
f 3490 3491 3492
f 3492 3493 3490
f 3494 3495 3496
f 3496 3497 3494
f 3498 3499 3500
f 3500 3501 3498
f 3489 3488 3509
f 3493 3492 3487
f 3487 3489 3493
f 3502 3503 3491
f 3491 3490 3502
f 3503 3502 3504
f 3504 3495 3503
f 3495 3504 3496
f 3494 3497 3501
f 3501 3500 3494
f 3499 3498 3505
f 3505 3506 3499
f 3507 3508 3506
f 3506 3505 3507
f 3509 3488 3510
f 3510 3511 3509
f 3512 3513 3514
f 3514 3515 3512
f 3516 3517 3518
f 3518 3519 3516
f 3520 3521 3522
f 3522 3529 3520
f 3515 3514 3511
f 3511 3510 3515
f 3523 3524 3513
f 3513 3512 3523
f 3523 3525 3524
f 3527 3524 3525
f 3527 3525 3526
f 3516 3527 3526
f 3526 3517 3516
f 3521 3520 3519
f 3519 3518 3521
f 3529 3522 3528
f 3528 3508 3507
f 3507 3529 3528
f 3510 3487 3492
f 3492 3515 3510
f 3503 3523 3512
f 3512 3491 3503
f 3526 3495 3494
f 3494 3517 3526
f 3521 3499 3506
f 3506 3522 3521
f 3487 3510 3488
f 3492 3491 3512
f 3512 3515 3492
f 3523 3503 3495
f 3495 3525 3523
f 3495 3526 3525
f 3517 3494 3500
f 3500 3518 3517
f 3518 3500 3499
f 3499 3521 3518
f 3522 3506 3508
f 3508 3528 3522
f 3530 3531 3532
f 3533 3534 3535
f 3535 3536 3533
f 3537 3538 3539
f 3539 3540 3537
f 3541 3542 3543
f 3543 3544 3541
f 3532 3531 3552
f 3536 3535 3530
f 3530 3532 3536
f 3545 3546 3534
f 3534 3533 3545
f 3546 3545 3547
f 3547 3538 3546
f 3538 3547 3539
f 3537 3540 3544
f 3544 3543 3537
f 3542 3541 3548
f 3548 3549 3542
f 3550 3551 3549
f 3549 3548 3550
f 3552 3531 3553
f 3553 3554 3552
f 3555 3556 3557
f 3557 3558 3555
f 3559 3560 3561
f 3561 3562 3559
f 3563 3564 3565
f 3565 3572 3563
f 3558 3557 3554
f 3554 3553 3558
f 3566 3567 3556
f 3556 3555 3566
f 3566 3568 3567
f 3570 3567 3568
f 3570 3568 3569
f 3559 3570 3569
f 3569 3560 3559
f 3564 3563 3562
f 3562 3561 3564
f 3572 3565 3571
f 3571 3551 3550
f 3550 3572 3571
f 3553 3530 3535
f 3535 3558 3553
f 3546 3566 3555
f 3555 3534 3546
f 3569 3538 3537
f 3537 3560 3569
f 3564 3542 3549
f 3549 3565 3564
f 3530 3553 3531
f 3535 3534 3555
f 3555 3558 3535
f 3566 3546 3538
f 3538 3568 3566
f 3538 3569 3568
f 3560 3537 3543
f 3543 3561 3560
f 3561 3543 3542
f 3542 3564 3561
f 3565 3549 3551
f 3551 3571 3565
f 3573 3574 3575
f 3576 3577 3578
f 3578 3579 3576
f 3580 3581 3582
f 3582 3583 3580
f 3584 3585 3586
f 3586 3587 3584
f 3575 3574 3595
f 3579 3578 3573
f 3573 3575 3579
f 3588 3589 3577
f 3577 3576 3588
f 3589 3588 3590
f 3590 3581 3589
f 3581 3590 3582
f 3580 3583 3587
f 3587 3586 3580
f 3585 3584 3591
f 3591 3592 3585
f 3593 3594 3592
f 3592 3591 3593
f 3595 3574 3596
f 3596 3597 3595
f 3598 3599 3600
f 3600 3601 3598
f 3602 3603 3604
f 3604 3605 3602
f 3606 3607 3608
f 3608 3615 3606
f 3601 3600 3597
f 3597 3596 3601
f 3609 3610 3599
f 3599 3598 3609
f 3609 3611 3610
f 3613 3610 3611
f 3613 3611 3612
f 3602 3613 3612
f 3612 3603 3602
f 3607 3606 3605
f 3605 3604 3607
f 3615 3608 3614
f 3614 3594 3593
f 3593 3615 3614
f 3596 3573 3578
f 3578 3601 3596
f 3589 3609 3598
f 3598 3577 3589
f 3612 3581 3580
f 3580 3603 3612
f 3607 3585 3592
f 3592 3608 3607
f 3573 3596 3574
f 3578 3577 3598
f 3598 3601 3578
f 3609 3589 3581
f 3581 3611 3609
f 3581 3612 3611
f 3603 3580 3586
f 3586 3604 3603
f 3604 3586 3585
f 3585 3607 3604
f 3608 3592 3594
f 3594 3614 3608
f 3617 3639 3616
f 3618 3619 3620
f 3620 3621 3618
f 3622 3632 3623
f 3623 3624 3622
f 3625 3626 3627
f 3627 3628 3625
f 3629 3639 3617
f 3616 3618 3621
f 3621 3617 3616
f 3619 3630 3631
f 3631 3620 3619
f 3633 3631 3630
f 3630 3632 3633
f 3622 3633 3632
f 3628 3624 3623
f 3623 3625 3628
f 3634 3627 3626
f 3626 3635 3634
f 3635 3636 3637
f 3637 3634 3635
f 3638 3639 3629
f 3629 3640 3638
f 3641 3642 3643
f 3643 3644 3641
f 3645 3646 3647
f 3647 3648 3645
f 3649 3650 3651
f 3651 3652 3649
f 3640 3641 3644
f 3644 3638 3640
f 3642 3653 3654
f 3654 3643 3642
f 3653 3656 3654
f 3656 3653 3655
f 3657 3656 3655
f 3657 3655 3647
f 3647 3646 3657
f 3648 3651 3650
f 3650 3645 3648
f 3658 3649 3652
f 3637 3636 3658
f 3658 3652 3637
f 3618 3616 3638
f 3638 3644 3618
f 3643 3654 3630
f 3630 3619 3643
f 3623 3632 3657
f 3657 3646 3623
f 3635 3626 3650
f 3650 3649 3635
f 3639 3638 3616
f 3643 3619 3618
f 3618 3644 3643
f 3632 3630 3654
f 3654 3656 3632
f 3656 3657 3632
f 3625 3623 3646
f 3646 3645 3625
f 3626 3625 3645
f 3645 3650 3626
f 3636 3635 3649
f 3649 3658 3636
f 3660 3682 3659
f 3661 3662 3663
f 3663 3664 3661
f 3665 3675 3666
f 3666 3667 3665
f 3668 3669 3670
f 3670 3671 3668
f 3672 3682 3660
f 3659 3661 3664
f 3664 3660 3659
f 3662 3673 3674
f 3674 3663 3662
f 3676 3674 3673
f 3673 3675 3676
f 3665 3676 3675
f 3671 3667 3666
f 3666 3668 3671
f 3677 3670 3669
f 3669 3678 3677
f 3678 3679 3680
f 3680 3677 3678
f 3681 3682 3672
f 3672 3683 3681
f 3684 3685 3686
f 3686 3687 3684
f 3688 3689 3690
f 3690 3691 3688
f 3692 3693 3694
f 3694 3695 3692
f 3683 3684 3687
f 3687 3681 3683
f 3685 3696 3697
f 3697 3686 3685
f 3696 3699 3697
f 3699 3696 3698
f 3700 3699 3698
f 3700 3698 3690
f 3690 3689 3700
f 3691 3694 3693
f 3693 3688 3691
f 3701 3692 3695
f 3680 3679 3701
f 3701 3695 3680
f 3661 3659 3681
f 3681 3687 3661
f 3686 3697 3673
f 3673 3662 3686
f 3666 3675 3700
f 3700 3689 3666
f 3678 3669 3693
f 3693 3692 3678
f 3682 3681 3659
f 3686 3662 3661
f 3661 3687 3686
f 3675 3673 3697
f 3697 3699 3675
f 3699 3700 3675
f 3668 3666 3689
f 3689 3688 3668
f 3669 3668 3688
f 3688 3693 3669
f 3679 3678 3692
f 3692 3701 3679
f 3773 3702 3704
f 3704 3703 3773
f 3705 3706 3704
f 3704 3702 3705
f 3707 3708 3850
f 3850 3873 3707
f 3850 3709 3710
f 3710 3873 3850
f 3711 3712 3738
f 3738 3757 3711
f 3738 3713 3714
f 3714 3757 3738
f 3809 3715 3717
f 3717 3716 3809
f 3718 3719 3717
f 3717 3715 3718
f 3720 3721 3722
f 3722 3723 3720
f 3721 3734 3724
f 3724 3722 3721
f 3725 3726 3727
f 3727 3728 3725
f 3729 3730 3731
f 3731 3732 3729
f 3876 3733 3734
f 3734 3735 3876
f 3735 3720 3723
f 3723 3876 3735
f 3734 3726 3724
f 3734 3727 3726
f 3730 3725 3728
f 3728 3731 3730
f 3729 3732 3736
f 3736 3711 3729
f 3736 3712 3711
f 3720 3735 3734
f 3734 3721 3720
f 3727 3734 3737
f 3737 3738 3728
f 3728 3727 3737
f 3731 3728 3738
f 3732 3731 3738
f 3738 3736 3732
f 3712 3736 3738
f 3753 3740 3739
f 3741 3742 3743
f 3743 3744 3741
f 3747 3748 3749
f 3749 3750 3747
f 3740 3753 3877
f 3877 3878 3740
f 3746 3742 3879
f 3879 3880 3746
f 3751 3746 3881
f 3881 3882 3751
f 3749 3752 3883
f 3883 3884 3749
f 3741 3744 3739
f 3739 3740 3741
f 3745 3743 3742
f 3742 3746 3745
f 3754 3745 3746
f 3752 3749 3748
f 3748 3755 3752
f 3713 3747 3750
f 3750 3714 3713
f 3753 3739 3734
f 3739 3744 3734
f 3744 3743 3734
f 3745 3737 3734
f 3734 3743 3745
f 3745 3754 3737
f 3756 3738 3737
f 3737 3754 3756
f 3738 3756 3755
f 3755 3748 3738
f 3738 3748 3747
f 3747 3713 3738
f 3733 3877 3753
f 3742 3741 3885
f 3885 3879 3742
f 3880 3881 3746
f 3752 3751 3882
f 3882 3883 3752
f 3750 3749 3884
f 3884 3757 3750
f 3714 3750 3757
f 3741 3740 3878
f 3878 3885 3741
f 3733 3753 3734
f 3754 3746 3751
f 3751 3756 3754
f 3756 3751 3752
f 3752 3755 3756
f 3758 3759 3760
f 3760 3761 3758
f 3762 3771 3759
f 3759 3758 3762
f 3763 3887 3764
f 3764 3765 3763
f 3766 3767 3768
f 3768 3769 3766
f 3771 3793 3886
f 3886 3770 3771
f 3761 3760 3770
f 3770 3886 3761
f 3762 3887 3771
f 3887 3763 3771
f 3765 3764 3767
f 3767 3766 3765
f 3772 3769 3768
f 3768 3773 3772
f 3773 3703 3772
f 3771 3770 3760
f 3760 3759 3771
f 3774 3771 3763
f 3765 3704 3774
f 3774 3763 3765
f 3704 3765 3766
f 3704 3766 3769
f 3769 3772 3704
f 3704 3772 3703
f 3776 3777 3775
f 3778 3779 3780
f 3780 3781 3778
f 3783 3784 3785
f 3785 3786 3783
f 3888 3775 3777
f 3777 3889 3888
f 3890 3779 3787
f 3787 3896 3890
f 3891 3787 3788
f 3788 3892 3891
f 3893 3789 3783
f 3783 3894 3893
f 3776 3781 3780
f 3780 3777 3776
f 3779 3778 3782
f 3782 3787 3779
f 3787 3782 3790
f 3784 3783 3789
f 3789 3791 3784
f 3786 3785 3706
f 3706 3705 3786
f 3771 3776 3775
f 3771 3781 3776
f 3771 3778 3781
f 3771 3774 3782
f 3782 3778 3771
f 3774 3790 3782
f 3774 3704 3792
f 3792 3790 3774
f 3791 3792 3704
f 3704 3784 3791
f 3785 3784 3704
f 3704 3706 3785
f 3775 3888 3793
f 3895 3780 3779
f 3779 3890 3895
f 3787 3891 3896
f 3892 3788 3789
f 3789 3893 3892
f 3894 3783 3786
f 3786 3702 3894
f 3702 3786 3705
f 3889 3777 3780
f 3780 3895 3889
f 3771 3775 3793
f 3788 3787 3790
f 3790 3792 3788
f 3789 3788 3792
f 3792 3791 3789
f 3794 3795 3796
f 3796 3797 3794
f 3798 3807 3795
f 3795 3794 3798
f 3799 3898 3800
f 3800 3801 3799
f 3802 3803 3804
f 3804 3805 3802
f 3807 3829 3897
f 3897 3806 3807
f 3797 3796 3806
f 3806 3897 3797
f 3798 3898 3807
f 3898 3799 3807
f 3801 3800 3803
f 3803 3802 3801
f 3808 3805 3804
f 3804 3809 3808
f 3809 3716 3808
f 3807 3806 3796
f 3796 3795 3807
f 3810 3807 3799
f 3801 3717 3810
f 3810 3799 3801
f 3717 3801 3802
f 3717 3802 3805
f 3805 3808 3717
f 3717 3808 3716
f 3812 3813 3811
f 3814 3815 3816
f 3816 3817 3814
f 3819 3820 3821
f 3821 3822 3819
f 3899 3811 3813
f 3813 3900 3899
f 3901 3815 3823
f 3823 3907 3901
f 3902 3823 3824
f 3824 3903 3902
f 3904 3825 3819
f 3819 3905 3904
f 3812 3817 3816
f 3816 3813 3812
f 3815 3814 3818
f 3818 3823 3815
f 3823 3818 3826
f 3820 3819 3825
f 3825 3827 3820
f 3822 3821 3719
f 3719 3718 3822
f 3807 3812 3811
f 3807 3817 3812
f 3807 3814 3817
f 3807 3810 3818
f 3818 3814 3807
f 3810 3826 3818
f 3810 3717 3828
f 3828 3826 3810
f 3827 3828 3717
f 3717 3820 3827
f 3821 3820 3717
f 3717 3719 3821
f 3811 3899 3829
f 3906 3816 3815
f 3815 3901 3906
f 3823 3902 3907
f 3903 3824 3825
f 3825 3904 3903
f 3905 3819 3822
f 3822 3715 3905
f 3715 3822 3718
f 3900 3813 3816
f 3816 3906 3900
f 3807 3811 3829
f 3824 3823 3826
f 3826 3828 3824
f 3825 3824 3828
f 3828 3827 3825
f 3830 3831 3832
f 3832 3833 3830
f 3831 3834 3835
f 3835 3832 3831
f 3836 3837 3838
f 3838 3839 3836
f 3840 3841 3842
f 3842 3843 3840
f 3908 3844 3845
f 3845 3846 3908
f 3846 3830 3833
f 3833 3908 3846
f 3834 3837 3835
f 3834 3838 3837
f 3841 3836 3839
f 3839 3842 3841
f 3840 3843 3847
f 3847 3707 3840
f 3847 3708 3707
f 3846 3845 3848
f 3830 3846 3848
f 3848 3831 3830
f 3848 3834 3831
f 3848 3849 3834
f 3838 3834 3849
f 3849 3850 3839
f 3839 3838 3849
f 3842 3839 3850
f 3843 3842 3850
f 3850 3847 3843
f 3708 3847 3850
f 3851 3852 3853
f 3853 3854 3851
f 3855 3856 3857
f 3857 3858 3855
f 3861 3862 3863
f 3863 3864 3861
f 3854 3853 3909
f 3909 3910 3854
f 3860 3856 3911
f 3911 3912 3860
f 3865 3860 3913
f 3913 3914 3865
f 3863 3866 3915
f 3915 3916 3863
f 3852 3867 3868
f 3868 3853 3852
f 3855 3858 3851
f 3851 3854 3855
f 3859 3857 3856
f 3856 3860 3859
f 3869 3859 3860
f 3866 3863 3862
f 3862 3870 3866
f 3709 3861 3864
f 3864 3710 3709
f 3848 3867 3852
f 3852 3851 3848
f 3851 3858 3848
f 3858 3857 3848
f 3859 3849 3848
f 3848 3857 3859
f 3859 3869 3849
f 3871 3850 3849
f 3849 3869 3871
f 3850 3871 3870
f 3870 3862 3850
f 3850 3862 3861
f 3861 3709 3850
f 3853 3868 3872
f 3872 3909 3853
f 3856 3855 3917
f 3917 3911 3856
f 3912 3913 3860
f 3866 3865 3914
f 3914 3915 3866
f 3864 3863 3916
f 3916 3873 3864
f 3710 3864 3873
f 3855 3854 3910
f 3910 3917 3855
f 3874 3848 3845
f 3845 3844 3874
f 3875 3868 3867
f 3874 3875 3867
f 3867 3848 3874
f 3918 3872 3868
f 3869 3860 3865
f 3865 3871 3869
f 3871 3865 3866
f 3866 3870 3871
f 4283 4284 3931
f 4081 4283 3932
f 3919 4283 4056
f 4082 4283 3919
f 4296 4283 4082
f 4283 3920 4056
f 4283 4081 3920
f 3923 3921 3924
f 3921 3922 3924
f 3931 4283 3932
f 4296 3919 4082
f 4285 4286 3933
f 4061 4285 3934
f 3925 4285 4096
f 4097 4285 3925
f 4297 4285 4097
f 4285 3926 4096
f 4285 4061 3926
f 3929 3927 3930
f 3927 3928 3930
f 3933 4285 3934
f 4297 3925 4097
f 3932 3931 4056
f 4081 3932 4056
f 3920 4081 4056
f 3934 3933 4061
f 4096 3926 4062
f 3926 4061 4062
f 4114 4298 3935
f 4298 3937 3935
f 3937 4115 3938
f 3937 4032 4115
f 3937 3939 4032
f 3937 3936 3939
f 3940 3942 3943
f 3941 3940 3943
f 3937 3935 3938
f 4032 3936 3939
f 4128 4299 3944
f 4299 3946 3944
f 3946 4129 3947
f 3946 4035 4129
f 3946 3948 4035
f 3946 3945 3948
f 3949 3951 3952
f 3950 3949 3952
f 3946 3944 3947
f 4035 3945 3948
f 4114 3935 3953
f 3935 3938 3953
f 3938 4115 3953
f 4128 3944 4067
f 3944 3947 4067
f 3947 4129 4067
f 4146 4300 3954
f 4300 3956 3954
f 3956 4147 3957
f 3956 4038 4147
f 3956 3958 4038
f 3956 3955 3958
f 3959 3961 3962
f 3960 3959 3962
f 3956 3954 3957
f 4038 3955 3958
f 4160 4301 3963
f 4301 3965 3963
f 3965 4161 3966
f 3965 4041 4161
f 3965 3967 4041
f 3965 3964 3967
f 3968 3970 3971
f 3969 3968 3971
f 3965 3963 3966
f 4041 3964 3967
f 4146 3954 3972
f 3954 3957 3972
f 3957 4147 3972
f 4160 3963 4072
f 3963 3966 4072
f 3966 4161 4072
f 4287 4288 3985
f 4178 4287 3986
f 3973 4287 4073
f 4179 4287 3973
f 4302 4287 4179
f 4287 3974 4073
f 4287 4178 3974
f 3977 3975 3978
f 3975 3976 3978
f 3985 4287 3986
f 4302 3973 4179
f 4289 4290 3987
f 4192 4289 3988
f 3979 4289 4078
f 4193 4289 3979
f 4303 4289 4193
f 4289 3980 4078
f 4289 4192 3980
f 3983 3981 3984
f 3981 3982 3984
f 3987 4289 3988
f 4303 3979 4193
f 3986 3985 4073
f 4178 3986 4073
f 3974 4178 4073
f 3988 3987 4078
f 4192 3988 4078
f 3980 4192 4078
f 4291 4292 3995
f 4210 4291 3996
f 3989 4291 4079
f 4211 4291 3989
f 4304 4291 4211
f 4291 3990 4079
f 4291 4210 3990
f 3993 3991 3994
f 3991 3992 3994
f 3995 4291 3996
f 4304 3989 4211
f 3996 3995 4079
f 4210 3996 4079
f 3990 4210 4079
f 4003 4293 4005
f 4305 3997 4006
f 4293 4050 4003
f 4007 4293 4005
f 3997 4293 4240
f 4006 4293 3997
f 4305 4293 4006
f 4293 3998 4240
f 4293 4007 3998
f 4001 3999 4002
f 3999 4000 4002
f 4005 4003 4004
f 4007 4005 4004
f 3998 4007 4240
f 4245 4306 4008
f 4306 4010 4008
f 4010 4246 4011
f 4010 4053 4246
f 4010 4012 4053
f 4010 4009 4012
f 4013 4015 4016
f 4014 4013 4016
f 4010 4008 4011
f 4053 4009 4012
f 4245 4008 4080
f 4008 4011 4080
f 4011 4246 4080
f 4018 4017 4019
f 4295 4294 4020
f 4264 4307 4017
f 4307 4018 4017
f 4018 4278 4019
f 4018 4295 4025
f 4018 4020 4295
f 4018 4294 4020
f 4278 4018 4025
f 4021 4023 4024
f 4022 4021 4024
f 4264 4017 4263
f 4017 4019 4263
f 4019 4278 4263
f 4278 4025 4277
f 4026 4081 3920
f 4026 3932 4081
f 4027 3931 3932
f 3932 4026 4027
f 4056 3919 3920
f 4027 4284 3931
f 4028 4061 3926
f 4028 3934 4061
f 4029 3933 3934
f 3934 4028 4029
f 4096 3925 3926
f 4029 4286 3933
f 4115 3938 4030
f 4031 4030 3938
f 3935 4114 4031
f 4031 3938 3935
f 4115 4030 4032
f 4129 3947 4033
f 4034 4033 3947
f 3944 4128 4034
f 4034 3947 3944
f 4129 4033 4035
f 4147 3957 4036
f 4037 4036 3957
f 3954 4146 4037
f 4037 3957 3954
f 4147 4036 4038
f 4161 3966 4039
f 4040 4039 3966
f 3963 4160 4040
f 4040 3966 3963
f 4161 4039 4041
f 4042 4178 3974
f 4042 3986 4178
f 4043 3985 3986
f 3986 4042 4043
f 4073 3973 3974
f 4043 4288 3985
f 4044 4192 3980
f 4044 3988 4192
f 4045 3987 3988
f 3988 4044 4045
f 4078 3979 3980
f 4045 4290 3987
f 4046 4210 3990
f 4046 3996 4210
f 4047 3995 3996
f 3996 4046 4047
f 4079 3989 3990
f 4047 4292 3995
f 4048 4003 4005
f 4005 4049 4048
f 4048 4050 4003
f 4049 4007 3998
f 4049 4005 4007
f 4240 3997 3998
f 4246 4011 4051
f 4052 4051 4011
f 4008 4245 4052
f 4052 4011 4008
f 4246 4051 4053
f 4017 4264 4054
f 4054 4019 4017
f 4278 4019 4055
f 4054 4055 4019
f 4295 4278 4055
f 4295 4025 4278
f 4057 4058 4059
f 4059 4060 4057
f 4063 4064 4065
f 4065 4066 4063
f 4068 4069 4070
f 4070 4071 4068
f 4074 4075 4076
f 4076 4077 4074
f 4284 4056 3931
f 4283 3931 3932
f 3919 4056 4082
f 4284 4296 4056
f 4082 4056 4296
f 4083 4284 4027
f 4027 4084 4083
f 4085 4086 4083
f 4083 4084 4085
f 4087 4088 4086
f 4086 4085 4087
f 4089 4088 4087
f 4087 4090 4089
f 3922 3921 4089
f 4089 4090 3922
f 3920 3919 4083
f 4083 4057 3920
f 4083 4086 4058
f 4058 4057 4083
f 4086 4088 4091
f 4091 4058 4086
f 4091 4088 4089
f 4089 4092 4091
f 4089 3921 3923
f 3923 4092 4089
f 4026 3920 4057
f 4057 4060 4026
f 4058 4091 4093
f 4093 4059 4058
f 4093 4091 4092
f 4092 4094 4093
f 4092 3923 3924
f 3924 4094 4092
f 4084 4027 4026
f 4026 4060 4084
f 4059 4085 4084
f 4084 4060 4059
f 4093 4087 4085
f 4085 4059 4093
f 4090 4087 4093
f 4093 4094 4090
f 3924 3922 4090
f 4090 4094 3924
f 4286 4095 3933
f 4061 4095 4286
f 3933 4095 4061
f 4285 3933 3934
f 4096 4062 4286
f 3925 4096 4097
f 4286 4297 4096
f 4097 4096 4297
f 4286 4062 4061
f 4098 4286 4029
f 4029 4099 4098
f 4100 4101 4098
f 4098 4099 4100
f 4102 4103 4101
f 4101 4100 4102
f 4104 4103 4102
f 4102 4105 4104
f 3928 3927 4104
f 4104 4105 3928
f 3926 3925 4098
f 4098 4106 3926
f 4098 4101 4107
f 4107 4106 4098
f 4101 4103 4108
f 4108 4107 4101
f 4108 4103 4104
f 4104 4109 4108
f 4104 3927 3929
f 3929 4109 4104
f 4028 3926 4106
f 4106 4110 4028
f 4106 4107 4111
f 4111 4110 4106
f 4107 4108 4112
f 4112 4111 4107
f 4112 4108 4109
f 4109 4113 4112
f 4109 3929 3930
f 3930 4113 4109
f 4099 4029 4028
f 4028 4110 4099
f 4111 4100 4099
f 4099 4110 4111
f 4112 4102 4100
f 4100 4111 4112
f 4105 4102 4112
f 4112 4113 4105
f 3930 3928 4105
f 4105 4113 3930
f 4114 3953 4298
f 3938 3935 3937
f 4298 3953 4115
f 3939 4115 4032
f 3939 3936 4298
f 4298 4115 3939
f 4114 4298 4116
f 4116 4117 4114
f 4116 4118 4119
f 4119 4117 4116
f 4118 4120 4121
f 4121 4119 4118
f 4121 4120 4122
f 4122 4123 4121
f 4122 3940 3941
f 3941 4123 4122
f 4116 4032 4030
f 4030 4065 4116
f 4064 4118 4116
f 4116 4065 4064
f 4124 4120 4118
f 4118 4064 4124
f 4122 4120 4124
f 4124 4125 4122
f 3942 3940 4122
f 4122 4125 3942
f 4065 4030 4031
f 4031 4066 4065
f 4126 4124 4064
f 4064 4063 4126
f 4125 4124 4126
f 4126 4127 4125
f 3943 3942 4125
f 4125 4127 3943
f 4031 4114 4117
f 4117 4066 4031
f 4117 4119 4063
f 4063 4066 4117
f 4119 4121 4126
f 4126 4063 4119
f 4126 4121 4123
f 4123 4127 4126
f 4123 3941 3943
f 3943 4127 4123
f 4128 4067 4299
f 3947 3944 3946
f 4299 4067 4129
f 3948 4129 4035
f 3948 3945 4299
f 4299 4129 3948
f 4128 4299 4130
f 4130 4131 4128
f 4130 4132 4133
f 4133 4131 4130
f 4132 4134 4135
f 4135 4133 4132
f 4135 4134 4136
f 4136 4137 4135
f 4136 3949 3950
f 3950 4137 4136
f 4130 4035 4033
f 4033 4138 4130
f 4139 4132 4130
f 4130 4138 4139
f 4140 4134 4132
f 4132 4139 4140
f 4136 4134 4140
f 4140 4141 4136
f 3951 3949 4136
f 4136 4141 3951
f 4138 4033 4034
f 4034 4142 4138
f 4143 4139 4138
f 4138 4142 4143
f 4144 4140 4139
f 4139 4143 4144
f 4141 4140 4144
f 4144 4145 4141
f 3952 3951 4141
f 4141 4145 3952
f 4034 4128 4131
f 4131 4142 4034
f 4131 4133 4143
f 4143 4142 4131
f 4133 4135 4144
f 4144 4143 4133
f 4144 4135 4137
f 4137 4145 4144
f 4137 3950 3952
f 3952 4145 4137
f 4146 3972 4300
f 3957 3954 3956
f 4300 3972 4147
f 3958 4147 4038
f 3958 3955 4300
f 4300 4147 3958
f 4146 4300 4148
f 4148 4149 4146
f 4148 4150 4151
f 4151 4149 4148
f 4150 4152 4153
f 4153 4151 4150
f 4153 4152 4154
f 4154 4155 4153
f 4154 3959 3960
f 3960 4155 4154
f 4148 4038 4036
f 4036 4070 4148
f 4069 4150 4148
f 4148 4070 4069
f 4156 4152 4150
f 4150 4069 4156
f 4154 4152 4156
f 4156 4157 4154
f 3961 3959 4154
f 4154 4157 3961
f 4070 4036 4037
f 4037 4071 4070
f 4158 4156 4069
f 4069 4068 4158
f 4157 4156 4158
f 4158 4159 4157
f 3962 3961 4157
f 4157 4159 3962
f 4037 4146 4149
f 4149 4071 4037
f 4149 4151 4068
f 4068 4071 4149
f 4151 4153 4158
f 4158 4068 4151
f 4158 4153 4155
f 4155 4159 4158
f 4155 3960 3962
f 3962 4159 4155
f 4160 4072 4301
f 3966 3963 3965
f 4301 4072 4161
f 3967 4161 4041
f 3967 3964 4301
f 4301 4161 3967
f 4160 4301 4162
f 4162 4163 4160
f 4162 4164 4165
f 4165 4163 4162
f 4164 4166 4167
f 4167 4165 4164
f 4167 4166 4168
f 4168 4169 4167
f 4168 3968 3969
f 3969 4169 4168
f 4162 4041 4039
f 4039 4170 4162
f 4171 4164 4162
f 4162 4170 4171
f 4172 4166 4164
f 4164 4171 4172
f 4168 4166 4172
f 4172 4173 4168
f 3970 3968 4168
f 4168 4173 3970
f 4170 4039 4040
f 4040 4174 4170
f 4175 4171 4170
f 4170 4174 4175
f 4176 4172 4171
f 4171 4175 4176
f 4173 4172 4176
f 4176 4177 4173
f 3971 3970 4173
f 4173 4177 3971
f 4040 4160 4163
f 4163 4174 4040
f 4163 4165 4175
f 4175 4174 4163
f 4165 4167 4176
f 4176 4175 4165
f 4176 4167 4169
f 4169 4177 4176
f 4169 3969 3971
f 3971 4177 4169
f 4288 4073 3985
f 4287 3985 3986
f 3973 4073 4179
f 4288 4302 4073
f 4179 4073 4302
f 4180 4288 4043
f 4043 4181 4180
f 4182 4183 4180
f 4180 4181 4182
f 4184 4185 4183
f 4183 4182 4184
f 4186 4185 4184
f 4184 4187 4186
f 3976 3975 4186
f 4186 4187 3976
f 3974 3973 4180
f 4180 4074 3974
f 4180 4183 4075
f 4075 4074 4180
f 4183 4185 4188
f 4188 4075 4183
f 4188 4185 4186
f 4186 4189 4188
f 4186 3975 3977
f 3977 4189 4186
f 4042 3974 4074
f 4074 4077 4042
f 4075 4188 4190
f 4190 4076 4075
f 4190 4188 4189
f 4189 4191 4190
f 4189 3977 3978
f 3978 4191 4189
f 4181 4043 4042
f 4042 4077 4181
f 4076 4182 4181
f 4181 4077 4076
f 4190 4184 4182
f 4182 4076 4190
f 4187 4184 4190
f 4190 4191 4187
f 3978 3976 4187
f 4187 4191 3978
f 4290 4078 3987
f 4289 3987 3988
f 3979 4078 4193
f 4290 4303 4078
f 4193 4078 4303
f 4194 4290 4045
f 4045 4195 4194
f 4196 4197 4194
f 4194 4195 4196
f 4198 4199 4197
f 4197 4196 4198
f 4200 4199 4198
f 4198 4201 4200
f 3982 3981 4200
f 4200 4201 3982
f 3980 3979 4194
f 4194 4202 3980
f 4194 4197 4203
f 4203 4202 4194
f 4197 4199 4204
f 4204 4203 4197
f 4204 4199 4200
f 4200 4205 4204
f 4200 3981 3983
f 3983 4205 4200
f 4044 3980 4202
f 4202 4206 4044
f 4202 4203 4207
f 4207 4206 4202
f 4203 4204 4208
f 4208 4207 4203
f 4208 4204 4205
f 4205 4209 4208
f 4205 3983 3984
f 3984 4209 4205
f 4195 4045 4044
f 4044 4206 4195
f 4207 4196 4195
f 4195 4206 4207
f 4208 4198 4196
f 4196 4207 4208
f 4201 4198 4208
f 4208 4209 4201
f 3984 3982 4201
f 4201 4209 3984
f 4292 4079 3995
f 4291 3995 3996
f 3989 4079 4211
f 4292 4304 4079
f 4211 4079 4304
f 4212 4292 4047
f 4047 4213 4212
f 4214 4215 4212
f 4212 4213 4214
f 4216 4217 4215
f 4215 4214 4216
f 4218 4217 4216
f 4216 4219 4218
f 3992 3991 4218
f 4218 4219 3992
f 3990 3989 4212
f 4212 4220 3990
f 4212 4215 4221
f 4221 4220 4212
f 4215 4217 4222
f 4222 4221 4215
f 4222 4217 4218
f 4218 4223 4222
f 4218 3991 3993
f 3993 4223 4218
f 4046 3990 4220
f 4220 4224 4046
f 4220 4221 4225
f 4225 4224 4220
f 4221 4222 4226
f 4226 4225 4221
f 4226 4222 4223
f 4223 4227 4226
f 4223 3993 3994
f 3994 4227 4223
f 4213 4047 4046
f 4046 4224 4213
f 4225 4214 4213
f 4213 4224 4225
f 4226 4216 4214
f 4214 4225 4226
f 4219 4216 4226
f 4226 4227 4219
f 3994 3992 4219
f 4219 4227 3994
f 4240 4004 4050
f 4293 4003 4005
f 3997 4240 4006
f 4228 4050 4048
f 4048 4229 4228
f 4230 4231 4228
f 4228 4229 4230
f 4232 4233 4231
f 4231 4230 4232
f 4234 4233 4232
f 4232 4235 4234
f 4000 3999 4234
f 4234 4235 4000
f 4229 4048 4049
f 4049 4236 4229
f 4237 4230 4229
f 4229 4236 4237
f 4238 4232 4230
f 4230 4237 4238
f 4235 4232 4238
f 4238 4239 4235
f 4002 4000 4235
f 4235 4239 4002
f 4050 4004 4003
f 4007 4004 4240
f 4050 4305 4006
f 4006 4240 4050
f 3998 3997 4228
f 4228 4241 3998
f 4228 4231 4242
f 4242 4241 4228
f 4231 4233 4243
f 4243 4242 4231
f 4243 4233 4234
f 4234 4244 4243
f 4234 3999 4001
f 4001 4244 4234
f 4049 3998 4241
f 4241 4236 4049
f 4241 4242 4237
f 4237 4236 4241
f 4242 4243 4238
f 4238 4237 4242
f 4238 4243 4244
f 4244 4239 4238
f 4244 4001 4002
f 4002 4239 4244
f 4245 4080 4306
f 4011 4008 4010
f 4306 4080 4246
f 4012 4246 4053
f 4012 4009 4306
f 4306 4246 4012
f 4245 4306 4247
f 4247 4248 4245
f 4247 4249 4250
f 4250 4248 4247
f 4249 4251 4252
f 4252 4250 4249
f 4252 4251 4253
f 4253 4254 4252
f 4253 4013 4014
f 4014 4254 4253
f 4247 4053 4051
f 4051 4255 4247
f 4256 4249 4247
f 4247 4255 4256
f 4257 4251 4249
f 4249 4256 4257
f 4253 4251 4257
f 4257 4258 4253
f 4015 4013 4253
f 4253 4258 4015
f 4255 4051 4052
f 4052 4259 4255
f 4260 4256 4255
f 4255 4259 4260
f 4261 4257 4256
f 4256 4260 4261
f 4258 4257 4261
f 4261 4262 4258
f 4016 4015 4258
f 4258 4262 4016
f 4052 4245 4248
f 4248 4259 4052
f 4248 4250 4260
f 4260 4259 4248
f 4250 4252 4261
f 4261 4260 4250
f 4261 4252 4254
f 4254 4262 4261
f 4254 4014 4016
f 4016 4262 4254
f 4019 4017 4018
f 4025 4020 4277
f 4020 4025 4295
f 4294 4277 4020
f 4264 4307 4265
f 4265 4266 4264
f 4265 4267 4268
f 4268 4266 4265
f 4267 4269 4270
f 4270 4268 4267
f 4270 4269 4271
f 4271 4272 4270
f 4271 4021 4022
f 4022 4272 4271
f 4054 4264 4266
f 4266 4273 4054
f 4266 4268 4274
f 4274 4273 4266
f 4268 4270 4275
f 4275 4274 4268
f 4275 4270 4272
f 4272 4276 4275
f 4272 4022 4024
f 4024 4276 4272
f 4264 4263 4307
f 4277 4294 4307
f 4263 4277 4307
f 4278 4277 4263
f 4265 4308 4055
f 4055 4279 4265
f 4280 4267 4265
f 4265 4279 4280
f 4281 4269 4267
f 4267 4280 4281
f 4271 4269 4281
f 4281 4282 4271
f 4023 4021 4271
f 4271 4282 4023
f 4279 4055 4054
f 4054 4273 4279
f 4274 4280 4279
f 4279 4273 4274
f 4275 4281 4280
f 4280 4274 4275
f 4282 4281 4275
f 4275 4276 4282
f 4024 4023 4282
f 4282 4276 4024
f 4309 4310 4311
f 4313 4314 4315
f 4317 4318 4319
f 4321 4322 4323
f 4325 4326 4327
f 4329 4330 4331
f 4335 4336 4309
f 4337 4338 4316
f 4339 4340 4317
f 4324 4323 4341
f 4343 4344 4328
f 4331 4345 4346
f 4349 4350 4336
f 4338 4337 4351
f 4353 4354 4340
f 4342 4341 4355
f 4344 4343 4357
f 4346 4345 4359
f 4362 4335 4312
f 4336 4337 4315
f 4338 4339 4320
f 4340 4341 4323
f 4327 4324 4342
f 4344 4345 4331
f 4346 4347 4334
f 4311 4363 4312
f 4309 4315 4314
f 4316 4320 4319
f 4317 4323 4322
f 4326 4321 4324
f 4328 4331 4330
f 4333 4329 4332
f 4311 4310 4350
f 4314 4313 4352
f 4356 4355 4322
f 4326 4325 4358
f 4360 4359 4330
f 4335 4362 4364
f 4351 4337 4336
f 4353 4339 4338
f 4355 4341 4340
f 4343 4342 4356
f 4359 4345 4344
f 4347 4346 4360
f 4363 4311 4349
f 4310 4314 4351
f 4313 4319 4353
f 4319 4318 4354
f 4318 4322 4355
f 4356 4321 4326
f 4325 4330 4359
f 4329 4333 4361
f 4362 4312 4363
f 4365 4366 4367
f 4369 4370 4371
f 4373 4374 4375
f 4377 4378 4379
f 4381 4382 4383
f 4385 4386 4387
f 4391 4392 4365
f 4393 4394 4372
f 4395 4396 4373
f 4380 4379 4397
f 4399 4400 4384
f 4387 4401 4402
f 4405 4406 4392
f 4394 4393 4407
f 4409 4410 4396
f 4398 4397 4411
f 4400 4399 4413
f 4402 4401 4415
f 4418 4391 4368
f 4392 4393 4371
f 4394 4395 4376
f 4396 4397 4379
f 4383 4380 4398
f 4400 4401 4387
f 4402 4403 4390
f 4367 4419 4368
f 4365 4371 4370
f 4372 4376 4375
f 4373 4379 4378
f 4382 4377 4380
f 4384 4387 4386
f 4389 4385 4388
f 4367 4366 4406
f 4370 4369 4408
f 4412 4411 4378
f 4382 4381 4414
f 4416 4415 4386
f 4391 4418 4420
f 4407 4393 4392
f 4409 4395 4394
f 4411 4397 4396
f 4399 4398 4412
f 4415 4401 4400
f 4403 4402 4416
f 4419 4367 4405
f 4366 4370 4407
f 4369 4375 4409
f 4375 4374 4410
f 4374 4378 4411
f 4412 4377 4382
f 4381 4386 4415
f 4385 4389 4417
f 4418 4368 4419
f 4421 4422 4423
f 4424 4425 4426
f 4428 4429 4430
f 4432 4433 4434
f 4436 4437 4438
f 4440 4441 4442
f 4423 4446 4447
f 4427 4448 4449
f 4430 4450 4451
f 4452 4432 4435
f 4439 4454 4455
f 4456 4457 4440
f 4446 4459 4460
f 4461 4449 4448
f 4450 4463 4464
f 4465 4452 4453
f 4467 4455 4454
f 4469 4457 4456
f 4474 4447 4473
f 4424 4449 4446
f 4431 4451 4448
f 4432 4452 4450
f 4453 4435 4436
f 4440 4457 4454
f 4445 4458 4456
f 4474 4475 4421
f 4425 4424 4423
f 4428 4431 4427
f 4433 4432 4430
f 4435 4434 4437
f 4441 4440 4439
f 4443 4442 4444
f 4459 4422 4421
f 4462 4426 4425
f 4433 4465 4466
f 4468 4438 4437
f 4441 4469 4470
f 4476 4473 4447
f 4446 4449 4461
f 4448 4451 4464
f 4450 4452 4465
f 4466 4453 4455
f 4454 4457 4469
f 4470 4456 4458
f 4460 4421 4475
f 4461 4425 4422
f 4464 4428 4426
f 4463 4429 4428
f 4465 4433 4429
f 4437 4434 4466
f 4469 4441 4438
f 4472 4444 4442
f 4475 4474 4473
f 4477 4478 4479
f 4480 4481 4482
f 4484 4485 4486
f 4488 4489 4490
f 4492 4493 4494
f 4496 4497 4498
f 4479 4502 4503
f 4483 4504 4505
f 4486 4506 4507
f 4508 4488 4491
f 4495 4510 4511
f 4512 4513 4496
f 4502 4515 4516
f 4517 4505 4504
f 4506 4519 4520
f 4521 4508 4509
f 4523 4511 4510
f 4525 4513 4512
f 4530 4503 4529
f 4480 4505 4502
f 4487 4507 4504
f 4488 4508 4506
f 4509 4491 4492
f 4496 4513 4510
f 4501 4514 4512
f 4530 4531 4477
f 4481 4480 4479
f 4484 4487 4483
f 4489 4488 4486
f 4491 4490 4493
f 4497 4496 4495
f 4499 4498 4500
f 4515 4478 4477
f 4518 4482 4481
f 4489 4521 4522
f 4524 4494 4493
f 4497 4525 4526
f 4532 4529 4503
f 4502 4505 4517
f 4504 4507 4520
f 4506 4508 4521
f 4522 4509 4511
f 4510 4513 4525
f 4526 4512 4514
f 4516 4477 4531
f 4517 4481 4478
f 4520 4484 4482
f 4519 4485 4484
f 4521 4489 4485
f 4493 4490 4522
f 4525 4497 4494
f 4528 4500 4498
f 4531 4530 4529
f 4533 4534 4535
f 4536 4537 4538
f 4540 4541 4542
f 4544 4545 4546
f 4548 4549 4550
f 4552 4553 4554
f 4535 4558 4559
f 4539 4560 4561
f 4542 4562 4563
f 4564 4544 4547
f 4551 4566 4567
f 4568 4569 4552
f 4558 4571 4572
f 4573 4561 4560
f 4562 4575 4576
f 4577 4564 4565
f 4579 4567 4566
f 4581 4569 4568
f 4586 4559 4585
f 4536 4561 4558
f 4543 4563 4560
f 4544 4564 4562
f 4565 4547 4548
f 4552 4569 4566
f 4557 4570 4568
f 4586 4587 4533
f 4537 4536 4535
f 4540 4543 4539
f 4545 4544 4542
f 4547 4546 4549
f 4553 4552 4551
f 4555 4554 4556
f 4571 4534 4533
f 4574 4538 4537
f 4545 4577 4578
f 4580 4550 4549
f 4553 4581 4582
f 4588 4585 4559
f 4558 4561 4573
f 4560 4563 4576
f 4562 4564 4577
f 4578 4565 4567
f 4566 4569 4581
f 4582 4568 4570
f 4572 4533 4587
f 4573 4537 4534
f 4576 4540 4538
f 4575 4541 4540
f 4577 4545 4541
f 4549 4546 4578
f 4581 4553 4550
f 4584 4556 4554
f 4587 4586 4585
f 4589 4590 4591
f 4592 4593 4594
f 4596 4597 4598
f 4600 4601 4602
f 4604 4605 4606
f 4608 4609 4610
f 4591 4614 4615
f 4595 4616 4617
f 4598 4618 4619
f 4620 4600 4603
f 4607 4622 4623
f 4624 4625 4608
f 4614 4627 4628
f 4629 4617 4616
f 4618 4631 4632
f 4633 4620 4621
f 4635 4623 4622
f 4637 4625 4624
f 4642 4615 4641
f 4592 4617 4614
f 4599 4619 4616
f 4600 4620 4618
f 4621 4603 4604
f 4608 4625 4622
f 4613 4626 4624
f 4642 4643 4589
f 4593 4592 4591
f 4596 4599 4595
f 4601 4600 4598
f 4603 4602 4605
f 4609 4608 4607
f 4611 4610 4612
f 4627 4590 4589
f 4630 4594 4593
f 4601 4633 4634
f 4636 4606 4605
f 4609 4637 4638
f 4644 4641 4615
f 4614 4617 4629
f 4616 4619 4632
f 4618 4620 4633
f 4634 4621 4623
f 4622 4625 4637
f 4638 4624 4626
f 4628 4589 4643
f 4629 4593 4590
f 4632 4596 4594
f 4631 4597 4596
f 4633 4601 4597
f 4605 4602 4634
f 4637 4609 4606
f 4640 4612 4610
f 4643 4642 4641
f 4645 4646 4647
f 4649 4650 4651
f 4653 4654 4655
f 4657 4658 4659
f 4661 4662 4663
f 4665 4666 4667
f 4671 4672 4645
f 4673 4674 4652
f 4675 4676 4653
f 4660 4659 4677
f 4679 4680 4664
f 4667 4681 4682
f 4685 4686 4672
f 4674 4673 4687
f 4689 4690 4676
f 4678 4677 4691
f 4680 4679 4693
f 4682 4681 4695
f 4698 4671 4648
f 4672 4673 4651
f 4674 4675 4656
f 4676 4677 4659
f 4663 4660 4678
f 4680 4681 4667
f 4682 4683 4670
f 4647 4699 4648
f 4645 4651 4650
f 4652 4656 4655
f 4653 4659 4658
f 4662 4657 4660
f 4664 4667 4666
f 4669 4665 4668
f 4647 4646 4686
f 4650 4649 4688
f 4692 4691 4658
f 4662 4661 4694
f 4696 4695 4666
f 4671 4698 4700
f 4687 4673 4672
f 4689 4675 4674
f 4691 4677 4676
f 4679 4678 4692
f 4695 4681 4680
f 4683 4682 4696
f 4699 4647 4685
f 4646 4650 4687
f 4649 4655 4689
f 4655 4654 4690
f 4654 4658 4691
f 4692 4657 4662
f 4661 4666 4695
f 4665 4669 4697
f 4698 4648 4699
f 4701 4702 4703
f 4705 4706 4707
f 4709 4710 4711
f 4713 4714 4715
f 4717 4718 4719
f 4721 4722 4723
f 4727 4728 4701
f 4729 4730 4708
f 4731 4732 4709
f 4716 4715 4733
f 4735 4736 4720
f 4723 4737 4738
f 4741 4742 4728
f 4730 4729 4743
f 4745 4746 4732
f 4734 4733 4747
f 4736 4735 4749
f 4738 4737 4751
f 4754 4727 4704
f 4728 4729 4707
f 4730 4731 4712
f 4732 4733 4715
f 4719 4716 4734
f 4736 4737 4723
f 4738 4739 4726
f 4703 4755 4704
f 4701 4707 4706
f 4708 4712 4711
f 4709 4715 4714
f 4718 4713 4716
f 4720 4723 4722
f 4725 4721 4724
f 4703 4702 4742
f 4706 4705 4744
f 4748 4747 4714
f 4718 4717 4750
f 4752 4751 4722
f 4727 4754 4756
f 4743 4729 4728
f 4745 4731 4730
f 4747 4733 4732
f 4735 4734 4748
f 4751 4737 4736
f 4739 4738 4752
f 4755 4703 4741
f 4702 4706 4743
f 4705 4711 4745
f 4711 4710 4746
f 4710 4714 4747
f 4748 4713 4718
f 4717 4722 4751
f 4721 4725 4753
f 4754 4704 4755
f 4311 4312 4309
f 4315 4316 4313
f 4319 4320 4317
f 4323 4324 4321
f 4327 4328 4325
f 4331 4332 4329
f 4333 4334 4348
f 4309 4312 4335
f 4316 4315 4337
f 4317 4320 4339
f 4341 4342 4324
f 4328 4327 4343
f 4346 4332 4331
f 4348 4334 4347
f 4336 4335 4349
f 4351 4352 4338
f 4340 4339 4353
f 4355 4356 4342
f 4357 4358 4344
f 4359 4360 4346
f 4348 4347 4361
f 4315 4309 4336
f 4320 4316 4338
f 4323 4317 4340
f 4342 4343 4327
f 4331 4328 4344
f 4334 4332 4346
f 4314 4310 4309
f 4319 4313 4316
f 4322 4318 4317
f 4324 4327 4326
f 4330 4325 4328
f 4332 4334 4333
f 4350 4349 4311
f 4352 4351 4314
f 4322 4321 4356
f 4358 4357 4326
f 4330 4329 4360
f 4364 4349 4335
f 4336 4350 4351
f 4338 4352 4353
f 4340 4354 4355
f 4356 4357 4343
f 4344 4358 4359
f 4360 4361 4347
f 4349 4364 4363
f 4351 4350 4310
f 4353 4352 4313
f 4354 4353 4319
f 4355 4354 4318
f 4326 4357 4356
f 4359 4358 4325
f 4361 4360 4329
f 4348 4361 4333
f 4363 4364 4362
f 4367 4368 4365
f 4371 4372 4369
f 4375 4376 4373
f 4379 4380 4377
f 4383 4384 4381
f 4387 4388 4385
f 4389 4390 4404
f 4365 4368 4391
f 4372 4371 4393
f 4373 4376 4395
f 4397 4398 4380
f 4384 4383 4399
f 4402 4388 4387
f 4404 4390 4403
f 4392 4391 4405
f 4407 4408 4394
f 4396 4395 4409
f 4411 4412 4398
f 4413 4414 4400
f 4415 4416 4402
f 4404 4403 4417
f 4371 4365 4392
f 4376 4372 4394
f 4379 4373 4396
f 4398 4399 4383
f 4387 4384 4400
f 4390 4388 4402
f 4370 4366 4365
f 4375 4369 4372
f 4378 4374 4373
f 4380 4383 4382
f 4386 4381 4384
f 4388 4390 4389
f 4406 4405 4367
f 4408 4407 4370
f 4378 4377 4412
f 4414 4413 4382
f 4386 4385 4416
f 4420 4405 4391
f 4392 4406 4407
f 4394 4408 4409
f 4396 4410 4411
f 4412 4413 4399
f 4400 4414 4415
f 4416 4417 4403
f 4405 4420 4419
f 4407 4406 4366
f 4409 4408 4369
f 4410 4409 4375
f 4411 4410 4374
f 4382 4413 4412
f 4415 4414 4381
f 4417 4416 4385
f 4404 4417 4389
f 4419 4420 4418
f 4423 4474 4421
f 4426 4427 4424
f 4430 4431 4428
f 4434 4435 4432
f 4438 4439 4436
f 4442 4443 4440
f 4471 4445 4444
f 4447 4474 4423
f 4449 4424 4427
f 4451 4431 4430
f 4435 4453 4452
f 4455 4436 4439
f 4440 4443 4456
f 4458 4445 4471
f 4460 4447 4446
f 4448 4462 4461
f 4464 4451 4450
f 4453 4466 4465
f 4454 4468 4467
f 4456 4470 4469
f 4472 4458 4471
f 4446 4423 4424
f 4448 4427 4431
f 4450 4430 4432
f 4436 4455 4453
f 4454 4439 4440
f 4456 4443 4445
f 4423 4422 4425
f 4427 4426 4428
f 4430 4429 4433
f 4437 4436 4435
f 4439 4438 4441
f 4444 4445 4443
f 4421 4460 4459
f 4425 4461 4462
f 4466 4434 4433
f 4437 4467 4468
f 4470 4442 4441
f 4447 4460 4476
f 4461 4459 4446
f 4464 4462 4448
f 4465 4463 4450
f 4455 4467 4466
f 4469 4468 4454
f 4458 4472 4470
f 4475 4476 4460
f 4422 4459 4461
f 4426 4462 4464
f 4428 4464 4463
f 4429 4463 4465
f 4466 4467 4437
f 4438 4468 4469
f 4442 4470 4472
f 4444 4472 4471
f 4473 4476 4475
f 4479 4530 4477
f 4482 4483 4480
f 4486 4487 4484
f 4490 4491 4488
f 4494 4495 4492
f 4498 4499 4496
f 4527 4501 4500
f 4503 4530 4479
f 4505 4480 4483
f 4507 4487 4486
f 4491 4509 4508
f 4511 4492 4495
f 4496 4499 4512
f 4514 4501 4527
f 4516 4503 4502
f 4504 4518 4517
f 4520 4507 4506
f 4509 4522 4521
f 4510 4524 4523
f 4512 4526 4525
f 4528 4514 4527
f 4502 4479 4480
f 4504 4483 4487
f 4506 4486 4488
f 4492 4511 4509
f 4510 4495 4496
f 4512 4499 4501
f 4479 4478 4481
f 4483 4482 4484
f 4486 4485 4489
f 4493 4492 4491
f 4495 4494 4497
f 4500 4501 4499
f 4477 4516 4515
f 4481 4517 4518
f 4522 4490 4489
f 4493 4523 4524
f 4526 4498 4497
f 4503 4516 4532
f 4517 4515 4502
f 4520 4518 4504
f 4521 4519 4506
f 4511 4523 4522
f 4525 4524 4510
f 4514 4528 4526
f 4531 4532 4516
f 4478 4515 4517
f 4482 4518 4520
f 4484 4520 4519
f 4485 4519 4521
f 4522 4523 4493
f 4494 4524 4525
f 4498 4526 4528
f 4500 4528 4527
f 4529 4532 4531
f 4535 4586 4533
f 4538 4539 4536
f 4542 4543 4540
f 4546 4547 4544
f 4550 4551 4548
f 4554 4555 4552
f 4583 4557 4556
f 4559 4586 4535
f 4561 4536 4539
f 4563 4543 4542
f 4547 4565 4564
f 4567 4548 4551
f 4552 4555 4568
f 4570 4557 4583
f 4572 4559 4558
f 4560 4574 4573
f 4576 4563 4562
f 4565 4578 4577
f 4566 4580 4579
f 4568 4582 4581
f 4584 4570 4583
f 4558 4535 4536
f 4560 4539 4543
f 4562 4542 4544
f 4548 4567 4565
f 4566 4551 4552
f 4568 4555 4557
f 4535 4534 4537
f 4539 4538 4540
f 4542 4541 4545
f 4549 4548 4547
f 4551 4550 4553
f 4556 4557 4555
f 4533 4572 4571
f 4537 4573 4574
f 4578 4546 4545
f 4549 4579 4580
f 4582 4554 4553
f 4559 4572 4588
f 4573 4571 4558
f 4576 4574 4560
f 4577 4575 4562
f 4567 4579 4578
f 4581 4580 4566
f 4570 4584 4582
f 4587 4588 4572
f 4534 4571 4573
f 4538 4574 4576
f 4540 4576 4575
f 4541 4575 4577
f 4578 4579 4549
f 4550 4580 4581
f 4554 4582 4584
f 4556 4584 4583
f 4585 4588 4587
f 4591 4642 4589
f 4594 4595 4592
f 4598 4599 4596
f 4602 4603 4600
f 4606 4607 4604
f 4610 4611 4608
f 4639 4613 4612
f 4615 4642 4591
f 4617 4592 4595
f 4619 4599 4598
f 4603 4621 4620
f 4623 4604 4607
f 4608 4611 4624
f 4626 4613 4639
f 4628 4615 4614
f 4616 4630 4629
f 4632 4619 4618
f 4621 4634 4633
f 4622 4636 4635
f 4624 4638 4637
f 4640 4626 4639
f 4614 4591 4592
f 4616 4595 4599
f 4618 4598 4600
f 4604 4623 4621
f 4622 4607 4608
f 4624 4611 4613
f 4591 4590 4593
f 4595 4594 4596
f 4598 4597 4601
f 4605 4604 4603
f 4607 4606 4609
f 4612 4613 4611
f 4589 4628 4627
f 4593 4629 4630
f 4634 4602 4601
f 4605 4635 4636
f 4638 4610 4609
f 4615 4628 4644
f 4629 4627 4614
f 4632 4630 4616
f 4633 4631 4618
f 4623 4635 4634
f 4637 4636 4622
f 4626 4640 4638
f 4643 4644 4628
f 4590 4627 4629
f 4594 4630 4632
f 4596 4632 4631
f 4597 4631 4633
f 4634 4635 4605
f 4606 4636 4637
f 4610 4638 4640
f 4612 4640 4639
f 4641 4644 4643
f 4647 4648 4645
f 4651 4652 4649
f 4655 4656 4653
f 4659 4660 4657
f 4663 4664 4661
f 4667 4668 4665
f 4669 4670 4684
f 4645 4648 4671
f 4652 4651 4673
f 4653 4656 4675
f 4677 4678 4660
f 4664 4663 4679
f 4682 4668 4667
f 4684 4670 4683
f 4672 4671 4685
f 4687 4688 4674
f 4676 4675 4689
f 4691 4692 4678
f 4693 4694 4680
f 4695 4696 4682
f 4684 4683 4697
f 4651 4645 4672
f 4656 4652 4674
f 4659 4653 4676
f 4678 4679 4663
f 4667 4664 4680
f 4670 4668 4682
f 4650 4646 4645
f 4655 4649 4652
f 4658 4654 4653
f 4660 4663 4662
f 4666 4661 4664
f 4668 4670 4669
f 4686 4685 4647
f 4688 4687 4650
f 4658 4657 4692
f 4694 4693 4662
f 4666 4665 4696
f 4700 4685 4671
f 4672 4686 4687
f 4674 4688 4689
f 4676 4690 4691
f 4692 4693 4679
f 4680 4694 4695
f 4696 4697 4683
f 4685 4700 4699
f 4687 4686 4646
f 4689 4688 4649
f 4690 4689 4655
f 4691 4690 4654
f 4662 4693 4692
f 4695 4694 4661
f 4697 4696 4665
f 4684 4697 4669
f 4699 4700 4698
f 4703 4704 4701
f 4707 4708 4705
f 4711 4712 4709
f 4715 4716 4713
f 4719 4720 4717
f 4723 4724 4721
f 4725 4726 4740
f 4701 4704 4727
f 4708 4707 4729
f 4709 4712 4731
f 4733 4734 4716
f 4720 4719 4735
f 4738 4724 4723
f 4740 4726 4739
f 4728 4727 4741
f 4743 4744 4730
f 4732 4731 4745
f 4747 4748 4734
f 4749 4750 4736
f 4751 4752 4738
f 4740 4739 4753
f 4707 4701 4728
f 4712 4708 4730
f 4715 4709 4732
f 4734 4735 4719
f 4723 4720 4736
f 4726 4724 4738
f 4706 4702 4701
f 4711 4705 4708
f 4714 4710 4709
f 4716 4719 4718
f 4722 4717 4720
f 4724 4726 4725
f 4742 4741 4703
f 4744 4743 4706
f 4714 4713 4748
f 4750 4749 4718
f 4722 4721 4752
f 4756 4741 4727
f 4728 4742 4743
f 4730 4744 4745
f 4732 4746 4747
f 4748 4749 4735
f 4736 4750 4751
f 4752 4753 4739
f 4741 4756 4755
f 4743 4742 4702
f 4745 4744 4705
f 4746 4745 4711
f 4747 4746 4710
f 4718 4749 4748
f 4751 4750 4717
f 4753 4752 4721
f 4740 4753 4725
f 4755 4756 4754
f 4757 4758 4806
f 4759 4760 4761
f 4761 4762 4759
f 4764 4765 4763
f 4766 4767 4768
f 4768 4769 4766
f 4771 4772 4770
f 4773 4774 4775
f 4775 4776 4773
f 4777 4778 4913
f 4779 4780 4781
f 4781 4782 4779
f 4759 4783 4784
f 4784 4758 4759
f 4785 4786 4787
f 4787 4788 4785
f 4791 4792 4793
f 4793 4794 4791
f 4795 4802 4796
f 4796 4797 4795
f 4760 4759 4758
f 4758 4757 4760
f 4933 4784 4783
f 4785 4788 4925
f 4925 4926 4785
f 4790 4789 4787
f 4787 4786 4790
f 4792 4789 4790
f 4790 4793 4792
f 4927 4795 4797
f 4798 4783 4759
f 4759 4762 4798
f 4799 4790 4786
f 4786 4800 4799
f 4793 4790 4799
f 4799 4801 4793
f 4795 4927 4802
f 4798 4762 4933
f 4803 4804 4800
f 4800 4805 4803
f 4928 4808 4803
f 4808 4931 4803
f 4809 4930 4931
f 4811 4929 4810
f 4758 4784 4806
f 4933 4806 4784
f 4812 4932 4925
f 4925 4788 4812
f 4788 4787 4812
f 4787 4789 4813
f 4813 4812 4787
f 4792 4814 4813
f 4813 4789 4792
f 4815 4814 4792
f 4792 4791 4815
f 4816 4815 4927
f 4927 4797 4816
f 4796 4817 4816
f 4816 4797 4796
f 4806 4807 4757
f 4933 4807 4806
f 4812 4808 4928
f 4928 4932 4812
f 4813 4931 4808
f 4808 4812 4813
f 4813 4814 4809
f 4809 4931 4813
f 4814 4815 4930
f 4930 4809 4814
f 4815 4816 4810
f 4810 4929 4815
f 4810 4816 4817
f 4817 4811 4810
f 4800 4786 4785
f 4785 4805 4800
f 4794 4793 4801
f 4801 4935 4794
f 4762 4761 4933
f 4934 4803 4805
f 4805 4933 4934
f 4804 4935 4799
f 4799 4800 4804
f 4935 4801 4799
f 4783 4798 4933
f 4933 4805 4785
f 4785 4926 4933
f 4818 4819 4768
f 4768 4765 4818
f 4820 4821 4822
f 4822 4823 4820
f 4826 4827 4828
f 4828 4829 4826
f 4830 4831 4832
f 4832 4833 4830
f 4765 4768 4767
f 4767 4763 4765
f 4819 4818 4847
f 4936 4823 4822
f 4822 4937 4936
f 4820 4825 4824
f 4824 4821 4820
f 4824 4825 4827
f 4827 4826 4824
f 4833 4832 4938
f 4768 4819 4834
f 4834 4769 4768
f 4821 4824 4835
f 4835 4836 4821
f 4835 4824 4826
f 4826 4837 4835
f 4831 4938 4832
f 4847 4769 4834
f 4836 4838 4839
f 4839 4840 4836
f 4839 4843 4939
f 4839 4940 4843
f 4940 4941 4844
f 4846 4845 4944
f 4764 4818 4765
f 4818 4764 4847
f 4936 4942 4848
f 4848 4823 4936
f 4848 4820 4823
f 4849 4825 4820
f 4820 4848 4849
f 4849 4850 4827
f 4827 4825 4849
f 4827 4850 4851
f 4851 4828 4827
f 4938 4851 4852
f 4852 4833 4938
f 4852 4853 4830
f 4830 4833 4852
f 4763 4842 4764
f 4764 4842 4847
f 4939 4843 4848
f 4848 4942 4939
f 4843 4940 4849
f 4849 4848 4843
f 4844 4850 4849
f 4849 4940 4844
f 4941 4851 4850
f 4850 4844 4941
f 4846 4852 4851
f 4851 4845 4846
f 4853 4852 4846
f 4846 4944 4853
f 4822 4821 4836
f 4836 4840 4822
f 4837 4826 4829
f 4829 4841 4837
f 4847 4766 4769
f 4840 4839 4943
f 4943 4847 4840
f 4835 4841 4838
f 4838 4836 4835
f 4835 4837 4841
f 4847 4834 4819
f 4822 4840 4847
f 4847 4937 4822
f 4854 4855 4775
f 4775 4772 4854
f 4856 4857 4858
f 4858 4859 4856
f 4862 4863 4864
f 4864 4865 4862
f 4866 4867 4868
f 4868 4869 4866
f 4772 4775 4774
f 4774 4770 4772
f 4855 4854 4883
f 4945 4859 4858
f 4858 4946 4945
f 4856 4861 4860
f 4860 4857 4856
f 4860 4861 4863
f 4863 4862 4860
f 4869 4868 4947
f 4775 4855 4870
f 4870 4776 4775
f 4857 4860 4871
f 4871 4872 4857
f 4871 4860 4862
f 4862 4873 4871
f 4867 4947 4868
f 4883 4776 4870
f 4872 4874 4875
f 4875 4876 4872
f 4875 4879 4948
f 4875 4949 4879
f 4949 4950 4880
f 4882 4881 4953
f 4771 4854 4772
f 4854 4771 4883
f 4945 4951 4884
f 4884 4859 4945
f 4884 4856 4859
f 4885 4861 4856
f 4856 4884 4885
f 4885 4886 4863
f 4863 4861 4885
f 4863 4886 4887
f 4887 4864 4863
f 4947 4887 4888
f 4888 4869 4947
f 4888 4889 4866
f 4866 4869 4888
f 4770 4878 4771
f 4771 4878 4883
f 4948 4879 4884
f 4884 4951 4948
f 4879 4949 4885
f 4885 4884 4879
f 4880 4886 4885
f 4885 4949 4880
f 4950 4887 4886
f 4886 4880 4950
f 4882 4888 4887
f 4887 4881 4882
f 4889 4888 4882
f 4882 4953 4889
f 4858 4857 4872
f 4872 4876 4858
f 4873 4862 4865
f 4865 4877 4873
f 4883 4773 4776
f 4876 4875 4952
f 4952 4883 4876
f 4871 4877 4874
f 4874 4872 4871
f 4871 4873 4877
f 4883 4870 4855
f 4858 4876 4883
f 4883 4946 4858
f 4779 4890 4891
f 4891 4778 4779
f 4892 4893 4894
f 4894 4895 4892
f 4898 4899 4900
f 4900 4901 4898
f 4902 4909 4903
f 4903 4904 4902
f 4780 4779 4778
f 4778 4777 4780
f 4961 4891 4890
f 4892 4895 4954
f 4954 4955 4892
f 4897 4896 4894
f 4894 4893 4897
f 4899 4896 4897
f 4897 4900 4899
f 4956 4902 4904
f 4905 4890 4779
f 4779 4782 4905
f 4906 4897 4893
f 4893 4907 4906
f 4900 4897 4906
f 4906 4908 4900
f 4902 4956 4909
f 4905 4782 4961
f 4910 4911 4907
f 4907 4912 4910
f 4957 4915 4910
f 4915 4959 4910
f 4916 4958 4959
f 4778 4891 4913
f 4961 4913 4891
f 4919 4960 4954
f 4954 4895 4919
f 4895 4894 4919
f 4894 4896 4920
f 4920 4919 4894
f 4899 4921 4920
f 4920 4896 4899
f 4922 4921 4899
f 4899 4898 4922
f 4923 4918 4956
f 4956 4904 4923
f 4903 4924 4923
f 4923 4904 4903
f 4913 4914 4777
f 4961 4914 4913
f 4919 4915 4957
f 4957 4960 4919
f 4920 4959 4915
f 4915 4919 4920
f 4920 4921 4916
f 4916 4959 4920
f 4921 4922 4958
f 4958 4916 4921
f 4918 4923 4917
f 4917 4923 4924
f 4924 4918 4917
f 4907 4893 4892
f 4892 4912 4907
f 4901 4900 4908
f 4908 4963 4901
f 4782 4781 4961
f 4962 4910 4912
f 4912 4961 4962
f 4911 4963 4906
f 4906 4907 4911
f 4963 4908 4906
f 4890 4905 4961
f 4961 4912 4892
f 4892 4955 4961
f 4965 5014 4964
f 5014 5015 4966
f 4966 4964 5014
f 4968 5016 4967
f 5016 5017 4969
f 4969 4967 5016
f 4965 4964 4966
f 4966 5015 4965
f 4969 5017 4968
f 4968 4967 4969
f 4971 5018 4970
f 5018 5019 4972
f 4972 4970 5018
f 4974 5020 4973
f 5020 5021 4975
f 4975 4973 5020
f 4971 4970 4972
f 4972 5019 4971
f 4975 5021 4974
f 4974 4973 4975
f 4976 5023 5022
f 4977 4978 5023
f 5023 4976 4977
f 4979 5025 5024
f 4980 4981 5025
f 5025 4979 4980
f 4977 4976 5022
f 5022 4978 4977
f 5024 4981 4980
f 4980 4979 5024
f 5026 4982 4983
f 4984 4985 5026
f 5026 4983 4984
f 4986 5028 5027
f 4987 4988 5028
f 5028 4986 4987
f 4984 4983 4982
f 4982 4985 4984
f 5027 4988 4987
f 4987 4986 5027
f 4989 5030 5029
f 4990 4991 5030
f 5030 4989 4990
f 4992 5032 5031
f 4993 4994 5032
f 5032 4992 4993
f 4990 4989 5029
f 5029 4991 4990
f 5031 4994 4993
f 4993 4992 5031
f 5033 4995 4996
f 4997 4998 5033
f 5033 4996 4997
f 4999 5035 5034
f 5000 5001 5035
f 5035 4999 5000
f 4997 4996 4995
f 4995 4998 4997
f 5034 5001 5000
f 5000 4999 5034
f 5003 5036 5002
f 5036 5037 5004
f 5004 5002 5036
f 5006 5038 5005
f 5038 5039 5007
f 5007 5005 5038
f 5003 5002 5004
f 5004 5037 5003
f 5007 5039 5006
f 5006 5005 5007
f 5009 5040 5008
f 5040 5041 5010
f 5010 5008 5040
f 5012 5042 5011
f 5042 5043 5013
f 5013 5011 5042
f 5009 5008 5010
f 5010 5041 5009
f 5013 5043 5012
f 5012 5011 5013
f 5070 5044 5045
f 5046 5072 5071
f 5072 5046 5047
f 5071 5047 5046
f 5047 5071 5072
f 5049 5051 5048
f 5051 5049 5050
f 5052 5053 5049
f 5050 5049 5053
f 5053 5054 5050
f 5050 5054 5068
f 5068 5051 5050
f 5052 5049 5048
f 5055 5053 5052
f 5056 5054 5053
f 5053 5055 5056
f 5054 5056 5068
f 5070 5057 5052
f 5058 5052 5057
f 5057 5059 5058
f 5060 5058 5059
f 5059 5061 5060
f 5062 5060 5061
f 5061 5063 5062
f 5064 5062 5063
f 5063 5065 5064
f 5066 5064 5065
f 5065 5067 5066
f 5067 5077 5068
f 5068 5066 5067
f 5048 5070 5052
f 5048 5044 5070
f 5070 5045 5069
f 5052 5058 5060
f 5052 5060 5062
f 5064 5055 5052
f 5052 5062 5064
f 5066 5056 5055
f 5055 5064 5066
f 5056 5066 5068
f 5081 5057 5070
f 5057 5081 5073
f 5073 5059 5057
f 5059 5073 5074
f 5074 5061 5059
f 5061 5074 5075
f 5075 5063 5061
f 5063 5075 5076
f 5076 5065 5063
f 5065 5076 5077
f 5077 5067 5065
f 5048 5078 5044
f 5045 5044 5078
f 5078 5079 5045
f 5080 5069 5045
f 5045 5079 5080
f 5081 5070 5069
f 5069 5080 5081
f 5084 5085 5086
f 5086 5083 5084
f 5086 5082 5083
f 5085 5082 5086
f 5082 5085 5084
f 5084 5083 5082
f 5087 5088 5091
f 5091 5089 5087
f 5091 5090 5089
f 5088 5090 5091
f 5090 5088 5087
f 5087 5089 5090
f 5094 5100 5093
f 5092 5095 5096
f 5096 5094 5092
f 5100 5094 5096
f 5096 5095 5097
f 5097 5098 5096
f 5096 5098 5100
f 5098 5097 5099
f 5099 5101 5098
f 5098 5101 5100
f 5102 5100 5101
f 5093 5092 5094
f 5099 5102 5101
f 5113 5104 5103
f 5106 5108 5105
f 5105 5103 5106
f 5106 5103 5104
f 5104 5107 5106
f 5110 5108 5106
f 5106 5109 5110
f 5107 5109 5106
f 5112 5110 5109
f 5109 5111 5112
f 5107 5111 5109
f 5111 5107 5112
f 5103 5105 5113
f 5388 5114 5115
f 5115 5218 5388
f 5117 5118 5274
f 5119 5120 5121
f 5121 5122 5119
f 5123 5124 5125
f 5125 5118 5123
f 5118 5125 5274
f 5127 5126 5159
f 5128 5129 5130
f 5130 5131 5128
f 5132 5133 5274
f 5133 5134 5274
f 5137 5138 5136
f 5134 5139 5274
f 5137 5136 5140
f 5140 5141 5137
f 5274 5139 5142
f 5274 5142 5143
f 5144 5145 5146
f 5146 5147 5144
f 5274 5143 5148
f 5254 5351 5352
f 5352 5261 5254
f 5159 5149 5265
f 5150 5151 5152
f 5152 5153 5150
f 5154 5155 5156
f 5156 5157 5154
f 5274 5154 5157
f 5274 5157 5158
f 5160 5161 5159
f 5162 5163 5164
f 5164 5165 5162
f 5166 5167 5168
f 5168 5169 5166
f 5292 5170 5171
f 5172 5173 5174
f 5174 5175 5172
f 5176 5177 5178
f 5178 5170 5176
f 5292 5176 5170
f 5349 5180 5179
f 5181 5182 5183
f 5183 5184 5181
f 5292 5185 5186
f 5292 5187 5185
f 5189 5190 5188
f 5292 5191 5187
f 5192 5189 5188
f 5188 5193 5192
f 5194 5191 5292
f 5195 5194 5292
f 5196 5197 5198
f 5198 5199 5196
f 5200 5195 5292
f 5414 5355 5318
f 5318 5201 5414
f 5202 5324 5349
f 5203 5204 5205
f 5205 5206 5203
f 5207 5208 5209
f 5209 5210 5207
f 5210 5209 5292
f 5211 5210 5292
f 5422 5212 5213
f 5213 5214 5422
f 5218 5115 5217
f 5218 5217 5219
f 5280 5357 5220
f 5114 5358 5221
f 5221 5115 5114
f 5115 5221 5222
f 5222 5217 5115
f 5217 5222 5223
f 5223 5219 5217
f 5219 5223 5224
f 5224 5218 5219
f 5218 5224 5274
f 5274 5116 5218
f 5248 5359 5225
f 5358 5360 5226
f 5226 5221 5358
f 5221 5226 5227
f 5227 5222 5221
f 5222 5227 5228
f 5228 5223 5222
f 5223 5228 5229
f 5229 5224 5223
f 5224 5229 5274
f 5357 5361 5233
f 5233 5220 5357
f 5220 5233 5159
f 5360 5362 5230
f 5230 5226 5360
f 5226 5230 5231
f 5231 5227 5226
f 5227 5231 5232
f 5232 5228 5227
f 5228 5232 5117
f 5117 5229 5228
f 5229 5117 5274
f 5359 5363 5225
f 5225 5235 5248
f 5361 5364 5233
f 5362 5365 5119
f 5119 5230 5362
f 5230 5119 5122
f 5122 5231 5230
f 5231 5122 5123
f 5123 5232 5231
f 5232 5123 5118
f 5118 5117 5232
f 5235 5225 5363
f 5234 5233 5364
f 5233 5234 5159
f 5365 5366 5120
f 5120 5119 5365
f 5122 5121 5124
f 5124 5123 5122
f 5363 5367 5235
f 5364 5368 5127
f 5127 5234 5364
f 5234 5127 5159
f 5366 5369 5236
f 5236 5120 5366
f 5120 5236 5237
f 5237 5121 5120
f 5121 5237 5238
f 5238 5124 5121
f 5124 5238 5239
f 5239 5125 5124
f 5125 5239 5274
f 5126 5127 5368
f 5369 5128 5131
f 5131 5236 5369
f 5236 5131 5240
f 5240 5237 5236
f 5237 5240 5241
f 5241 5238 5237
f 5238 5241 5132
f 5132 5239 5238
f 5239 5132 5274
f 5367 5350 5135
f 5135 5235 5367
f 5235 5135 5248
f 5368 5370 5126
f 5131 5130 5242
f 5242 5240 5131
f 5240 5242 5243
f 5243 5241 5240
f 5241 5243 5133
f 5133 5132 5241
f 5370 5371 5251
f 5251 5126 5370
f 5126 5251 5159
f 5129 5136 5138
f 5138 5130 5129
f 5130 5138 5244
f 5244 5242 5130
f 5242 5244 5245
f 5245 5243 5242
f 5243 5245 5134
f 5134 5133 5243
f 5135 5254 5248
f 5371 5372 5251
f 5138 5137 5246
f 5246 5244 5138
f 5244 5246 5247
f 5247 5245 5244
f 5245 5247 5139
f 5139 5134 5245
f 5254 5135 5350
f 5246 5137 5141
f 5141 5249 5246
f 5247 5246 5249
f 5249 5250 5247
f 5139 5247 5250
f 5250 5142 5139
f 5254 5350 5351
f 5254 5389 5248
f 5251 5372 5373
f 5141 5140 5145
f 5145 5144 5141
f 5249 5141 5144
f 5144 5252 5249
f 5250 5249 5252
f 5252 5253 5250
f 5142 5250 5253
f 5253 5143 5142
f 5251 5373 5374
f 5374 5149 5251
f 5159 5251 5149
f 5252 5144 5147
f 5147 5255 5252
f 5253 5252 5255
f 5255 5256 5253
f 5143 5253 5256
f 5256 5148 5143
f 5389 5254 5261
f 5149 5374 5375
f 5147 5146 5376
f 5376 5257 5147
f 5255 5147 5257
f 5257 5258 5255
f 5256 5255 5258
f 5258 5259 5256
f 5148 5256 5259
f 5259 5260 5148
f 5274 5148 5260
f 5257 5376 5377
f 5377 5151 5257
f 5258 5257 5151
f 5151 5150 5258
f 5259 5258 5150
f 5150 5155 5259
f 5260 5259 5155
f 5155 5154 5260
f 5274 5260 5154
f 5149 5375 5378
f 5378 5265 5149
f 5151 5377 5379
f 5379 5152 5151
f 5155 5150 5153
f 5153 5156 5155
f 5265 5378 5380
f 5152 5379 5381
f 5381 5262 5152
f 5153 5152 5262
f 5262 5263 5153
f 5156 5153 5263
f 5263 5264 5156
f 5157 5156 5264
f 5264 5158 5157
f 5261 5352 5382
f 5382 5275 5261
f 5389 5261 5275
f 5262 5381 5383
f 5383 5266 5262
f 5263 5262 5266
f 5266 5267 5263
f 5264 5263 5267
f 5267 5268 5264
f 5158 5264 5268
f 5268 5269 5158
f 5274 5158 5269
f 5265 5380 5384
f 5384 5160 5265
f 5159 5265 5160
f 5266 5383 5385
f 5385 5270 5266
f 5267 5266 5270
f 5270 5271 5267
f 5268 5267 5271
f 5271 5272 5268
f 5269 5268 5272
f 5272 5273 5269
f 5274 5269 5273
f 5160 5384 5386
f 5270 5385 5163
f 5163 5162 5270
f 5271 5270 5162
f 5162 5276 5271
f 5272 5271 5276
f 5276 5277 5272
f 5273 5272 5277
f 5277 5165 5273
f 5274 5273 5165
f 5165 5281 5274
f 5275 5382 5353
f 5353 5278 5275
f 5389 5275 5278
f 5276 5162 5165
f 5277 5276 5165
f 5160 5386 5387
f 5387 5279 5160
f 5161 5160 5279
f 5279 5282 5161
f 5218 5116 5388
f 5220 5159 5280
f 5164 5281 5165
f 5278 5353 5389
f 5387 5282 5279
f 5283 5166 5169
f 5284 5283 5169
f 5287 5392 5390
f 5288 5391 5167
f 5167 5166 5288
f 5289 5288 5166
f 5166 5283 5289
f 5290 5289 5283
f 5283 5284 5290
f 5291 5290 5284
f 5284 5169 5291
f 5292 5291 5169
f 5169 5348 5292
f 5285 5397 5354
f 5286 5297 5285
f 5293 5393 5391
f 5391 5288 5293
f 5294 5293 5288
f 5288 5289 5294
f 5295 5294 5289
f 5289 5290 5295
f 5296 5295 5290
f 5290 5291 5296
f 5292 5296 5291
f 5397 5285 5297
f 5298 5394 5392
f 5392 5287 5298
f 5349 5298 5287
f 5299 5395 5393
f 5393 5293 5299
f 5300 5299 5293
f 5293 5294 5300
f 5301 5300 5294
f 5294 5295 5301
f 5171 5301 5295
f 5295 5296 5171
f 5292 5171 5296
f 5298 5398 5394
f 5174 5396 5395
f 5395 5299 5174
f 5175 5174 5299
f 5299 5300 5175
f 5178 5175 5300
f 5300 5301 5178
f 5170 5178 5301
f 5301 5171 5170
f 5397 5297 5307
f 5286 5307 5297
f 5398 5298 5302
f 5349 5302 5298
f 5173 5399 5396
f 5396 5174 5173
f 5177 5172 5175
f 5175 5178 5177
f 5307 5401 5397
f 5179 5402 5398
f 5398 5302 5179
f 5349 5179 5302
f 5303 5400 5399
f 5399 5173 5303
f 5304 5303 5173
f 5173 5172 5304
f 5305 5304 5172
f 5172 5177 5305
f 5306 5305 5177
f 5177 5176 5306
f 5292 5306 5176
f 5402 5179 5180
f 5184 5183 5400
f 5400 5303 5184
f 5308 5184 5303
f 5303 5304 5308
f 5309 5308 5304
f 5304 5305 5309
f 5186 5309 5305
f 5305 5306 5186
f 5292 5186 5306
f 5310 5405 5401
f 5401 5307 5310
f 5311 5310 5307
f 5307 5286 5311
f 5180 5403 5402
f 5312 5181 5184
f 5184 5308 5312
f 5313 5312 5308
f 5308 5309 5313
f 5185 5313 5309
f 5309 5186 5185
f 5180 5404 5403
f 5190 5189 5182
f 5182 5181 5190
f 5314 5190 5181
f 5181 5312 5314
f 5315 5314 5312
f 5312 5313 5315
f 5187 5315 5313
f 5313 5185 5187
f 5311 5318 5310
f 5180 5406 5404
f 5316 5188 5190
f 5190 5314 5316
f 5317 5316 5314
f 5314 5315 5317
f 5191 5317 5315
f 5315 5187 5191
f 5405 5310 5318
f 5406 5180 5319
f 5349 5319 5180
f 5193 5188 5316
f 5316 5320 5193
f 5320 5316 5317
f 5317 5321 5320
f 5321 5317 5191
f 5191 5194 5321
f 5355 5405 5318
f 5407 5406 5319
f 5197 5192 5193
f 5193 5198 5197
f 5198 5193 5320
f 5320 5322 5198
f 5322 5320 5321
f 5321 5323 5322
f 5323 5321 5194
f 5194 5195 5323
f 5408 5407 5319
f 5319 5324 5408
f 5324 5319 5349
f 5199 5198 5322
f 5322 5325 5199
f 5325 5322 5323
f 5323 5326 5325
f 5326 5323 5195
f 5195 5200 5326
f 5201 5318 5311
f 5410 5408 5324
f 5409 5196 5199
f 5199 5327 5409
f 5327 5199 5325
f 5325 5328 5327
f 5328 5325 5326
f 5326 5329 5328
f 5329 5326 5200
f 5200 5330 5329
f 5330 5200 5292
f 5411 5409 5327
f 5327 5204 5411
f 5204 5327 5328
f 5328 5205 5204
f 5205 5328 5329
f 5329 5208 5205
f 5208 5329 5330
f 5330 5209 5208
f 5209 5330 5292
f 5412 5410 5324
f 5324 5202 5412
f 5413 5411 5204
f 5204 5203 5413
f 5206 5205 5208
f 5208 5207 5206
f 5416 5412 5202
f 5415 5413 5203
f 5203 5331 5415
f 5331 5203 5206
f 5206 5332 5331
f 5332 5206 5207
f 5207 5333 5332
f 5333 5207 5210
f 5210 5211 5333
f 5420 5414 5201
f 5201 5334 5420
f 5334 5201 5311
f 5417 5415 5331
f 5331 5335 5417
f 5335 5331 5332
f 5332 5336 5335
f 5336 5332 5333
f 5333 5337 5336
f 5337 5333 5211
f 5211 5338 5337
f 5338 5211 5292
f 5418 5416 5202
f 5202 5339 5418
f 5339 5202 5349
f 5419 5417 5335
f 5335 5340 5419
f 5340 5335 5336
f 5336 5341 5340
f 5341 5336 5337
f 5337 5342 5341
f 5342 5337 5338
f 5338 5343 5342
f 5343 5338 5292
f 5421 5418 5339
f 5212 5419 5340
f 5340 5213 5212
f 5213 5340 5341
f 5341 5344 5213
f 5344 5341 5342
f 5342 5345 5344
f 5345 5342 5343
f 5343 5214 5345
f 5214 5343 5292
f 5292 5215 5214
f 5356 5420 5334
f 5334 5216 5356
f 5216 5334 5311
f 5214 5213 5344
f 5214 5344 5345
f 5423 5421 5339
f 5339 5346 5423
f 5346 5339 5349
f 5349 5347 5346
f 5168 5348 5169
f 5286 5285 5354
f 5390 5349 5287
f 5214 5215 5422
f 5311 5356 5216
f 5346 5347 5423
f 5425 5461 5609
f 5609 5424 5425
f 5426 5425 5424
f 6381 5426 5424
f 6384 5427 5440
f 6384 5428 5427
f 5428 6384 6406
f 6406 5429 5428
f 5429 6406 5670
f 5430 5429 5670
f 5670 6481 5430
f 5437 5430 6481
f 6447 5432 5431
f 5431 5438 6447
f 5433 5434 5432
f 5432 6447 5433
f 5435 5434 5433
f 5433 5755 5435
f 5436 5435 5755
f 6480 5436 5755
f 5790 5437 6481
f 5438 5439 5449
f 5438 5431 5439
f 5427 5441 5440
f 5427 5442 5441
f 5442 5427 5428
f 5428 5443 5442
f 5428 5444 5443
f 5444 5428 5429
f 5445 5444 5429
f 5446 5445 5429
f 5429 5430 5446
f 5447 5446 5430
f 5430 5437 5447
f 5448 5447 5437
f 5790 5448 5437
f 5439 5450 5449
f 5450 5439 5431
f 5431 5451 5450
f 5451 5431 5432
f 5432 5452 5451
f 5432 5453 5452
f 5453 5432 5434
f 5454 5453 5434
f 5434 5435 5454
f 5455 5454 5435
f 5435 5436 5455
f 5456 5455 5436
f 6480 5456 5436
f 5461 5425 5457
f 5458 5457 5425
f 5459 5458 5425
f 5425 5426 5459
f 5460 5459 5426
f 6381 5460 5426
f 5461 5463 5609
f 5463 5461 5462
f 5462 5464 5463
f 5464 5462 5465
f 5467 5466 5469
f 5466 5468 5469
f 6531 5469 5468
f 5468 5470 6531
f 6563 6531 5470
f 6563 5470 5471
f 5471 5482 6563
f 5482 5471 5472
f 5473 5474 5475
f 5475 6581 5473
f 5474 5476 6609
f 6609 5475 5474
f 6609 5476 5477
f 5477 5478 6609
f 5477 5480 5478
f 5480 5477 5479
f 5480 5479 5500
f 5500 5481 5480
f 5482 5472 5492
f 5975 5483 6581
f 5483 5473 6581
f 5467 5484 5466
f 5484 5485 5466
f 5468 5466 5485
f 5485 5486 5468
f 5486 5487 5468
f 5470 5468 5487
f 5470 5487 5488
f 5470 5488 5489
f 5489 5471 5470
f 5471 5489 5490
f 5490 5472 5471
f 5472 5490 5491
f 5472 5491 5492
f 5975 5493 5483
f 5473 5483 5493
f 5493 5494 5473
f 5474 5473 5494
f 5494 5495 5474
f 5495 5496 5474
f 5476 5474 5496
f 5476 5496 5497
f 5497 5477 5476
f 5477 5497 5498
f 5498 5479 5477
f 5479 5498 5499
f 5479 5499 5500
f 5461 5457 5501
f 5461 5501 5502
f 5502 5462 5461
f 5462 5502 5503
f 5462 5503 5504
f 5504 5465 5462
f 5506 6663 5505
f 6663 5506 5507
f 6663 5507 5508
f 6663 5508 5509
f 5511 5510 5513
f 5510 5512 5513
f 6678 5513 5512
f 5512 5514 6678
f 6710 6678 5514
f 6710 5514 5515
f 5515 6063 6710
f 6063 5515 5516
f 5517 5518 5519
f 5519 6728 5517
f 5518 5520 6756
f 6756 5519 5518
f 6756 5520 5521
f 5521 5523 6756
f 5523 5521 5522
f 5523 5522 5524
f 6063 5516 5525
f 6063 5525 5526
f 6158 5527 6728
f 5527 5517 6728
f 5511 5528 5510
f 5528 5529 5510
f 5512 5510 5529
f 5529 5530 5512
f 5530 5531 5512
f 5514 5512 5531
f 5514 5531 5532
f 5514 5532 5533
f 5533 5515 5514
f 5515 5533 5534
f 5534 5516 5515
f 5516 5534 5535
f 5535 5525 5516
f 5535 5526 5525
f 6158 5536 5527
f 5517 5527 5536
f 5536 5537 5517
f 5518 5517 5537
f 5537 5538 5518
f 5538 5539 5518
f 5520 5518 5539
f 5520 5539 5540
f 5540 5521 5520
f 5521 5540 5541
f 5521 5541 5542
f 5542 5522 5521
f 5542 5524 5522
f 5506 5543 5544
f 5506 5544 5545
f 5545 5507 5506
f 5507 5545 5546
f 5546 5508 5507
f 5546 5509 5508
f 5548 5506 5505
f 5505 5547 5548
f 5550 5548 5547
f 5547 5549 5550
f 6804 5550 5549
f 6807 5551 5565
f 6807 5552 5551
f 5552 6807 6829
f 6829 5553 5552
f 5553 6829 6221
f 5554 5553 6221
f 6221 6856 5554
f 5555 5554 6856
f 6871 5557 5556
f 5556 5563 6871
f 5558 5559 5557
f 5557 6871 5558
f 5560 5559 5558
f 5558 6306 5560
f 5561 5560 6306
f 6905 5561 6306
f 5562 5555 6856
f 6341 5562 6856
f 5563 5564 5574
f 5563 5556 5564
f 5551 5566 5565
f 5551 5567 5566
f 5567 5551 5552
f 5552 5568 5567
f 5552 5569 5568
f 5569 5552 5553
f 5570 5569 5553
f 5571 5570 5553
f 5553 5554 5571
f 5572 5571 5554
f 5554 5555 5572
f 5573 5572 5555
f 5555 5562 5573
f 5562 6341 5573
f 5564 5575 5574
f 5575 5564 5556
f 5556 5576 5575
f 5576 5556 5557
f 5557 5577 5576
f 5557 5578 5577
f 5578 5557 5559
f 5579 5578 5559
f 5559 5560 5579
f 5580 5579 5560
f 5581 5580 5560
f 5560 5561 5581
f 5561 6905 5581
f 5582 5543 5506
f 5506 5548 5582
f 5583 5582 5548
f 5548 5550 5583
f 5584 5583 5550
f 5585 5584 5550
f 5550 6804 5585
f 5592 5586 6376
f 6914 5597 6967
f 6915 5601 6989
f 5605 5606 7007
f 5610 5611 5612
f 5612 5613 5610
f 5614 6353 5615
f 5615 5616 5614
f 5613 5612 5617
f 5617 5618 5613
f 5618 5617 5619
f 5619 5620 5618
f 5621 5622 5623
f 5623 5624 5621
f 5620 5619 5625
f 5625 5626 5620
f 5619 5627 5628
f 5628 5625 5619
f 5626 5625 5629
f 5629 5630 5626
f 5631 5632 5633
f 5633 5634 5631
f 5635 5636 5637
f 5637 5638 5635
f 5638 5637 5591
f 5591 5639 5638
f 5640 5641 5642
f 5642 6382 5640
f 5645 5646 5665
f 5647 5648 5649
f 5649 5650 5647
f 5651 6391 6951
f 5648 5652 5653
f 5653 5649 5648
f 5654 5655 5665
f 5652 5656 5657
f 5657 5653 5652
f 5655 5658 5665
f 5656 5659 5660
f 5660 5657 5656
f 5658 5661 5665
f 5659 5662 5663
f 5663 5660 5659
f 5661 5664 5665
f 5662 5666 5667
f 5667 5663 5662
f 5664 5668 5669
f 5669 5665 5664
f 5669 5668 5671
f 5671 6917 5669
f 5672 5673 5674
f 5674 5675 5672
f 5676 5677 5678
f 5678 5679 5676
f 5679 5678 5680
f 5680 5681 5679
f 5682 5683 5684
f 5684 5685 5682
f 5681 5680 5686
f 5686 5687 5681
f 5687 5686 5688
f 5688 5689 5687
f 5689 5688 5690
f 5690 5691 5689
f 5692 5693 5694
f 5694 5695 5692
f 5695 5694 5696
f 5696 5697 5695
f 5698 5699 5700
f 5700 5701 5698
f 5697 5696 5593
f 5593 5702 5697
f 5703 5704 6959
f 6959 5705 5703
f 5706 5707 5708
f 5708 5709 5706
f 5594 5710 5707
f 5707 5706 5594
f 5711 5712 5713
f 5713 5714 5711
f 5715 5716 5712
f 5712 5711 5715
f 5716 5719 5720
f 5720 5712 5716
f 5721 5722 6959
f 5720 5723 5724
f 5724 5725 5720
f 5719 5726 5723
f 5723 5720 5719
f 5722 5727 6959
f 5726 5728 5729
f 5729 5723 5726
f 5727 5731 6959
f 5728 5732 5733
f 5733 5729 5728
f 5731 5734 6959
f 5734 5735 6959
f 5737 5738 5736
f 6959 5735 5740
f 5741 5742 5743
f 5743 5744 5741
f 6959 5745 5746
f 5744 5743 5747
f 5747 5748 5744
f 6959 5746 5749
f 5748 5747 5750
f 5750 5751 5748
f 6959 5749 5752
f 5751 5750 5753
f 5753 5754 5751
f 5754 5753 5756
f 5756 5757 5754
f 5759 5757 5760
f 5760 5761 5759
f 5757 5756 5762
f 5762 5760 5757
f 6959 5763 5764
f 5760 5762 5765
f 5765 5766 5760
f 6959 5764 5767
f 5764 5768 5769
f 5769 5767 5764
f 5770 5766 5771
f 5771 5772 5770
f 5766 5765 5773
f 5773 5771 5766
f 6959 5767 5774
f 5767 5769 5775
f 5775 5774 5767
f 5772 5771 5776
f 5776 5777 5772
f 5771 5773 5778
f 5778 5776 5771
f 6959 5774 5779
f 5774 5775 5780
f 5780 5779 5774
f 5777 5776 5781
f 5781 5782 5777
f 5776 5778 5783
f 5783 5781 5776
f 5784 5779 5780
f 5780 5786 5784
f 5782 5781 5785
f 5785 5786 5782
f 5701 5700 5789
f 5789 6484 5701
f 6481 6482 5790
f 5792 5793 5791
f 5792 5791 6924
f 5795 5796 5797
f 5797 5798 5795
f 5799 5800 5801
f 5801 5802 5799
f 5803 5795 5798
f 5798 5804 5803
f 5805 5803 5804
f 5804 5806 5805
f 5807 5808 5809
f 5809 5810 5807
f 5811 5805 5806
f 5806 5812 5811
f 5813 5814 5805
f 5805 5811 5813
f 5815 5811 5812
f 5812 5816 5815
f 5817 5818 5819
f 5819 5820 5817
f 5821 5822 5823
f 5823 5824 5821
f 5595 5821 5824
f 5824 5825 5595
f 5826 5827 5828
f 5828 6517 5826
f 5832 5830 5831
f 5833 5834 5835
f 5835 5836 5833
f 5837 5838 5834
f 5834 5833 5837
f 5832 5839 5840
f 5841 5842 5838
f 5838 5837 5841
f 5832 5843 5839
f 5844 5845 5842
f 5842 5841 5844
f 5832 5846 5843
f 5847 5848 5845
f 5845 5844 5847
f 5832 5849 5846
f 5850 6553 5848
f 5848 5847 5850
f 5851 5852 5849
f 5849 5832 5851
f 5854 5852 5851
f 5851 6925 5854
f 5855 5856 5857
f 5857 5858 5855
f 5859 5860 5861
f 5861 5862 5859
f 5863 5859 5862
f 5862 5864 5863
f 5865 5866 5867
f 5867 5868 5865
f 5869 5863 5864
f 5864 5870 5869
f 5871 5869 5870
f 5870 5872 5871
f 5873 5871 5872
f 5872 5874 5873
f 5875 5876 5877
f 5877 5878 5875
f 5879 5875 5878
f 5878 5880 5879
f 5881 5882 5883
f 5883 5884 5881
f 5598 5879 5880
f 5880 5885 5598
f 5886 5887 5976
f 5976 6980 5886
f 5888 5889 5890
f 5890 5891 5888
f 5889 5892 5599
f 5599 5890 5889
f 5893 5894 5895
f 5895 5896 5893
f 5894 5897 5898
f 5898 5895 5894
f 5899 5900 5897
f 5897 5894 5899
f 5886 5901 5902
f 5903 5904 5899
f 5899 5905 5903
f 5904 5906 5900
f 5900 5899 5904
f 5886 5907 5901
f 5908 5909 5906
f 5906 5904 5908
f 5886 5910 5907
f 5911 5912 5909
f 5909 5908 5911
f 5886 5913 5910
f 5886 5914 5913
f 5916 5917 5915
f 5918 5914 5886
f 5919 5920 5921
f 5921 5922 5919
f 5925 5926 5886
f 5927 5919 5922
f 5922 5928 5927
f 5929 5925 5886
f 5930 5927 5928
f 5928 5931 5930
f 5933 5929 5886
f 5934 5930 5931
f 5931 5935 5934
f 5936 5934 5935
f 5935 5937 5936
f 5939 5937 5940
f 5940 5941 5939
f 5942 5936 5937
f 5937 5939 5942
f 5943 5944 5886
f 5945 5942 5939
f 5939 5946 5945
f 5947 5943 5886
f 5948 5949 5943
f 5943 5947 5948
f 5950 5946 5951
f 5951 5952 5950
f 5953 5945 5946
f 5946 5950 5953
f 5955 5947 5886
f 5956 5948 5947
f 5947 5955 5956
f 5957 5950 5952
f 5952 5958 5957
f 5959 5953 5950
f 5950 5957 5959
f 5960 5955 5886
f 5961 5956 5955
f 5955 5960 5961
f 5962 5957 5958
f 5958 5963 5962
f 6621 5959 5957
f 5957 5962 6621
f 5961 5960 5965
f 5965 5966 5961
f 5967 5962 5963
f 5963 5966 5967
f 5970 5881 5884
f 5884 6623 5970
f 5492 5971 5482
f 5973 5974 5972
f 6927 5973 5972
f 5977 5978 5979
f 5979 5980 5977
f 5981 5982 5983
f 5983 5984 5981
f 5985 5977 5980
f 5980 5986 5985
f 5987 5985 5986
f 5986 5988 5987
f 5989 5990 5991
f 5991 5992 5989
f 5993 5987 5988
f 5988 5994 5993
f 5995 5996 5987
f 5987 5993 5995
f 5997 5993 5994
f 5994 5998 5997
f 5999 6000 6001
f 6001 6002 5999
f 6003 6004 6005
f 6005 6006 6003
f 5600 6003 6006
f 6006 6007 5600
f 6008 6009 6010
f 6010 6664 6008
f 6014 6012 6013
f 6015 6016 6017
f 6017 6018 6015
f 6019 6020 6016
f 6016 6015 6019
f 6014 6021 6022
f 6023 6024 6020
f 6020 6019 6023
f 6014 6025 6021
f 6026 6027 6024
f 6024 6023 6026
f 6014 6028 6025
f 6029 6030 6027
f 6027 6026 6029
f 6014 6031 6028
f 6032 6700 6030
f 6030 6029 6032
f 6033 6034 6031
f 6031 6014 6033
f 6036 6034 6033
f 6033 6929 6036
f 6037 6038 6039
f 6039 6040 6037
f 6041 6042 6043
f 6043 6044 6041
f 6045 6041 6044
f 6044 6046 6045
f 6047 6048 6049
f 6049 6050 6047
f 6051 6045 6046
f 6046 6052 6051
f 6053 6051 6052
f 6052 6054 6053
f 6055 6053 6054
f 6054 6056 6055
f 6057 6058 6059
f 6059 6060 6057
f 6061 6057 6060
f 6060 6062 6061
f 6064 6065 6066
f 6066 6067 6064
f 5602 6061 6062
f 6062 6068 5602
f 6069 6070 6159
f 6159 7002 6069
f 6071 6072 6073
f 6073 6074 6071
f 6072 6075 5603
f 5603 6073 6072
f 6076 6077 6078
f 6078 6079 6076
f 6077 6080 6081
f 6081 6078 6077
f 6082 6083 6080
f 6080 6077 6082
f 6069 6084 6085
f 6086 6087 6082
f 6082 6088 6086
f 6087 6089 6083
f 6083 6082 6087
f 6069 6090 6084
f 6091 6092 6089
f 6089 6087 6091
f 6069 6093 6090
f 6094 6095 6092
f 6092 6091 6094
f 6069 6096 6093
f 6069 6097 6096
f 6099 6100 6098
f 6101 6097 6069
f 6102 6103 6104
f 6104 6105 6102
f 6108 6109 6069
f 6110 6102 6105
f 6105 6111 6110
f 6112 6108 6069
f 6113 6110 6111
f 6111 6114 6113
f 6116 6112 6069
f 6117 6113 6114
f 6114 6118 6117
f 6119 6117 6118
f 6118 6120 6119
f 6122 6120 6123
f 6123 6124 6122
f 6125 6119 6120
f 6120 6122 6125
f 6126 6127 6069
f 6128 6125 6122
f 6122 6129 6128
f 6130 6126 6069
f 6131 6132 6126
f 6126 6130 6131
f 6133 6129 6134
f 6134 6135 6133
f 6136 6128 6129
f 6129 6133 6136
f 6138 6130 6069
f 6139 6131 6130
f 6130 6138 6139
f 6140 6133 6135
f 6135 6141 6140
f 6142 6136 6133
f 6133 6140 6142
f 6143 6138 6069
f 6144 6139 6138
f 6138 6143 6144
f 6145 6140 6141
f 6141 6146 6145
f 6768 6142 6140
f 6140 6145 6768
f 6144 6143 6148
f 6148 6149 6144
f 6150 6145 6146
f 6146 6149 6150
f 6153 6064 6067
f 6067 6770 6153
f 5526 6154 6063
f 6156 6157 6155
f 6931 6156 6155
f 6160 6161 6162
f 6162 6163 6160
f 6164 6165 6166
f 6166 6167 6164
f 6163 6162 6168
f 6168 6169 6163
f 6169 6168 6170
f 6170 6171 6169
f 6172 6173 6174
f 6174 6175 6172
f 6171 6170 6176
f 6176 6177 6171
f 6170 6178 6179
f 6179 6176 6170
f 6177 6176 6180
f 6180 6181 6177
f 6182 6183 6184
f 6184 6185 6182
f 6186 6187 6188
f 6188 6189 6186
f 6189 6188 5604
f 5604 6190 6189
f 6191 6192 6193
f 6193 6805 6191
f 6196 6197 6216
f 6198 6199 6200
f 6200 6201 6198
f 6202 6814 7011
f 6199 6203 6204
f 6204 6200 6199
f 6205 6206 6216
f 6203 6207 6208
f 6208 6204 6203
f 6206 6209 6216
f 6207 6210 6211
f 6211 6208 6207
f 6209 6212 6216
f 6210 6213 6214
f 6214 6211 6210
f 6212 6215 6216
f 6213 6217 6218
f 6218 6214 6213
f 6215 6219 6220
f 6220 6216 6215
f 6220 6219 6222
f 6222 6934 6220
f 6223 6224 6225
f 6225 6226 6223
f 6227 6228 6229
f 6229 6230 6227
f 6230 6229 6231
f 6231 6232 6230
f 6233 6234 6235
f 6235 6236 6233
f 6232 6231 6237
f 6237 6238 6232
f 6238 6237 6239
f 6239 6240 6238
f 6240 6239 6241
f 6241 6242 6240
f 6243 6244 6245
f 6245 6246 6243
f 6246 6245 6247
f 6247 6248 6246
f 6249 6250 6251
f 6251 6252 6249
f 6248 6247 5607
f 5607 6253 6248
f 6254 6255 7019
f 7019 6256 6254
f 6257 6258 6259
f 6259 6260 6257
f 5608 6261 6258
f 6258 6257 5608
f 6262 6263 6264
f 6264 6265 6262
f 6266 6267 6263
f 6263 6262 6266
f 6267 6270 6271
f 6271 6263 6267
f 6272 6273 7019
f 6271 6274 6275
f 6275 6276 6271
f 6270 6277 6274
f 6274 6271 6270
f 6273 6278 7019
f 6277 6279 6280
f 6280 6274 6277
f 6278 6282 7019
f 6279 6283 6284
f 6284 6280 6279
f 6282 6285 7019
f 6285 6286 7019
f 6288 6289 6287
f 7019 6286 6291
f 6292 6293 6294
f 6294 6295 6292
f 7019 6296 6297
f 6295 6294 6298
f 6298 6299 6295
f 7019 6297 6300
f 6299 6298 6301
f 6301 6302 6299
f 7019 6300 6303
f 6302 6301 6304
f 6304 6305 6302
f 6305 6304 6307
f 6307 6308 6305
f 6310 6308 6311
f 6311 6312 6310
f 6308 6307 6313
f 6313 6311 6308
f 7019 6314 6315
f 6311 6313 6316
f 6316 6317 6311
f 7019 6315 6318
f 6315 6319 6320
f 6320 6318 6315
f 6321 6317 6322
f 6322 6323 6321
f 6317 6316 6324
f 6324 6322 6317
f 7019 6318 6325
f 6318 6320 6326
f 6326 6325 6318
f 6323 6322 6327
f 6327 6328 6323
f 6322 6324 6329
f 6329 6327 6322
f 7019 6325 6330
f 6325 6326 6331
f 6331 6330 6325
f 6328 6327 6332
f 6332 6333 6328
f 6327 6329 6334
f 6334 6332 6327
f 6335 6330 6331
f 6331 6337 6335
f 6333 6332 6336
f 6336 6337 6333
f 6252 6251 6340
f 6340 6908 6252
f 6856 6906 6341
f 6343 6344 6342
f 6343 6342 6941
f 6942 6347 5611
f 5611 5610 6942
f 6347 6348 6349
f 6349 5611 6347
f 6348 6350 6351
f 6351 6349 6348
f 6350 6352 5614
f 5614 6351 6350
f 6353 5614 6352
f 5609 6495 6354
f 5611 6349 6356
f 6356 5612 5611
f 6349 6351 6357
f 6357 6356 6349
f 6351 5614 5616
f 5616 6357 6351
f 5609 6354 6358
f 5612 6356 6359
f 6359 5617 5612
f 6356 6357 6360
f 6360 6359 6356
f 6357 5616 5621
f 5621 6360 6357
f 5616 5615 5622
f 5622 5621 5616
f 6945 6355 6364
f 6355 6346 6943
f 6943 6364 6355
f 5617 6359 5627
f 5627 5619 5617
f 6359 6360 6361
f 6361 5627 6359
f 6360 5621 5624
f 5624 6361 6360
f 6358 5424 5609
f 5627 6361 6362
f 6362 5628 5627
f 6361 5624 5631
f 5631 6362 6361
f 5624 5623 5632
f 5632 5631 5624
f 6945 6364 6363
f 6364 6943 6944
f 5625 5628 6365
f 6365 5629 5625
f 5628 6362 6366
f 6366 6365 5628
f 6362 5631 5634
f 5634 6366 6362
f 6944 6363 6364
f 5630 5629 6367
f 6367 6946 5630
f 5629 6365 6368
f 6368 6367 5629
f 6365 6366 6369
f 6369 6368 6365
f 6366 5634 5635
f 5635 6369 6366
f 5634 5633 5636
f 5636 5635 5634
f 5424 6358 6370
f 6363 5586 6945
f 6946 6367 6371
f 6371 6947 6946
f 6367 6368 6372
f 6372 6371 6367
f 6368 6369 6373
f 6373 6372 6368
f 6369 5635 5638
f 5638 6373 6369
f 6947 6371 5641
f 5641 5640 6947
f 6371 6372 6374
f 6374 5641 6371
f 6372 6373 6375
f 6375 6374 6372
f 6373 5638 5639
f 5639 6375 6373
f 5586 6363 6376
f 6363 6944 5592
f 5592 6376 6363
f 5641 6374 6377
f 6377 5642 5641
f 6374 6375 6378
f 6378 6377 6374
f 6375 5639 6379
f 6379 6378 6375
f 5639 5591 6948
f 6948 6379 5639
f 5424 6370 6380
f 5424 6380 6381
f 6382 5642 6377
f 6377 6378 6949
f 6949 6382 6377
f 6949 6378 6379
f 6949 6379 6948
f 6384 5440 6383
f 6385 6386 5643
f 6387 6388 6386
f 6386 6385 6387
f 5787 6389 6388
f 6388 6387 5787
f 5788 6950 6389
f 6389 5787 5788
f 6383 6390 6384
f 5587 6391 6954
f 6954 6951 6391
f 6391 5587 6954
f 5643 5645 5665
f 5665 5644 5643
f 6386 6392 5645
f 5645 5643 6386
f 6388 6393 6392
f 6392 6386 6388
f 6389 6394 6393
f 6393 6388 6389
f 6950 6395 6394
f 6394 6389 6950
f 6392 6396 5646
f 5646 5645 6392
f 6393 6397 6396
f 6396 6392 6393
f 6394 5650 6397
f 6397 6393 6394
f 6395 5647 5650
f 5650 6394 6395
f 6406 6384 6390
f 5646 6398 5665
f 6396 6399 6398
f 6398 5646 6396
f 6397 6400 6399
f 6399 6396 6397
f 5650 5649 6400
f 6400 6397 5650
f 6391 5651 6954
f 6398 5654 5665
f 6399 6401 5654
f 5654 6398 6399
f 6400 6402 6401
f 6401 6399 6400
f 5649 5653 6402
f 6402 6400 5649
f 6390 6403 6406
f 6951 6952 5651
f 6401 6404 5655
f 5655 5654 6401
f 6402 6405 6404
f 6404 6401 6402
f 5653 5657 6405
f 6405 6402 5653
f 6404 6407 5658
f 5658 5655 6404
f 6405 6408 6407
f 6407 6404 6405
f 5657 5660 6408
f 6408 6405 5657
f 6403 6409 5670
f 5670 6406 6403
f 6952 6953 5651
f 6407 6410 5661
f 5661 5658 6407
f 6408 6411 6410
f 6410 6407 6408
f 5660 5663 6411
f 6411 6408 5660
f 6410 6412 5664
f 5664 5661 6410
f 6411 6413 6412
f 6412 6410 6411
f 5663 5667 6413
f 6413 6411 5663
f 6953 6916 6417
f 6417 5651 6953
f 6412 6414 5668
f 5668 5664 6412
f 6413 6415 6414
f 6414 6412 6413
f 5667 6416 6415
f 6415 6413 5667
f 6416 5667 5666
f 6954 5651 6417
f 5668 6414 6418
f 6418 5671 5668
f 6414 6415 6419
f 6419 6418 6414
f 6415 6416 5672
f 5672 6419 6415
f 6416 5666 5673
f 5673 5672 6416
f 5670 6409 6420
f 6917 5671 5677
f 5677 5676 6917
f 5671 6418 6421
f 6421 5677 5671
f 6418 6419 6422
f 6422 6421 6418
f 6419 5672 5675
f 5675 6422 6419
f 6954 6417 6428
f 6916 6428 6417
f 5677 6421 6423
f 6423 5678 5677
f 6421 6422 6424
f 6424 6423 6421
f 6422 5675 5682
f 5682 6424 6422
f 5675 5674 5683
f 5683 5682 5675
f 5670 6420 6425
f 6428 6923 6954
f 6428 6916 6955
f 5678 6423 6426
f 6426 5680 5678
f 6423 6424 6427
f 6427 6426 6423
f 6424 5682 5685
f 5685 6427 6424
f 6425 6481 5670
f 5680 6426 6429
f 6429 5686 5680
f 6426 6427 6430
f 6430 6429 6426
f 6427 5685 6431
f 6431 6430 6427
f 5685 5684 6432
f 6432 6431 5685
f 6428 6955 6956
f 5686 6429 6433
f 6433 5688 5686
f 6429 6430 6434
f 6434 6433 6429
f 6430 6431 5692
f 5692 6434 6430
f 6431 6432 5693
f 5693 5692 6431
f 6923 6428 5588
f 6956 5588 6428
f 5688 6433 6435
f 6435 5690 5688
f 6433 6434 6436
f 6436 6435 6433
f 6434 5692 5695
f 5695 6436 6434
f 6481 6425 6437
f 5691 5690 5699
f 5699 5698 5691
f 5690 6435 6438
f 6438 5699 5690
f 6435 6436 6439
f 6439 6438 6435
f 6436 5695 5697
f 5697 6439 6436
f 5588 6956 6923
f 5699 6438 6440
f 6440 5700 5699
f 6438 6439 6441
f 6441 6440 6438
f 6439 5697 5702
f 5702 6441 6439
f 6958 6957 6442
f 6442 5794 6958
f 6443 6444 5704
f 5704 5703 6443
f 5709 5708 6444
f 6444 6443 5709
f 5704 6445 6959
f 6444 6446 6445
f 6445 5704 6444
f 5708 5714 6446
f 6446 6444 5708
f 5707 5711 5714
f 5714 5708 5707
f 5710 5715 5711
f 5711 5707 5710
f 6447 5438 6486
f 6442 5718 6958
f 6957 5717 5718
f 5718 6442 6957
f 6445 6448 6959
f 6446 6449 6448
f 6448 6445 6446
f 5714 5713 6449
f 6449 6446 5714
f 6448 5721 6959
f 6449 6450 5721
f 5721 6448 6449
f 5713 5725 6450
f 6450 6449 5713
f 5712 5720 5725
f 5725 5713 5712
f 6486 6451 6447
f 6450 6452 5722
f 5722 5721 6450
f 5725 5724 6452
f 6452 6450 5725
f 6451 6453 5433
f 5433 6447 6451
f 5718 5730 6958
f 5717 6918 5730
f 5730 5718 5717
f 6452 6454 5727
f 5727 5722 6452
f 5724 6455 6454
f 6454 6452 5724
f 5723 5729 6455
f 6455 5724 5723
f 6454 6456 5731
f 5731 5727 6454
f 6455 6457 6456
f 6456 6454 6455
f 5729 5733 6457
f 6457 6455 5729
f 6456 6458 5734
f 5734 5731 6456
f 6457 6459 6458
f 6458 6456 6457
f 5733 5738 6459
f 6459 6457 5733
f 5732 5736 5738
f 5738 5733 5732
f 6453 6460 5433
f 5730 5739 6958
f 6918 6919 5739
f 5739 5730 6918
f 6458 6461 5735
f 5735 5734 6458
f 6459 6462 6461
f 6461 6458 6459
f 5738 5737 6462
f 6462 6459 5738
f 5735 6461 6463
f 6463 5740 5735
f 6461 6462 6464
f 6464 6463 6461
f 6462 5737 5741
f 5741 6464 6462
f 5737 5736 5742
f 5742 5741 5737
f 6959 5740 5745
f 5740 6463 6465
f 6465 5745 5740
f 6463 6464 6466
f 6466 6465 6463
f 6464 5741 5744
f 5744 6466 6464
f 5433 6460 6467
f 5745 6465 6468
f 6468 5746 5745
f 6465 6466 6469
f 6469 6468 6465
f 6466 5744 5748
f 5748 6469 6466
f 6467 5755 5433
f 6958 5739 6470
f 5739 6919 6920
f 6920 6470 5739
f 5746 6468 6471
f 6471 5749 5746
f 6468 6469 6472
f 6472 6471 6468
f 6469 5748 5751
f 5751 6472 6469
f 5749 6471 6473
f 6473 5752 5749
f 6471 6472 6474
f 6474 6473 6471
f 6472 5751 5754
f 5754 6474 6472
f 5755 6467 6475
f 6470 6920 5758
f 6959 5752 6476
f 5752 6473 6477
f 6477 6476 5752
f 6473 6474 5759
f 5759 6477 6473
f 6474 5754 5757
f 5757 5759 6474
f 6470 6922 6958
f 6959 6476 5763
f 6476 6477 6478
f 6478 5763 6476
f 6477 5759 5761
f 5761 6478 6477
f 5763 6478 5768
f 5768 5764 5763
f 6478 5761 5770
f 5770 5768 6478
f 5761 5760 5766
f 5766 5770 5761
f 6922 6470 6479
f 6470 5758 6921
f 6921 6479 6470
f 5768 5770 5772
f 5772 5769 5768
f 5769 5772 5777
f 5777 5775 5769
f 5755 6475 6480
f 6479 6921 6922
f 5775 5777 5782
f 5782 5780 5775
f 5779 5784 6959
f 5780 5782 5786
f 5783 5785 5781
f 6385 5643 5644
f 5644 6387 6385
f 5788 5787 6387
f 6387 5644 5788
f 6481 6437 6482
f 5700 6440 6483
f 6483 5789 5700
f 6440 6441 5793
f 5793 6483 6440
f 6441 5702 5791
f 5791 5793 6441
f 5702 5593 6924
f 6924 5791 5702
f 6484 5789 6483
f 6483 5793 5792
f 5792 6484 6483
f 5438 5449 6485
f 6485 6486 5438
f 5794 6442 6958
f 6487 6443 5703
f 6488 5709 6443
f 6443 6487 6488
f 6489 5706 5709
f 5709 6488 6489
f 6960 5594 5706
f 5706 6489 6960
f 6487 5703 5705
f 5705 6488 6487
f 6960 6489 6488
f 6488 5705 6960
f 5609 5463 6495
f 6492 6355 6945
f 6961 6346 6355
f 6355 6492 6961
f 5796 6347 6942
f 6942 5797 5796
f 6490 6348 6347
f 6347 5796 6490
f 6491 6350 6348
f 6348 6490 6491
f 5801 6352 6350
f 6350 6491 5801
f 5800 6353 6352
f 6352 5801 5800
f 6493 6490 5796
f 5796 5795 6493
f 6494 6491 6490
f 6490 6493 6494
f 5802 5801 6491
f 6491 6494 5802
f 6962 6961 6492
f 6496 6493 5795
f 5795 5803 6496
f 6497 6494 6493
f 6493 6496 6497
f 5809 5802 6494
f 6494 6497 5809
f 5808 5799 5802
f 5802 5809 5808
f 6498 6495 5463
f 6492 6501 6962
f 5814 6496 5803
f 5803 5805 5814
f 6499 6497 6496
f 6496 5814 6499
f 5810 5809 6497
f 6497 6499 5810
f 6516 6498 5463
f 6501 6492 6945
f 6963 6962 6501
f 6500 6499 5814
f 5814 5813 6500
f 5819 5810 6499
f 6499 6500 5819
f 5818 5807 5810
f 5810 5819 5818
f 6502 5813 5811
f 5811 5815 6502
f 6503 6500 5813
f 5813 6502 6503
f 5820 5819 6500
f 6500 6503 5820
f 5463 5464 6516
f 5596 6501 6945
f 6507 6963 6501
f 6504 5815 5816
f 5816 6964 6504
f 6505 6502 5815
f 5815 6504 6505
f 6506 6503 6502
f 6502 6505 6506
f 5823 5820 6503
f 6503 6506 5823
f 5822 5817 5820
f 5820 5823 5822
f 6501 5596 6507
f 6508 6504 6964
f 6964 6965 6508
f 6509 6505 6504
f 6504 6508 6509
f 6510 6506 6505
f 6505 6509 6510
f 5824 5823 6506
f 6506 6510 5824
f 6945 6507 5596
f 5827 6508 6965
f 6965 5828 5827
f 6511 6509 6508
f 6508 5827 6511
f 6512 6510 6509
f 6509 6511 6512
f 5825 5824 6510
f 6510 6512 5825
f 6513 6511 5827
f 5827 5826 6513
f 6514 6512 6511
f 6511 6513 6514
f 6515 5825 6512
f 6512 6514 6515
f 6966 5595 5825
f 5825 6515 6966
f 5465 6516 5464
f 6513 5826 6517
f 6518 6514 6513
f 6513 6517 6518
f 6515 6514 6518
f 6966 6515 6518
f 6519 5467 5469
f 5829 6520 6521
f 6520 6522 6523
f 6523 6521 6520
f 6522 6524 5968
f 5968 6523 6522
f 6524 6968 6926
f 6926 5968 6524
f 5469 6536 6519
f 6914 6532 5597
f 6532 6969 6967
f 6967 5597 6532
f 5832 5831 5829
f 5829 6978 5832
f 5831 6525 6520
f 6520 5829 5831
f 6525 6526 6522
f 6522 6520 6525
f 6526 6527 6524
f 6524 6522 6526
f 6527 6528 6968
f 6968 6524 6527
f 5830 6529 6525
f 6525 5831 5830
f 6529 6530 6526
f 6526 6525 6529
f 6530 5836 6527
f 6527 6526 6530
f 5836 5835 6528
f 6528 6527 5836
f 6536 5469 6531
f 6532 5832 6969
f 5832 6533 5830
f 6533 6534 6529
f 6529 5830 6533
f 6534 6535 6530
f 6530 6529 6534
f 6535 5833 5836
f 5836 6530 6535
f 5832 5840 6533
f 5840 6537 6534
f 6534 6533 5840
f 6537 6538 6535
f 6535 6534 6537
f 6538 5837 5833
f 5833 6535 6538
f 6531 6541 6536
f 6970 6544 6532
f 6532 6914 6970
f 5832 6532 6544
f 5839 6539 6537
f 6537 5840 5839
f 6539 6540 6538
f 6538 6537 6539
f 6540 5841 5837
f 5837 6538 6540
f 5843 6542 6539
f 6539 5839 5843
f 6542 6543 6540
f 6540 6539 6542
f 6543 5844 5841
f 5841 6540 6543
f 6563 6554 6541
f 6541 6531 6563
f 6544 6971 5832
f 5846 6545 6542
f 6542 5843 5846
f 6545 6546 6543
f 6543 6542 6545
f 6546 5847 5844
f 5844 6543 6546
f 6970 6549 6544
f 6971 6544 6549
f 5849 6547 6545
f 6545 5846 5849
f 6547 6548 6546
f 6546 6545 6547
f 6548 5850 5847
f 5847 6546 6548
f 6549 5853 6971
f 5852 6550 6547
f 6547 5849 5852
f 6550 6551 6548
f 6548 6547 6550
f 6551 6552 5850
f 5850 6548 6551
f 6553 5850 6552
f 6555 6550 5852
f 5852 5854 6555
f 6556 6551 6550
f 6550 6555 6556
f 5857 6552 6551
f 6551 6556 5857
f 5856 6553 6552
f 6552 5857 5856
f 6559 6554 6563
f 6972 5853 6549
f 6549 6560 6972
f 5860 5854 6925
f 6925 5861 5860
f 6557 6555 5854
f 5854 5860 6557
f 6558 6556 6555
f 6555 6557 6558
f 5858 5857 6556
f 6556 6558 5858
f 6560 6549 6970
f 6561 6557 5860
f 5860 5859 6561
f 6562 6558 6557
f 6557 6561 6562
f 5867 5858 6558
f 6558 6562 5867
f 5866 5855 5858
f 5858 5867 5866
f 6572 6559 6563
f 6564 6561 5859
f 5859 5863 6564
f 6565 6562 6561
f 6561 6564 6565
f 5868 5867 6562
f 6562 6565 5868
f 6563 5482 6572
f 6575 6560 6970
f 6566 6564 5863
f 5863 5869 6566
f 6567 6565 6564
f 6564 6566 6567
f 6568 5868 6565
f 6565 6567 6568
f 6569 5865 5868
f 5868 6568 6569
f 6973 6972 6560
f 6560 6575 6973
f 6570 6566 5869
f 5869 5871 6570
f 6571 6567 6566
f 6566 6570 6571
f 5877 6568 6567
f 6567 6571 5877
f 5876 6569 6568
f 6568 5877 5876
f 6573 6570 5871
f 5871 5873 6573
f 6574 6571 6570
f 6570 6573 6574
f 5878 5877 6571
f 6571 6574 5878
f 6578 6572 5482
f 5882 5873 5874
f 5874 5883 5882
f 6576 6573 5873
f 5873 5882 6576
f 6577 6574 6573
f 6573 6576 6577
f 5880 5878 6574
f 6574 6577 5880
f 5969 6575 6970
f 6970 6973 6575
f 6575 5969 6970
f 6579 6576 5882
f 5882 5881 6579
f 6580 6577 6576
f 6576 6579 6580
f 5885 5880 6577
f 6577 6580 5885
f 6625 6584 6928
f 5887 6582 6583
f 6583 5976 5887
f 6582 5888 5891
f 5891 6583 6582
f 5886 6585 5887
f 6585 6586 6582
f 6582 5887 6585
f 6586 5896 5888
f 5888 6582 6586
f 5896 5895 5889
f 5889 5888 5896
f 5895 5898 5892
f 5892 5889 5895
f 6589 6581 5475
f 6928 6592 6625
f 6592 6974 6584
f 6584 6625 6592
f 5886 6587 6585
f 6587 6588 6586
f 6586 6585 6587
f 6588 5893 5896
f 5896 6586 6588
f 5886 5902 6587
f 5902 6590 6588
f 6588 6587 5902
f 6590 5905 5893
f 5893 6588 6590
f 5905 5899 5894
f 5894 5893 5905
f 5475 6591 6589
f 5901 6593 6590
f 6590 5902 5901
f 6593 5903 5905
f 5905 6590 6593
f 6609 6598 6591
f 6591 5475 6609
f 6928 6599 6592
f 6599 6975 6974
f 6974 6592 6599
f 5907 6594 6593
f 6593 5901 5907
f 6594 6595 5903
f 5903 6593 6594
f 6595 5908 5904
f 5904 5903 6595
f 5910 6596 6594
f 6594 5907 5910
f 6596 6597 6595
f 6595 6594 6596
f 6597 5911 5908
f 5908 6595 6597
f 5913 6600 6596
f 6596 5910 5913
f 6600 6601 6597
f 6597 6596 6600
f 6601 5917 5911
f 5911 6597 6601
f 5917 5916 5912
f 5912 5911 5917
f 6609 6606 6598
f 6928 5924 6599
f 5924 5923 6975
f 6975 6599 5924
f 5914 6602 6600
f 6600 5913 5914
f 6602 6603 6601
f 6601 6600 6602
f 6603 5915 5917
f 5917 6601 6603
f 6604 6602 5914
f 5914 5918 6604
f 6605 6603 6602
f 6602 6604 6605
f 5921 5915 6603
f 6603 6605 5921
f 5920 5916 5915
f 5915 5921 5920
f 5926 5918 5886
f 6607 6604 5918
f 5918 5926 6607
f 6608 6605 6604
f 6604 6607 6608
f 5922 5921 6605
f 6605 6608 5922
f 6614 6606 6609
f 6610 6607 5926
f 5926 5925 6610
f 6611 6608 6607
f 6607 6610 6611
f 5928 5922 6608
f 6608 6611 5928
f 6609 5478 6614
f 5938 5924 6928
f 5932 5923 5924
f 5924 5938 5932
f 6612 6610 5925
f 5925 5929 6612
f 6613 6611 6610
f 6610 6612 6613
f 5931 5928 6611
f 6611 6613 5931
f 6615 6612 5929
f 5929 5933 6615
f 6616 6613 6612
f 6612 6615 6616
f 5935 5931 6613
f 6613 6616 5935
f 6619 6614 5478
f 6977 5932 5938
f 6617 5933 5886
f 6618 6615 5933
f 5933 6617 6618
f 5940 6616 6615
f 6615 6618 5940
f 5937 5935 6616
f 6616 5940 5937
f 6928 6976 5938
f 5944 6617 5886
f 6620 6618 6617
f 6617 5944 6620
f 5941 5940 6618
f 6618 6620 5941
f 5481 6619 5478
f 5949 6620 5944
f 5944 5943 5949
f 5951 5941 6620
f 6620 5949 5951
f 5946 5939 5941
f 5941 5951 5946
f 5478 5480 5481
f 5964 5938 6976
f 5954 6977 5938
f 5938 5964 5954
f 5952 5951 5949
f 5949 5948 5952
f 5958 5952 5948
f 5948 5956 5958
f 6976 5954 5964
f 5963 5958 5956
f 5956 5961 5963
f 5886 5965 5960
f 5966 5963 5961
f 5962 5967 6621
f 6978 5829 6521
f 6521 6523 6978
f 6523 5968 6926
f 6926 6978 6523
f 5971 6578 5482
f 6622 6579 5881
f 5881 5970 6622
f 5974 6580 6579
f 6579 6622 5974
f 5973 5885 6580
f 6580 5974 5973
f 6927 5598 5885
f 5885 5973 6927
f 6622 5970 6623
f 5972 5974 6622
f 6622 6623 5972
f 6624 5975 6581
f 6581 6589 6624
f 5976 6583 6626
f 6583 5891 6627
f 6627 6626 6583
f 5891 5890 6628
f 6628 6627 5891
f 5890 5599 6979
f 6979 6628 5890
f 6980 5976 6626
f 6626 6627 6980
f 6627 6628 6979
f 6979 6980 6627
f 5978 6631 6981
f 6981 5979 5978
f 6632 6633 6631
f 6631 5978 6632
f 6634 6635 6633
f 6633 6632 6634
f 5983 6636 6635
f 6635 6634 5983
f 6636 5983 5982
f 6637 6629 5505
f 6640 6630 5605
f 6630 6640 6982
f 6638 6632 5978
f 5978 5977 6638
f 6639 6634 6632
f 6632 6638 6639
f 5984 5983 6634
f 6634 6639 5984
f 6648 6637 5505
f 6641 6638 5977
f 5977 5985 6641
f 6642 6639 6638
f 6638 6641 6642
f 5991 5984 6639
f 6639 6642 5991
f 5990 5981 5984
f 5984 5991 5990
f 5605 6983 6640
f 6984 6982 6640
f 5996 6641 5985
f 5985 5987 5996
f 6643 6642 6641
f 6641 5996 6643
f 5992 5991 6642
f 6642 6643 5992
f 5505 6663 6648
f 6640 6645 6984
f 6644 6643 5996
f 5996 5995 6644
f 6001 5992 6643
f 6643 6644 6001
f 6000 5989 5992
f 5992 6001 6000
f 6645 6640 6983
f 6649 6984 6645
f 6646 5995 5993
f 5993 5997 6646
f 6647 6644 5995
f 5995 6646 6647
f 6002 6001 6644
f 6644 6647 6002
f 6650 5997 5998
f 5998 6985 6650
f 6651 6646 5997
f 5997 6650 6651
f 6652 6647 6646
f 6646 6651 6652
f 6005 6002 6647
f 6647 6652 6005
f 6004 5999 6002
f 6002 6005 6004
f 6658 6648 6663
f 6659 6645 6983
f 6987 6649 6645
f 6653 6650 6985
f 6985 6986 6653
f 6654 6651 6650
f 6650 6653 6654
f 6655 6652 6651
f 6651 6654 6655
f 6006 6005 6652
f 6652 6655 6006
f 6645 6659 6987
f 6009 6653 6986
f 6986 6010 6009
f 6656 6654 6653
f 6653 6009 6656
f 6657 6655 6654
f 6654 6656 6657
f 6007 6006 6655
f 6655 6657 6007
f 6983 6987 6659
f 6660 6656 6009
f 6009 6008 6660
f 6661 6657 6656
f 6656 6660 6661
f 6662 6007 6657
f 6657 6661 6662
f 6988 5600 6007
f 6007 6662 6988
f 5509 6658 6663
f 6660 6008 6664
f 6665 6661 6660
f 6660 6664 6665
f 6662 6661 6665
f 6988 6662 6665
f 6666 5511 5513
f 6011 6667 6668
f 6667 6669 6670
f 6670 6668 6667
f 6669 6671 6151
f 6151 6670 6669
f 6671 6990 6930
f 6930 6151 6671
f 5513 6683 6666
f 6915 6679 5601
f 6679 6991 6989
f 6989 5601 6679
f 6014 6013 6011
f 6011 7000 6014
f 6013 6672 6667
f 6667 6011 6013
f 6672 6673 6669
f 6669 6667 6672
f 6673 6674 6671
f 6671 6669 6673
f 6674 6675 6990
f 6990 6671 6674
f 6012 6676 6672
f 6672 6013 6012
f 6676 6677 6673
f 6673 6672 6676
f 6677 6018 6674
f 6674 6673 6677
f 6018 6017 6675
f 6675 6674 6018
f 6683 5513 6678
f 6679 6014 6991
f 6014 6680 6012
f 6680 6681 6676
f 6676 6012 6680
f 6681 6682 6677
f 6677 6676 6681
f 6682 6015 6018
f 6018 6677 6682
f 6014 6022 6680
f 6022 6684 6681
f 6681 6680 6022
f 6684 6685 6682
f 6682 6681 6684
f 6685 6019 6015
f 6015 6682 6685
f 6678 6688 6683
f 6992 6691 6679
f 6679 6915 6992
f 6014 6679 6691
f 6021 6686 6684
f 6684 6022 6021
f 6686 6687 6685
f 6685 6684 6686
f 6687 6023 6019
f 6019 6685 6687
f 6025 6689 6686
f 6686 6021 6025
f 6689 6690 6687
f 6687 6686 6689
f 6690 6026 6023
f 6023 6687 6690
f 6710 6701 6688
f 6688 6678 6710
f 6691 6993 6014
f 6028 6692 6689
f 6689 6025 6028
f 6692 6693 6690
f 6690 6689 6692
f 6693 6029 6026
f 6026 6690 6693
f 6992 6696 6691
f 6993 6691 6696
f 6031 6694 6692
f 6692 6028 6031
f 6694 6695 6693
f 6693 6692 6694
f 6695 6032 6029
f 6029 6693 6695
f 6696 6035 6993
f 6034 6697 6694
f 6694 6031 6034
f 6697 6698 6695
f 6695 6694 6697
f 6698 6699 6032
f 6032 6695 6698
f 6700 6032 6699
f 6702 6697 6034
f 6034 6036 6702
f 6703 6698 6697
f 6697 6702 6703
f 6039 6699 6698
f 6698 6703 6039
f 6038 6700 6699
f 6699 6039 6038
f 6706 6701 6710
f 6994 6035 6696
f 6696 6707 6994
f 6042 6036 6929
f 6929 6043 6042
f 6704 6702 6036
f 6036 6042 6704
f 6705 6703 6702
f 6702 6704 6705
f 6040 6039 6703
f 6703 6705 6040
f 6707 6696 6992
f 6708 6704 6042
f 6042 6041 6708
f 6709 6705 6704
f 6704 6708 6709
f 6049 6040 6705
f 6705 6709 6049
f 6048 6037 6040
f 6040 6049 6048
f 6719 6706 6710
f 6711 6708 6041
f 6041 6045 6711
f 6712 6709 6708
f 6708 6711 6712
f 6050 6049 6709
f 6709 6712 6050
f 6710 6063 6719
f 6722 6707 6992
f 6713 6711 6045
f 6045 6051 6713
f 6714 6712 6711
f 6711 6713 6714
f 6715 6050 6712
f 6712 6714 6715
f 6716 6047 6050
f 6050 6715 6716
f 6995 6994 6707
f 6707 6722 6995
f 6717 6713 6051
f 6051 6053 6717
f 6718 6714 6713
f 6713 6717 6718
f 6059 6715 6714
f 6714 6718 6059
f 6058 6716 6715
f 6715 6059 6058
f 6720 6717 6053
f 6053 6055 6720
f 6721 6718 6717
f 6717 6720 6721
f 6060 6059 6718
f 6718 6721 6060
f 6725 6719 6063
f 6065 6055 6056
f 6056 6066 6065
f 6723 6720 6055
f 6055 6065 6723
f 6724 6721 6720
f 6720 6723 6724
f 6062 6060 6721
f 6721 6724 6062
f 6152 6722 6992
f 6992 6995 6722
f 6722 6152 6992
f 6726 6723 6065
f 6065 6064 6726
f 6727 6724 6723
f 6723 6726 6727
f 6068 6062 6724
f 6724 6727 6068
f 6772 6731 6932
f 6070 6729 6730
f 6730 6159 6070
f 6729 6071 6074
f 6074 6730 6729
f 6069 6732 6070
f 6732 6733 6729
f 6729 6070 6732
f 6733 6079 6071
f 6071 6729 6733
f 6079 6078 6072
f 6072 6071 6079
f 6078 6081 6075
f 6075 6072 6078
f 6736 6728 5519
f 6932 6739 6772
f 6739 6996 6731
f 6731 6772 6739
f 6069 6734 6732
f 6734 6735 6733
f 6733 6732 6734
f 6735 6076 6079
f 6079 6733 6735
f 6069 6085 6734
f 6085 6737 6735
f 6735 6734 6085
f 6737 6088 6076
f 6076 6735 6737
f 6088 6082 6077
f 6077 6076 6088
f 5519 6738 6736
f 6084 6740 6737
f 6737 6085 6084
f 6740 6086 6088
f 6088 6737 6740
f 6756 6745 6738
f 6738 5519 6756
f 6932 6746 6739
f 6746 6997 6996
f 6996 6739 6746
f 6090 6741 6740
f 6740 6084 6090
f 6741 6742 6086
f 6086 6740 6741
f 6742 6091 6087
f 6087 6086 6742
f 6093 6743 6741
f 6741 6090 6093
f 6743 6744 6742
f 6742 6741 6743
f 6744 6094 6091
f 6091 6742 6744
f 6096 6747 6743
f 6743 6093 6096
f 6747 6748 6744
f 6744 6743 6747
f 6748 6100 6094
f 6094 6744 6748
f 6100 6099 6095
f 6095 6094 6100
f 6756 6753 6745
f 6932 6107 6746
f 6107 6106 6997
f 6997 6746 6107
f 6097 6749 6747
f 6747 6096 6097
f 6749 6750 6748
f 6748 6747 6749
f 6750 6098 6100
f 6100 6748 6750
f 6751 6749 6097
f 6097 6101 6751
f 6752 6750 6749
f 6749 6751 6752
f 6104 6098 6750
f 6750 6752 6104
f 6103 6099 6098
f 6098 6104 6103
f 6109 6101 6069
f 6754 6751 6101
f 6101 6109 6754
f 6755 6752 6751
f 6751 6754 6755
f 6105 6104 6752
f 6752 6755 6105
f 6761 6753 6756
f 6757 6754 6109
f 6109 6108 6757
f 6758 6755 6754
f 6754 6757 6758
f 6111 6105 6755
f 6755 6758 6111
f 6756 5523 6761
f 6121 6107 6932
f 6115 6106 6107
f 6107 6121 6115
f 6759 6757 6108
f 6108 6112 6759
f 6760 6758 6757
f 6757 6759 6760
f 6114 6111 6758
f 6758 6760 6114
f 6762 6759 6112
f 6112 6116 6762
f 6763 6760 6759
f 6759 6762 6763
f 6118 6114 6760
f 6760 6763 6118
f 6767 6761 5523
f 6999 6115 6121
f 6764 6116 6069
f 6765 6762 6116
f 6116 6764 6765
f 6123 6763 6762
f 6762 6765 6123
f 6120 6118 6763
f 6763 6123 6120
f 6932 6998 6121
f 6127 6764 6069
f 6766 6765 6764
f 6764 6127 6766
f 6124 6123 6765
f 6765 6766 6124
f 6132 6766 6127
f 6127 6126 6132
f 6134 6124 6766
f 6766 6132 6134
f 6129 6122 6124
f 6124 6134 6129
f 6147 6121 6998
f 6137 6999 6121
f 6121 6147 6137
f 6135 6134 6132
f 6132 6131 6135
f 6141 6135 6131
f 6131 6139 6141
f 5524 6767 5523
f 6998 6137 6147
f 6146 6141 6139
f 6139 6144 6146
f 6069 6148 6143
f 6149 6146 6144
f 6145 6150 6768
f 7000 6011 6668
f 6668 6670 7000
f 6670 6151 6930
f 6930 7000 6670
f 6154 6725 6063
f 6769 6726 6064
f 6064 6153 6769
f 6157 6727 6726
f 6726 6769 6157
f 6156 6068 6727
f 6727 6157 6156
f 6931 5602 6068
f 6068 6156 6931
f 6769 6153 6770
f 6155 6157 6769
f 6769 6770 6155
f 6771 6158 6728
f 6728 6736 6771
f 6159 6730 6773
f 6730 6074 6774
f 6774 6773 6730
f 6074 6073 6775
f 6775 6774 6074
f 6073 5603 7001
f 7001 6775 6073
f 7002 6159 6773
f 6773 6774 7002
f 6774 6775 7001
f 7001 7002 6774
f 6629 5547 5505
f 5605 6630 6781
f 6630 6982 7003
f 7003 6781 6630
f 6981 6631 6161
f 6161 6160 6981
f 6631 6633 6776
f 6776 6161 6631
f 6633 6635 6777
f 6777 6776 6633
f 6635 6636 6164
f 6164 6777 6635
f 6636 5982 6165
f 6165 6164 6636
f 6161 6776 6778
f 6778 6162 6161
f 6776 6777 6779
f 6779 6778 6776
f 6777 6164 6167
f 6167 6779 6777
f 5605 6781 6780
f 6781 7003 7004
f 6162 6778 6782
f 6782 6168 6162
f 6778 6779 6783
f 6783 6782 6778
f 6779 6167 6172
f 6172 6783 6779
f 6167 6166 6173
f 6173 6172 6167
f 5547 6629 6784
f 7004 6780 6781
f 6168 6782 6178
f 6178 6170 6168
f 6782 6783 6785
f 6785 6178 6782
f 6783 6172 6175
f 6175 6785 6783
f 5547 6784 6786
f 6178 6785 6787
f 6787 6179 6178
f 6785 6175 6182
f 6182 6787 6785
f 6175 6174 6183
f 6183 6182 6175
f 7004 6790 6780
f 6176 6179 6788
f 6788 6180 6176
f 6179 6787 6789
f 6789 6788 6179
f 6787 6182 6185
f 6185 6789 6787
f 5605 6780 6790
f 6790 7004 6791
f 6181 6180 6792
f 6792 7005 6181
f 6180 6788 6793
f 6793 6792 6180
f 6788 6789 6794
f 6794 6793 6788
f 6789 6185 6186
f 6186 6794 6789
f 6185 6184 6187
f 6187 6186 6185
f 7005 6792 6795
f 6795 7006 7005
f 6792 6793 6796
f 6796 6795 6792
f 6793 6794 6797
f 6797 6796 6793
f 6794 6186 6189
f 6189 6797 6794
f 6786 5549 5547
f 5605 6790 5606
f 6790 6791 7007
f 7007 5606 6790
f 7006 6795 6192
f 6192 6191 7006
f 6795 6796 6798
f 6798 6192 6795
f 6796 6797 6799
f 6799 6798 6796
f 6797 6189 6190
f 6190 6799 6797
f 5549 6786 6800
f 6192 6798 6801
f 6801 6193 6192
f 6798 6799 6802
f 6802 6801 6798
f 6799 6190 6803
f 6803 6802 6799
f 6190 5604 7008
f 7008 6803 6190
f 5549 6800 6804
f 6805 6193 6801
f 6801 6802 7009
f 7009 6805 6801
f 7009 6802 6803
f 7009 6803 7008
f 6807 5565 6806
f 6808 6809 6194
f 6810 6811 6809
f 6809 6808 6810
f 6338 6812 6811
f 6811 6810 6338
f 6339 7010 6812
f 6812 6338 6339
f 6806 6813 6807
f 5589 6814 7014
f 7014 7011 6814
f 6814 5589 7014
f 6194 6196 6216
f 6216 6195 6194
f 6809 6815 6196
f 6196 6194 6809
f 6811 6816 6815
f 6815 6809 6811
f 6812 6817 6816
f 6816 6811 6812
f 7010 6818 6817
f 6817 6812 7010
f 6815 6819 6197
f 6197 6196 6815
f 6816 6820 6819
f 6819 6815 6816
f 6817 6201 6820
f 6820 6816 6817
f 6818 6198 6201
f 6201 6817 6818
f 6829 6807 6813
f 6197 6821 6216
f 6819 6822 6821
f 6821 6197 6819
f 6820 6823 6822
f 6822 6819 6820
f 6201 6200 6823
f 6823 6820 6201
f 6814 6202 7014
f 6821 6205 6216
f 6822 6824 6205
f 6205 6821 6822
f 6823 6825 6824
f 6824 6822 6823
f 6200 6204 6825
f 6825 6823 6200
f 6813 6826 6829
f 7011 7012 6202
f 6824 6827 6206
f 6206 6205 6824
f 6825 6828 6827
f 6827 6824 6825
f 6204 6208 6828
f 6828 6825 6204
f 6827 6830 6209
f 6209 6206 6827
f 6828 6831 6830
f 6830 6827 6828
f 6208 6211 6831
f 6831 6828 6208
f 6826 6832 6221
f 6221 6829 6826
f 7012 7013 6202
f 6830 6833 6212
f 6212 6209 6830
f 6831 6834 6833
f 6833 6830 6831
f 6211 6214 6834
f 6834 6831 6211
f 6833 6835 6215
f 6215 6212 6833
f 6834 6836 6835
f 6835 6833 6834
f 6214 6218 6836
f 6836 6834 6214
f 7013 6933 6840
f 6840 6202 7013
f 6835 6837 6219
f 6219 6215 6835
f 6836 6838 6837
f 6837 6835 6836
f 6218 6839 6838
f 6838 6836 6218
f 6839 6218 6217
f 7014 6202 6840
f 6219 6837 6841
f 6841 6222 6219
f 6837 6838 6842
f 6842 6841 6837
f 6838 6839 6223
f 6223 6842 6838
f 6839 6217 6224
f 6224 6223 6839
f 6221 6832 6843
f 6934 6222 6228
f 6228 6227 6934
f 6222 6841 6844
f 6844 6228 6222
f 6841 6842 6845
f 6845 6844 6841
f 6842 6223 6226
f 6226 6845 6842
f 7014 6840 6851
f 6933 6851 6840
f 6228 6844 6846
f 6846 6229 6228
f 6844 6845 6847
f 6847 6846 6844
f 6845 6226 6233
f 6233 6847 6845
f 6226 6225 6234
f 6234 6233 6226
f 6221 6843 6848
f 6851 6940 7014
f 6851 6933 7015
f 6229 6846 6849
f 6849 6231 6229
f 6846 6847 6850
f 6850 6849 6846
f 6847 6233 6236
f 6236 6850 6847
f 6848 6856 6221
f 6231 6849 6852
f 6852 6237 6231
f 6849 6850 6853
f 6853 6852 6849
f 6850 6236 6854
f 6854 6853 6850
f 6236 6235 6855
f 6855 6854 6236
f 6851 7015 7016
f 6237 6852 6857
f 6857 6239 6237
f 6852 6853 6858
f 6858 6857 6852
f 6853 6854 6243
f 6243 6858 6853
f 6854 6855 6244
f 6244 6243 6854
f 6940 6851 5590
f 7016 5590 6851
f 6239 6857 6859
f 6859 6241 6239
f 6857 6858 6860
f 6860 6859 6857
f 6858 6243 6246
f 6246 6860 6858
f 6856 6848 6861
f 6242 6241 6250
f 6250 6249 6242
f 6241 6859 6862
f 6862 6250 6241
f 6859 6860 6863
f 6863 6862 6859
f 6860 6246 6248
f 6248 6863 6860
f 5590 7016 6940
f 6250 6862 6864
f 6864 6251 6250
f 6862 6863 6865
f 6865 6864 6862
f 6863 6248 6253
f 6253 6865 6863
f 7018 7017 6866
f 6866 6345 7018
f 6867 6868 6255
f 6255 6254 6867
f 6260 6259 6868
f 6868 6867 6260
f 6255 6869 7019
f 6868 6870 6869
f 6869 6255 6868
f 6259 6265 6870
f 6870 6868 6259
f 6258 6262 6265
f 6265 6259 6258
f 6261 6266 6262
f 6262 6258 6261
f 6871 5563 6910
f 6866 6269 7018
f 7017 6268 6269
f 6269 6866 7017
f 6869 6872 7019
f 6870 6873 6872
f 6872 6869 6870
f 6265 6264 6873
f 6873 6870 6265
f 6872 6272 7019
f 6873 6874 6272
f 6272 6872 6873
f 6264 6276 6874
f 6874 6873 6264
f 6263 6271 6276
f 6276 6264 6263
f 6910 6875 6871
f 6874 6876 6273
f 6273 6272 6874
f 6276 6275 6876
f 6876 6874 6276
f 6875 6877 5558
f 5558 6871 6875
f 6269 6281 7018
f 6268 6935 6281
f 6281 6269 6268
f 6876 6878 6278
f 6278 6273 6876
f 6275 6879 6878
f 6878 6876 6275
f 6274 6280 6879
f 6879 6275 6274
f 6878 6880 6282
f 6282 6278 6878
f 6879 6881 6880
f 6880 6878 6879
f 6280 6284 6881
f 6881 6879 6280
f 6880 6882 6285
f 6285 6282 6880
f 6881 6883 6882
f 6882 6880 6881
f 6284 6289 6883
f 6883 6881 6284
f 6283 6287 6289
f 6289 6284 6283
f 6877 6884 5558
f 6281 6290 7018
f 6935 6936 6290
f 6290 6281 6935
f 6882 6885 6286
f 6286 6285 6882
f 6883 6886 6885
f 6885 6882 6883
f 6289 6288 6886
f 6886 6883 6289
f 6286 6885 6887
f 6887 6291 6286
f 6885 6886 6888
f 6888 6887 6885
f 6886 6288 6292
f 6292 6888 6886
f 6288 6287 6293
f 6293 6292 6288
f 7019 6291 6296
f 6291 6887 6889
f 6889 6296 6291
f 6887 6888 6890
f 6890 6889 6887
f 6888 6292 6295
f 6295 6890 6888
f 5558 6884 6891
f 6296 6889 6892
f 6892 6297 6296
f 6889 6890 6893
f 6893 6892 6889
f 6890 6295 6299
f 6299 6893 6890
f 6891 6306 5558
f 7018 6290 6894
f 6290 6936 6937
f 6937 6894 6290
f 6297 6892 6895
f 6895 6300 6297
f 6892 6893 6896
f 6896 6895 6892
f 6893 6299 6302
f 6302 6896 6893
f 6300 6895 6897
f 6897 6303 6300
f 6895 6896 6898
f 6898 6897 6895
f 6896 6302 6305
f 6305 6898 6896
f 6306 6891 6899
f 6894 6937 6309
f 7019 6303 6900
f 6303 6897 6901
f 6901 6900 6303
f 6897 6898 6310
f 6310 6901 6897
f 6898 6305 6308
f 6308 6310 6898
f 6894 6939 7018
f 7019 6900 6314
f 6900 6901 6902
f 6902 6314 6900
f 6901 6310 6312
f 6312 6902 6901
f 6306 6899 6903
f 6314 6902 6319
f 6319 6315 6314
f 6902 6312 6321
f 6321 6319 6902
f 6312 6311 6317
f 6317 6321 6312
f 6939 6894 6904
f 6894 6309 6938
f 6938 6904 6894
f 6319 6321 6323
f 6323 6320 6319
f 6320 6323 6328
f 6328 6326 6320
f 6306 6903 6905
f 6904 6938 6939
f 6326 6328 6333
f 6333 6331 6326
f 6330 6335 7019
f 6331 6333 6337
f 6334 6336 6332
f 6808 6194 6195
f 6195 6810 6808
f 6339 6338 6810
f 6810 6195 6339
f 6856 6861 6906
f 6251 6864 6907
f 6907 6340 6251
f 6864 6865 6344
f 6344 6907 6864
f 6865 6253 6342
f 6342 6344 6865
f 6253 5607 6941
f 6941 6342 6253
f 6908 6340 6907
f 6907 6344 6343
f 6343 6908 6907
f 5563 5574 6909
f 6909 6910 5563
f 6345 6866 7018
f 6911 6867 6254
f 6912 6260 6867
f 6867 6911 6912
f 6913 6257 6260
f 6260 6912 6913
f 7020 5608 6257
f 6257 6913 7020
f 6911 6254 6256
f 6256 6912 6911
f 7020 6913 6912
f 6912 6256 7020
